prototype	web	canonical	readable	confidence	evidence	semantic_type	type_confidence	type_evidence
0	1	v0_1	region	STRUCTURAL	exact engine global gRegion	Region	EXACT_EXPORT	exact engine global gRegion
0	4	v0_4	isGameModeInProgress	STRUCTURAL	call result of IsGameModeInProgress	boolean	CORPUS_CATALOG	semantic-sdk:lua:method:RegionOrEngineObject:IsMaster; confidence=OBSERVED_STABLE_SHAPE; status=CATALOG_ONLY; evidence=; result of IsMaster
0	6	v0_6	isGameModeInProgressValue	STRUCTURAL	field read IsGameModeInProgress			
1	0	v1_0	region	STRUCTURAL	exact engine global gRegion	Region	EXACT_EXPORT	exact engine global gRegion
1	2	v1_2	isNull	API_CONTRACT	semantic-sdk:lua:global_function:_GLOBAL:IsNull; confidence=STOCK_BYTECODE; status=CONFIRMED; evidence=WF-STOCK-BARD-BOXLOOP; result of IsNull	boolean	API_CONTRACT	semantic-sdk:lua:global_function:_GLOBAL:IsNull; confidence=STOCK_BYTECODE; status=CONFIRMED; evidence=WF-STOCK-BARD-BOXLOOP; result of IsNull
1	3	v1_3	region2	STRUCTURAL	exact engine global gRegion	Region	EXACT_EXPORT	exact engine global gRegion
1	6	v1_6	humanPlayers	STRUCTURAL	call result of GetHumanPlayers			
1	11	v1_11	isFirstTimeInNodeValue	STRUCTURAL	field read IsFirstTimeInNode			
1	13	v1_13	isFirstTimeInNode	STRUCTURAL	call result of IsFirstTimeInNode			
2	4	v2_4	mission	STRUCTURAL	call result of GetMission			
2	5	v2_5	periodicMissionTagValue	STRUCTURAL	field read periodicMissionTag			
2	7	v2_7	eLITE_ALERT_PERIODIC_MISSION_TAGValue	STRUCTURAL	field read ELITE_ALERT_PERIODIC_MISSION_TAG			
2	11	v2_11	mission2	STRUCTURAL	call result of GetMission			
2	12	v2_12	periodicMissionTagValue2	STRUCTURAL	field read periodicMissionTag			
2	14	v2_14	eLITE_ALERT_PERIODIC_MISSION_TAG_ALTValue	STRUCTURAL	field read ELITE_ALERT_PERIODIC_MISSION_TAG_ALT			
3	0	p3_0	engineObject	CORPUS_CATALOG	semantic-sdk:lua:method:EngineObject:IsA; confidence=OBSERVED_VARIABLE_OR_OPEN; status=CATALOG_ONLY; evidence=; receiver of IsA	EngineObject	CORPUS_CATALOG	semantic-sdk:lua:method:EngineObject:IsA; confidence=OBSERVED_VARIABLE_OR_OPEN; status=CATALOG_ONLY; evidence=; receiver of IsA
3	4	v3_4	isA	CORPUS_CATALOG	semantic-sdk:lua:method:EngineObject:IsA; confidence=OBSERVED_VARIABLE_OR_OPEN; status=CATALOG_ONLY; evidence=; result of IsA	boolean	CORPUS_CATALOG	semantic-sdk:lua:method:EngineObject:IsA; confidence=OBSERVED_VARIABLE_OR_OPEN; status=CATALOG_ONLY; evidence=; result of IsA
3	7	v3_7	isHoverboard	STRUCTURAL	call result of IsHoverboard			
3	10	v3_10	rider	STRUCTURAL	call result of GetRider			
3	13	v3_13	rider2	STRUCTURAL	call result of GetRider			
3	14	v3_14	rider3	STRUCTURAL	call result of GetRider			
3	15	v3_15	rider4	STRUCTURAL	call result of GetRider			
4	2	v4_2	value	API_CONTRACT	semantic-sdk:lua:global_function:_GLOBAL:IsNull; confidence=STOCK_BYTECODE; status=CONFIRMED; evidence=WF-STOCK-BARD-BOXLOOP; argument 0 of IsNull			
4	4	v4_4	isNull	API_CONTRACT	semantic-sdk:lua:global_function:_GLOBAL:IsNull; confidence=STOCK_BYTECODE; status=CONFIRMED; evidence=WF-STOCK-BARD-BOXLOOP; result of IsNull	boolean	API_CONTRACT	semantic-sdk:lua:global_function:_GLOBAL:IsNull; confidence=STOCK_BYTECODE; status=CONFIRMED; evidence=WF-STOCK-BARD-BOXLOOP; result of IsNull
4	5	v4_5	region	STRUCTURAL	exact engine global gRegion	Region	EXACT_EXPORT	exact engine global gRegion
4	8	v4_8	humanPlayerAvatars	STRUCTURAL	call result of GetHumanPlayerAvatars			
4	11	v4_11	ipairs1	STRUCTURAL	call result of ipairs			
4	12	v4_12	ipairs2	STRUCTURAL	call result of ipairs			
4	13	v4_13	ipairs3	STRUCTURAL	call result of ipairs			
4	16	v4_16	playerHandle	API_CONTRACT	semantic-sdk:lua:method:Avatar:GetPlayer; confidence=LIVE_CONFIRMED; status=CONFIRMED; evidence=WF-LIVE-MALLET-2026-08-23; result of GetPlayer	PlayerHandle|unknown	API_CONTRACT	semantic-sdk:lua:method:Avatar:GetPlayer; confidence=LIVE_CONFIRMED; status=CONFIRMED; evidence=WF-LIVE-MALLET-2026-08-23; result of GetPlayer
4	17	v4_17	playerHandle2	API_CONTRACT	semantic-sdk:lua:method:Avatar:GetPlayer; confidence=LIVE_CONFIRMED; status=CONFIRMED; evidence=WF-LIVE-MALLET-2026-08-23; result of GetPlayer	PlayerHandle|unknown	API_CONTRACT	semantic-sdk:lua:method:Avatar:GetPlayer; confidence=LIVE_CONFIRMED; status=CONFIRMED; evidence=WF-LIVE-MALLET-2026-08-23; result of GetPlayer
4	18	v4_18	playerHandle3	API_CONTRACT	semantic-sdk:lua:method:Avatar:GetPlayer; confidence=LIVE_CONFIRMED; status=CONFIRMED; evidence=WF-LIVE-MALLET-2026-08-23; result of GetPlayer	PlayerHandle|unknown	API_CONTRACT	semantic-sdk:lua:method:Avatar:GetPlayer; confidence=LIVE_CONFIRMED; status=CONFIRMED; evidence=WF-LIVE-MALLET-2026-08-23; result of GetPlayer
4	19	v4_19	playerHandle4	API_CONTRACT	semantic-sdk:lua:method:Avatar:GetPlayer; confidence=LIVE_CONFIRMED; status=CONFIRMED; evidence=WF-LIVE-MALLET-2026-08-23; result of GetPlayer	PlayerHandle|unknown	API_CONTRACT	semantic-sdk:lua:method:Avatar:GetPlayer; confidence=LIVE_CONFIRMED; status=CONFIRMED; evidence=WF-LIVE-MALLET-2026-08-23; result of GetPlayer
4	21	v4_21	isNull2	API_CONTRACT	semantic-sdk:lua:global_function:_GLOBAL:IsNull; confidence=STOCK_BYTECODE; status=CONFIRMED; evidence=WF-STOCK-BARD-BOXLOOP; result of IsNull	boolean	API_CONTRACT	semantic-sdk:lua:global_function:_GLOBAL:IsNull; confidence=STOCK_BYTECODE; status=CONFIRMED; evidence=WF-STOCK-BARD-BOXLOOP; result of IsNull
4	24	v4_24	playerHandle5	API_CONTRACT	semantic-sdk:lua:method:Avatar:GetPlayer; confidence=LIVE_CONFIRMED; status=CONFIRMED; evidence=WF-LIVE-MALLET-2026-08-23; result of GetPlayer	PlayerHandle|unknown	API_CONTRACT	semantic-sdk:lua:method:Avatar:GetPlayer; confidence=LIVE_CONFIRMED; status=CONFIRMED; evidence=WF-LIVE-MALLET-2026-08-23; result of GetPlayer
4	27	v4_27	isActive	CORPUS_CATALOG	semantic-sdk:lua:method:AbilityOrEngineObject:IsActive; confidence=OBSERVED_STABLE_SHAPE; status=CATALOG_ONLY; evidence=; result of IsActive	boolean	CORPUS_CATALOG	semantic-sdk:lua:method:AbilityOrEngineObject:IsActive; confidence=OBSERVED_STABLE_SHAPE; status=CATALOG_ONLY; evidence=; result of IsActive
4	31	v4_31	isA	CORPUS_CATALOG	semantic-sdk:lua:method:EngineObject:IsA; confidence=OBSERVED_VARIABLE_OR_OPEN; status=CATALOG_ONLY; evidence=; result of IsA	boolean	CORPUS_CATALOG	semantic-sdk:lua:method:EngineObject:IsA; confidence=OBSERVED_VARIABLE_OR_OPEN; status=CATALOG_ONLY; evidence=; result of IsA
4	34	v4_34	isHoverboard	STRUCTURAL	call result of IsHoverboard			
4	37	v4_37	rider	STRUCTURAL	call result of GetRider			
4	40	v4_40	rider2	STRUCTURAL	call result of GetRider	Avatar	CORPUS_CATALOG	semantic-sdk:lua:method:Avatar:InventoryControl; confidence=OBSERVED_STABLE_ARGS; status=CATALOG_ONLY; evidence=; receiver of InventoryControl
4	43	v4_43	inventoryControl	CORPUS_CATALOG	semantic-sdk:lua:method:Avatar:InventoryControl; confidence=OBSERVED_STABLE_ARGS; status=CATALOG_ONLY; evidence=; result of InventoryControl	InventoryControl	CORPUS_CATALOG	semantic-sdk:lua:method:Avatar:InventoryControl; confidence=OBSERVED_STABLE_ARGS; status=CATALOG_ONLY; evidence=; result of InventoryControl
4	49	v4_49	avatar	API_CONTRACT	semantic-sdk:lua:method:Avatar:GetPlayer; confidence=LIVE_CONFIRMED; status=CONFIRMED; evidence=WF-LIVE-MALLET-2026-08-23; receiver of GetPlayer	Avatar	API_CONTRACT	semantic-sdk:lua:method:Avatar:GetPlayer; confidence=LIVE_CONFIRMED; status=CONFIRMED; evidence=WF-LIVE-MALLET-2026-08-23; receiver of GetPlayer
5	0	p5_0	engineObject	CORPUS_CATALOG	semantic-sdk:lua:method:EngineObject:SetVisibility; confidence=OBSERVED_VARIABLE_OR_OPEN; status=CATALOG_ONLY; evidence=; receiver of SetVisibility	EngineObject	CORPUS_CATALOG	semantic-sdk:lua:method:EngineObject:SetVisibility; confidence=OBSERVED_VARIABLE_OR_OPEN; status=CATALOG_ONLY; evidence=; receiver of SetVisibility
5	10	v5_10	ipairs1	STRUCTURAL	call result of ipairs			
5	11	v5_11	ipairs2	STRUCTURAL	call result of ipairs			
5	12	v5_12	ipairs3	STRUCTURAL	call result of ipairs			
5	13	v5_13	value	API_CONTRACT	semantic-sdk:lua:global_function:_GLOBAL:IsNull; confidence=STOCK_BYTECODE; status=CONFIRMED; evidence=WF-STOCK-BARD-BOXLOOP; argument 0 of IsNull			
5	15	v5_15	isNull	API_CONTRACT	semantic-sdk:lua:global_function:_GLOBAL:IsNull; confidence=STOCK_BYTECODE; status=CONFIRMED; evidence=WF-STOCK-BARD-BOXLOOP; result of IsNull	boolean	API_CONTRACT	semantic-sdk:lua:global_function:_GLOBAL:IsNull; confidence=STOCK_BYTECODE; status=CONFIRMED; evidence=WF-STOCK-BARD-BOXLOOP; result of IsNull
5	22	v5_22	ipairs12	STRUCTURAL	call result of ipairs			
5	23	v5_23	ipairs22	STRUCTURAL	call result of ipairs			
5	24	v5_24	ipairs32	STRUCTURAL	call result of ipairs			
5	25	v5_25	value2	API_CONTRACT	semantic-sdk:lua:global_function:_GLOBAL:IsNull; confidence=STOCK_BYTECODE; status=CONFIRMED; evidence=WF-STOCK-BARD-BOXLOOP; argument 0 of IsNull			
5	27	v5_27	isNull2	API_CONTRACT	semantic-sdk:lua:global_function:_GLOBAL:IsNull; confidence=STOCK_BYTECODE; status=CONFIRMED; evidence=WF-STOCK-BARD-BOXLOOP; result of IsNull	boolean	API_CONTRACT	semantic-sdk:lua:global_function:_GLOBAL:IsNull; confidence=STOCK_BYTECODE; status=CONFIRMED; evidence=WF-STOCK-BARD-BOXLOOP; result of IsNull
5	38	v5_38	ipairs13	STRUCTURAL	call result of ipairs			
5	39	v5_39	ipairs23	STRUCTURAL	call result of ipairs			
5	40	v5_40	ipairs33	STRUCTURAL	call result of ipairs			
5	41	v5_41	value3	API_CONTRACT	semantic-sdk:lua:global_function:_GLOBAL:IsNull; confidence=STOCK_BYTECODE; status=CONFIRMED; evidence=WF-STOCK-BARD-BOXLOOP; argument 0 of IsNull			
5	43	v5_43	isNull3	API_CONTRACT	semantic-sdk:lua:global_function:_GLOBAL:IsNull; confidence=STOCK_BYTECODE; status=CONFIRMED; evidence=WF-STOCK-BARD-BOXLOOP; result of IsNull	boolean	API_CONTRACT	semantic-sdk:lua:global_function:_GLOBAL:IsNull; confidence=STOCK_BYTECODE; status=CONFIRMED; evidence=WF-STOCK-BARD-BOXLOOP; result of IsNull
5	50	v5_50	ipairs14	STRUCTURAL	call result of ipairs			
5	51	v5_51	ipairs24	STRUCTURAL	call result of ipairs			
5	52	v5_52	ipairs34	STRUCTURAL	call result of ipairs			
5	53	v5_53	value4	API_CONTRACT	semantic-sdk:lua:global_function:_GLOBAL:IsNull; confidence=STOCK_BYTECODE; status=CONFIRMED; evidence=WF-STOCK-BARD-BOXLOOP; argument 0 of IsNull			
5	55	v5_55	isNull4	API_CONTRACT	semantic-sdk:lua:global_function:_GLOBAL:IsNull; confidence=STOCK_BYTECODE; status=CONFIRMED; evidence=WF-STOCK-BARD-BOXLOOP; result of IsNull	boolean	API_CONTRACT	semantic-sdk:lua:global_function:_GLOBAL:IsNull; confidence=STOCK_BYTECODE; status=CONFIRMED; evidence=WF-STOCK-BARD-BOXLOOP; result of IsNull
6	0	p6_0	avatarOrEntity	CORPUS_CATALOG	semantic-sdk:lua:method:AvatarOrEntity:GetPosition; confidence=OBSERVED_STABLE_ARGS; status=CATALOG_ONLY; evidence=; receiver of GetPosition	AvatarOrEntity	CORPUS_CATALOG	semantic-sdk:lua:method:AvatarOrEntity:GetPosition; confidence=OBSERVED_STABLE_ARGS; status=CATALOG_ONLY; evidence=; receiver of GetPosition
6	1	p6_1	avatarOrEntity2	API_CONTRACT	semantic-sdk:lua:method:AvatarOrEntity:GetAllAttachments; confidence=STOCK_BYTECODE; status=CONFIRMED; evidence=WF-R5-CALLSHAPE-CORPUS;WF-R5-DIFFERENTIAL-V3; receiver of GetAllAttachments	AvatarOrEntity	API_CONTRACT	semantic-sdk:lua:method:AvatarOrEntity:GetAllAttachments; confidence=STOCK_BYTECODE; status=CONFIRMED; evidence=WF-R5-CALLSHAPE-CORPUS;WF-R5-DIFFERENTIAL-V3; receiver of GetAllAttachments
6	2	v6_2	region	STRUCTURAL	exact engine global gRegion	Region	EXACT_EXPORT	exact engine global gRegion
6	6	v6_6	vector3	CORPUS_CATALOG	semantic-sdk:lua:method:AvatarOrEntity:GetPosition; confidence=OBSERVED_STABLE_ARGS; status=CATALOG_ONLY; evidence=; result of GetPosition	Vector3	CORPUS_CATALOG	semantic-sdk:lua:method:AvatarOrEntity:GetPosition; confidence=OBSERVED_STABLE_ARGS; status=CATALOG_ONLY; evidence=; result of GetPosition
6	7	v6_7	vector32	CORPUS_CATALOG	semantic-sdk:lua:method:AvatarOrEntity:GetPosition; confidence=OBSERVED_STABLE_ARGS; status=CATALOG_ONLY; evidence=; result of GetPosition	Vector3	CORPUS_CATALOG	semantic-sdk:lua:method:AvatarOrEntity:GetPosition; confidence=OBSERVED_STABLE_ARGS; status=CATALOG_ONLY; evidence=; result of GetPosition
6	8	v6_8	vector33	CORPUS_CATALOG	semantic-sdk:lua:method:AvatarOrEntity:GetPosition; confidence=OBSERVED_STABLE_ARGS; status=CATALOG_ONLY; evidence=; result of GetPosition	Vector3	CORPUS_CATALOG	semantic-sdk:lua:method:AvatarOrEntity:GetPosition; confidence=OBSERVED_STABLE_ARGS; status=CATALOG_ONLY; evidence=; result of GetPosition
6	9	v6_9	vector34	CORPUS_CATALOG	semantic-sdk:lua:method:AvatarOrEntity:GetPosition; confidence=OBSERVED_STABLE_ARGS; status=CATALOG_ONLY; evidence=; result of GetPosition	Vector3	CORPUS_CATALOG	semantic-sdk:lua:method:AvatarOrEntity:GetPosition; confidence=OBSERVED_STABLE_ARGS; status=CATALOG_ONLY; evidence=; result of GetPosition
6	10	v6_10	vector35	CORPUS_CATALOG	semantic-sdk:lua:method:AvatarOrEntity:GetPosition; confidence=OBSERVED_STABLE_ARGS; status=CATALOG_ONLY; evidence=; result of GetPosition	Vector3	CORPUS_CATALOG	semantic-sdk:lua:method:AvatarOrEntity:GetPosition; confidence=OBSERVED_STABLE_ARGS; status=CATALOG_ONLY; evidence=; result of GetPosition
6	11	v6_11	vector36	CORPUS_CATALOG	semantic-sdk:lua:method:AvatarOrEntity:GetPosition; confidence=OBSERVED_STABLE_ARGS; status=CATALOG_ONLY; evidence=; result of GetPosition	Vector3	CORPUS_CATALOG	semantic-sdk:lua:method:AvatarOrEntity:GetPosition; confidence=OBSERVED_STABLE_ARGS; status=CATALOG_ONLY; evidence=; result of GetPosition
6	12	v6_12	vector37	CORPUS_CATALOG	semantic-sdk:lua:method:AvatarOrEntity:GetPosition; confidence=OBSERVED_STABLE_ARGS; status=CATALOG_ONLY; evidence=; result of GetPosition	Vector3	CORPUS_CATALOG	semantic-sdk:lua:method:AvatarOrEntity:GetPosition; confidence=OBSERVED_STABLE_ARGS; status=CATALOG_ONLY; evidence=; result of GetPosition
6	15	v6_15	nearestTagged	STRUCTURAL	call result of FindNearestTagged	EngineObject	CORPUS_CATALOG	semantic-sdk:lua:method:EngineObject:IsEnabled; confidence=OBSERVED_STABLE_SHAPE; status=CATALOG_ONLY; evidence=; receiver of IsEnabled
6	16	v6_16	filter	API_CONTRACT	semantic-sdk:lua:method:AvatarOrEntity:GetAllAttachments; confidence=STOCK_BYTECODE; status=CONFIRMED; evidence=WF-R5-CALLSHAPE-CORPUS;WF-R5-DIFFERENTIAL-V3; argument 0 of GetAllAttachments	opaque	API_CONTRACT	semantic-sdk:lua:method:AvatarOrEntity:GetAllAttachments; confidence=STOCK_BYTECODE; status=CONFIRMED; evidence=WF-R5-CALLSHAPE-CORPUS;WF-R5-DIFFERENTIAL-V3; argument type 0 of GetAllAttachments
6	19	v6_19	list_like_table	API_CONTRACT	semantic-sdk:lua:method:AvatarOrEntity:GetAllAttachments; confidence=STOCK_BYTECODE; status=CONFIRMED; evidence=WF-R5-CALLSHAPE-CORPUS;WF-R5-DIFFERENTIAL-V3; result of GetAllAttachments	list_like_table	API_CONTRACT	semantic-sdk:lua:method:AvatarOrEntity:GetAllAttachments; confidence=STOCK_BYTECODE; status=CONFIRMED; evidence=WF-R5-CALLSHAPE-CORPUS;WF-R5-DIFFERENTIAL-V3; result of GetAllAttachments
6	20	v6_20	filter2	API_CONTRACT	semantic-sdk:lua:method:AvatarOrEntity:GetAllAttachments; confidence=STOCK_BYTECODE; status=CONFIRMED; evidence=WF-R5-CALLSHAPE-CORPUS;WF-R5-DIFFERENTIAL-V3; argument 0 of GetAllAttachments	opaque	API_CONTRACT	semantic-sdk:lua:method:AvatarOrEntity:GetAllAttachments; confidence=STOCK_BYTECODE; status=CONFIRMED; evidence=WF-R5-CALLSHAPE-CORPUS;WF-R5-DIFFERENTIAL-V3; argument type 0 of GetAllAttachments
6	23	v6_23	list_like_table2	API_CONTRACT	semantic-sdk:lua:method:AvatarOrEntity:GetAllAttachments; confidence=STOCK_BYTECODE; status=CONFIRMED; evidence=WF-R5-CALLSHAPE-CORPUS;WF-R5-DIFFERENTIAL-V3; result of GetAllAttachments	list_like_table	API_CONTRACT	semantic-sdk:lua:method:AvatarOrEntity:GetAllAttachments; confidence=STOCK_BYTECODE; status=CONFIRMED; evidence=WF-R5-CALLSHAPE-CORPUS;WF-R5-DIFFERENTIAL-V3; result of GetAllAttachments
6	27	v6_27	attachment	CORPUS_CATALOG	semantic-sdk:lua:method:AvatarOrEntity:GetAttachment; confidence=OBSERVED_VARIABLE_OR_OPEN; status=CATALOG_ONLY; evidence=; result of GetAttachment	AttachmentOrNil	CORPUS_CATALOG	semantic-sdk:lua:method:AvatarOrEntity:GetAttachment; confidence=OBSERVED_VARIABLE_OR_OPEN; status=CATALOG_ONLY; evidence=; result of GetAttachment
6	30	v6_30	isEnabled	CORPUS_CATALOG	semantic-sdk:lua:method:EngineObject:IsEnabled; confidence=OBSERVED_STABLE_SHAPE; status=CATALOG_ONLY; evidence=; result of IsEnabled	boolean	CORPUS_CATALOG	semantic-sdk:lua:method:EngineObject:IsEnabled; confidence=OBSERVED_STABLE_SHAPE; status=CATALOG_ONLY; evidence=; result of IsEnabled
6	33	v6_33	power	STRUCTURAL	call result of GetPower			
7	0	p7_0	avatarOrEntity	API_CONTRACT	semantic-sdk:lua:method:AvatarOrEntity:GetAllAttachments; confidence=STOCK_BYTECODE; status=CONFIRMED; evidence=WF-R5-CALLSHAPE-CORPUS;WF-R5-DIFFERENTIAL-V3; receiver of GetAllAttachments	AvatarOrEntity	API_CONTRACT	semantic-sdk:lua:method:AvatarOrEntity:GetAllAttachments; confidence=STOCK_BYTECODE; status=CONFIRMED; evidence=WF-R5-CALLSHAPE-CORPUS;WF-R5-DIFFERENTIAL-V3; receiver of GetAllAttachments
7	3	v7_3	value	API_CONTRACT	semantic-sdk:lua:global_function:_GLOBAL:IsNull; confidence=STOCK_BYTECODE; status=CONFIRMED; evidence=WF-STOCK-BARD-BOXLOOP; argument 0 of IsNull			
7	5	v7_5	isNull	API_CONTRACT	semantic-sdk:lua:global_function:_GLOBAL:IsNull; confidence=STOCK_BYTECODE; status=CONFIRMED; evidence=WF-STOCK-BARD-BOXLOOP; result of IsNull	boolean	API_CONTRACT	semantic-sdk:lua:global_function:_GLOBAL:IsNull; confidence=STOCK_BYTECODE; status=CONFIRMED; evidence=WF-STOCK-BARD-BOXLOOP; result of IsNull
7	6	v7_6	filter	API_CONTRACT	semantic-sdk:lua:method:AvatarOrEntity:GetAllAttachments; confidence=STOCK_BYTECODE; status=CONFIRMED; evidence=WF-R5-CALLSHAPE-CORPUS;WF-R5-DIFFERENTIAL-V3; argument 0 of GetAllAttachments	opaque	API_CONTRACT	semantic-sdk:lua:method:AvatarOrEntity:GetAllAttachments; confidence=STOCK_BYTECODE; status=CONFIRMED; evidence=WF-R5-CALLSHAPE-CORPUS;WF-R5-DIFFERENTIAL-V3; argument type 0 of GetAllAttachments
7	9	v7_9	list_like_table	API_CONTRACT	semantic-sdk:lua:method:AvatarOrEntity:GetAllAttachments; confidence=STOCK_BYTECODE; status=CONFIRMED; evidence=WF-R5-CALLSHAPE-CORPUS;WF-R5-DIFFERENTIAL-V3; result of GetAllAttachments	list_like_table	API_CONTRACT	semantic-sdk:lua:method:AvatarOrEntity:GetAllAttachments; confidence=STOCK_BYTECODE; status=CONFIRMED; evidence=WF-R5-CALLSHAPE-CORPUS;WF-R5-DIFFERENTIAL-V3; result of GetAllAttachments
7	12	v7_12	ipairs1	STRUCTURAL	call result of ipairs			
7	13	v7_13	ipairs2	STRUCTURAL	call result of ipairs			
7	14	v7_14	ipairs3	STRUCTURAL	call result of ipairs			
7	17	v7_17	tag	STRUCTURAL	call result of GetTag			
7	18	v7_18	value2	API_CONTRACT	semantic-sdk:lua:global_function:_GLOBAL:IsNull; confidence=STOCK_BYTECODE; status=CONFIRMED; evidence=WF-STOCK-BARD-BOXLOOP; argument 0 of IsNull			
7	20	v7_20	isNull2	API_CONTRACT	semantic-sdk:lua:global_function:_GLOBAL:IsNull; confidence=STOCK_BYTECODE; status=CONFIRMED; evidence=WF-STOCK-BARD-BOXLOOP; result of IsNull	boolean	API_CONTRACT	semantic-sdk:lua:global_function:_GLOBAL:IsNull; confidence=STOCK_BYTECODE; status=CONFIRMED; evidence=WF-STOCK-BARD-BOXLOOP; result of IsNull
7	21	v7_21	value3	API_CONTRACT	semantic-sdk:lua:global_function:_GLOBAL:IsNull; confidence=STOCK_BYTECODE; status=CONFIRMED; evidence=WF-STOCK-BARD-BOXLOOP; argument 0 of IsNull			
7	23	v7_23	isNull3	API_CONTRACT	semantic-sdk:lua:global_function:_GLOBAL:IsNull; confidence=STOCK_BYTECODE; status=CONFIRMED; evidence=WF-STOCK-BARD-BOXLOOP; result of IsNull	boolean	API_CONTRACT	semantic-sdk:lua:global_function:_GLOBAL:IsNull; confidence=STOCK_BYTECODE; status=CONFIRMED; evidence=WF-STOCK-BARD-BOXLOOP; result of IsNull
7	27	v7_27	engineObject	CORPUS_CATALOG	semantic-sdk:lua:method:EngineObject:Destroy; confidence=OBSERVED_STABLE_SHAPE; status=CATALOG_ONLY; evidence=; receiver of Destroy	EngineObject	CORPUS_CATALOG	semantic-sdk:lua:method:EngineObject:Destroy; confidence=OBSERVED_STABLE_SHAPE; status=CATALOG_ONLY; evidence=; receiver of Destroy
8	6	v8_6	mathCeil	STRUCTURAL	call result of math.ceil			
9	4	v9_4	netPersistentVar	STRUCTURAL	call result of GetNetPersistentVar			
10	5	v10_5	uIMovie	API_CONTRACT	semantic-sdk:lua:method:UIMovie:Execute; confidence=LIVE_CONFIRMED; status=CONFIRMED; evidence=WF-STOCK-GENERIC-SETTINGS-UI-2026-08-27; receiver of Execute	UIMovie	API_CONTRACT	semantic-sdk:lua:method:UIMovie:Execute; confidence=LIVE_CONFIRMED; status=CONFIRMED; evidence=WF-STOCK-GENERIC-SETTINGS-UI-2026-08-27; receiver of Execute
10	6	v10_6	value	API_CONTRACT	semantic-sdk:lua:global_function:_GLOBAL:IsNull; confidence=STOCK_BYTECODE; status=CONFIRMED; evidence=WF-STOCK-BARD-BOXLOOP; argument 0 of IsNull			
10	8	v10_8	isNull	API_CONTRACT	semantic-sdk:lua:global_function:_GLOBAL:IsNull; confidence=STOCK_BYTECODE; status=CONFIRMED; evidence=WF-STOCK-BARD-BOXLOOP; result of IsNull	boolean	API_CONTRACT	semantic-sdk:lua:global_function:_GLOBAL:IsNull; confidence=STOCK_BYTECODE; status=CONFIRMED; evidence=WF-STOCK-BARD-BOXLOOP; result of IsNull
10	9	v10_9	exported_function	API_CONTRACT	semantic-sdk:lua:method:UIMovie:Execute; confidence=LIVE_CONFIRMED; status=CONFIRMED; evidence=WF-STOCK-GENERIC-SETTINGS-UI-2026-08-27; argument 0 of Execute	string	API_CONTRACT	semantic-sdk:lua:method:UIMovie:Execute; confidence=LIVE_CONFIRMED; status=CONFIRMED; evidence=WF-STOCK-GENERIC-SETTINGS-UI-2026-08-27; argument type 0 of Execute
10	12	v10_12	tostring2	STRUCTURAL	call result of tostring	string_or_callback_name	API_CONTRACT	semantic-sdk:lua:method:UIMovie:Execute; confidence=LIVE_CONFIRMED; status=CONFIRMED; evidence=WF-STOCK-GENERIC-SETTINGS-UI-2026-08-27; argument type 1 of Execute
11	3	v11_3	value	API_CONTRACT	semantic-sdk:lua:global_function:_GLOBAL:IsNull; confidence=STOCK_BYTECODE; status=CONFIRMED; evidence=WF-STOCK-BARD-BOXLOOP; argument 0 of IsNull			
11	5	v11_5	isNull	API_CONTRACT	semantic-sdk:lua:global_function:_GLOBAL:IsNull; confidence=STOCK_BYTECODE; status=CONFIRMED; evidence=WF-STOCK-BARD-BOXLOOP; result of IsNull	boolean	API_CONTRACT	semantic-sdk:lua:global_function:_GLOBAL:IsNull; confidence=STOCK_BYTECODE; status=CONFIRMED; evidence=WF-STOCK-BARD-BOXLOOP; result of IsNull
11	12	v11_12	netPersistentVar	STRUCTURAL	call result of GetNetPersistentVar			
11	14	v11_14	value2	API_CONTRACT	semantic-sdk:lua:global_function:_GLOBAL:IsNull; confidence=STOCK_BYTECODE; status=CONFIRMED; evidence=WF-STOCK-BARD-BOXLOOP; argument 0 of IsNull			
11	16	v11_16	isNull2	API_CONTRACT	semantic-sdk:lua:global_function:_GLOBAL:IsNull; confidence=STOCK_BYTECODE; status=CONFIRMED; evidence=WF-STOCK-BARD-BOXLOOP; result of IsNull	boolean	API_CONTRACT	semantic-sdk:lua:global_function:_GLOBAL:IsNull; confidence=STOCK_BYTECODE; status=CONFIRMED; evidence=WF-STOCK-BARD-BOXLOOP; result of IsNull
11	22	v11_22	netPersistentVar2	STRUCTURAL	call result of GetNetPersistentVar			
11	32	v11_32	tostring2	STRUCTURAL	call result of tostring			
11	37	v11_37	tostring3	STRUCTURAL	call result of tostring			
11	44	v11_44	uIMovie	API_CONTRACT	semantic-sdk:lua:method:UIMovie:Execute; confidence=LIVE_CONFIRMED; status=CONFIRMED; evidence=WF-STOCK-GENERIC-SETTINGS-UI-2026-08-27; receiver of Execute	UIMovie	API_CONTRACT	semantic-sdk:lua:method:UIMovie:Execute; confidence=LIVE_CONFIRMED; status=CONFIRMED; evidence=WF-STOCK-GENERIC-SETTINGS-UI-2026-08-27; receiver of Execute
11	45	v11_45	value3	API_CONTRACT	semantic-sdk:lua:global_function:_GLOBAL:IsNull; confidence=STOCK_BYTECODE; status=CONFIRMED; evidence=WF-STOCK-BARD-BOXLOOP; argument 0 of IsNull			
11	47	v11_47	isNull3	API_CONTRACT	semantic-sdk:lua:global_function:_GLOBAL:IsNull; confidence=STOCK_BYTECODE; status=CONFIRMED; evidence=WF-STOCK-BARD-BOXLOOP; result of IsNull	boolean	API_CONTRACT	semantic-sdk:lua:global_function:_GLOBAL:IsNull; confidence=STOCK_BYTECODE; status=CONFIRMED; evidence=WF-STOCK-BARD-BOXLOOP; result of IsNull
11	48	v11_48	exported_function	API_CONTRACT	semantic-sdk:lua:method:UIMovie:Execute; confidence=LIVE_CONFIRMED; status=CONFIRMED; evidence=WF-STOCK-GENERIC-SETTINGS-UI-2026-08-27; argument 0 of Execute	string	API_CONTRACT	semantic-sdk:lua:method:UIMovie:Execute; confidence=LIVE_CONFIRMED; status=CONFIRMED; evidence=WF-STOCK-GENERIC-SETTINGS-UI-2026-08-27; argument type 0 of Execute
11	51	v11_51	tostring4	STRUCTURAL	call result of tostring	string_or_callback_name	API_CONTRACT	semantic-sdk:lua:method:UIMovie:Execute; confidence=LIVE_CONFIRMED; status=CONFIRMED; evidence=WF-STOCK-GENERIC-SETTINGS-UI-2026-08-27; argument type 1 of Execute
11	62	v11_62	tostring5	STRUCTURAL	call result of tostring			
11	64	v11_64	region	STRUCTURAL	exact engine global gRegion	Region	EXACT_EXPORT	exact engine global gRegion
11	66	v11_66	isNull4	API_CONTRACT	semantic-sdk:lua:global_function:_GLOBAL:IsNull; confidence=STOCK_BYTECODE; status=CONFIRMED; evidence=WF-STOCK-BARD-BOXLOOP; result of IsNull	boolean	API_CONTRACT	semantic-sdk:lua:global_function:_GLOBAL:IsNull; confidence=STOCK_BYTECODE; status=CONFIRMED; evidence=WF-STOCK-BARD-BOXLOOP; result of IsNull
11	67	v11_67	region2	STRUCTURAL	exact engine global gRegion	Region	EXACT_EXPORT	exact engine global gRegion
11	70	v11_70	humanPlayers	STRUCTURAL	call result of GetHumanPlayers			
11	77	v11_77	missionData	STRUCTURAL	call result of GetMissionData			
11	78	v11_78	agentOrEngineObject	CORPUS_CATALOG	semantic-sdk:lua:method:AgentOrEngineObject:GetAvatar; confidence=OBSERVED_STABLE_ARGS; status=CATALOG_ONLY; evidence=; receiver of GetAvatar	AgentOrEngineObject	CORPUS_CATALOG	semantic-sdk:lua:method:AgentOrEngineObject:GetAvatar; confidence=OBSERVED_STABLE_ARGS; status=CATALOG_ONLY; evidence=; receiver of GetAvatar
11	81	v11_81	avatar	API_CONTRACT	semantic-sdk:lua:method:Avatar:DamageControl; confidence=LIVE_CONFIRMED; status=CONFIRMED; evidence=WF-LIVE-MALLET-2026-08-23;WF-STOCK-BARD-BOXLOOP; receiver of DamageControl	Avatar	API_CONTRACT	semantic-sdk:lua:method:Avatar:DamageControl; confidence=LIVE_CONFIRMED; status=CONFIRMED; evidence=WF-LIVE-MALLET-2026-08-23;WF-STOCK-BARD-BOXLOOP; receiver of DamageControl
11	82	v11_82	value4	API_CONTRACT	semantic-sdk:lua:global_function:_GLOBAL:IsNull; confidence=STOCK_BYTECODE; status=CONFIRMED; evidence=WF-STOCK-BARD-BOXLOOP; argument 0 of IsNull			
11	84	v11_84	isNull5	API_CONTRACT	semantic-sdk:lua:global_function:_GLOBAL:IsNull; confidence=STOCK_BYTECODE; status=CONFIRMED; evidence=WF-STOCK-BARD-BOXLOOP; result of IsNull	boolean	API_CONTRACT	semantic-sdk:lua:global_function:_GLOBAL:IsNull; confidence=STOCK_BYTECODE; status=CONFIRMED; evidence=WF-STOCK-BARD-BOXLOOP; result of IsNull
11	89	v11_89	value5	API_CONTRACT	semantic-sdk:lua:global_function:_GLOBAL:IsNull; confidence=STOCK_BYTECODE; status=CONFIRMED; evidence=WF-STOCK-BARD-BOXLOOP; argument 0 of IsNull			
11	91	v11_91	isNull6	API_CONTRACT	semantic-sdk:lua:global_function:_GLOBAL:IsNull; confidence=STOCK_BYTECODE; status=CONFIRMED; evidence=WF-STOCK-BARD-BOXLOOP; result of IsNull	boolean	API_CONTRACT	semantic-sdk:lua:global_function:_GLOBAL:IsNull; confidence=STOCK_BYTECODE; status=CONFIRMED; evidence=WF-STOCK-BARD-BOXLOOP; result of IsNull
11	95	v11_95	attachment	CORPUS_CATALOG	semantic-sdk:lua:method:AvatarOrEntity:GetAttachment; confidence=OBSERVED_VARIABLE_OR_OPEN; status=CATALOG_ONLY; evidence=; result of GetAttachment	AttachmentOrNil	CORPUS_CATALOG	semantic-sdk:lua:method:AvatarOrEntity:GetAttachment; confidence=OBSERVED_VARIABLE_OR_OPEN; status=CATALOG_ONLY; evidence=; result of GetAttachment
11	96	v11_96	value6	API_CONTRACT	semantic-sdk:lua:global_function:_GLOBAL:IsNull; confidence=STOCK_BYTECODE; status=CONFIRMED; evidence=WF-STOCK-BARD-BOXLOOP; argument 0 of IsNull			
11	98	v11_98	isNull7	API_CONTRACT	semantic-sdk:lua:global_function:_GLOBAL:IsNull; confidence=STOCK_BYTECODE; status=CONFIRMED; evidence=WF-STOCK-BARD-BOXLOOP; result of IsNull	boolean	API_CONTRACT	semantic-sdk:lua:global_function:_GLOBAL:IsNull; confidence=STOCK_BYTECODE; status=CONFIRMED; evidence=WF-STOCK-BARD-BOXLOOP; result of IsNull
11	101	v11_101	damageControl	API_CONTRACT	semantic-sdk:lua:method:Avatar:DamageControl; confidence=LIVE_CONFIRMED; status=CONFIRMED; evidence=WF-LIVE-MALLET-2026-08-23;WF-STOCK-BARD-BOXLOOP; result of DamageControl	DamageControl	API_CONTRACT	semantic-sdk:lua:method:Avatar:DamageControl; confidence=LIVE_CONFIRMED; status=CONFIRMED; evidence=WF-LIVE-MALLET-2026-08-23;WF-STOCK-BARD-BOXLOOP; result of DamageControl
11	112	v11_112	vector	STRUCTURAL	call result of Vector			
11	113	v11_113	vector2	STRUCTURAL	call result of Vector			
11	114	v11_114	vector3	STRUCTURAL	call result of Vector			
11	115	v11_115	vector4	STRUCTURAL	call result of Vector			
11	118	v11_118	attach	STRUCTURAL	call result of Attach			
11	119	v11_119	value7	API_CONTRACT	semantic-sdk:lua:global_function:_GLOBAL:IsNull; confidence=STOCK_BYTECODE; status=CONFIRMED; evidence=WF-STOCK-BARD-BOXLOOP; argument 0 of IsNull			
11	121	v11_121	isNull8	API_CONTRACT	semantic-sdk:lua:global_function:_GLOBAL:IsNull; confidence=STOCK_BYTECODE; status=CONFIRMED; evidence=WF-STOCK-BARD-BOXLOOP; result of IsNull	boolean	API_CONTRACT	semantic-sdk:lua:global_function:_GLOBAL:IsNull; confidence=STOCK_BYTECODE; status=CONFIRMED; evidence=WF-STOCK-BARD-BOXLOOP; result of IsNull
11	140	v11_140	vector5	STRUCTURAL	call result of Vector			
12	4	v12_4	netPersistentVar	STRUCTURAL	call result of GetNetPersistentVar			
12	21	v12_21	uIMovie	API_CONTRACT	semantic-sdk:lua:method:UIMovie:Execute; confidence=LIVE_CONFIRMED; status=CONFIRMED; evidence=WF-STOCK-GENERIC-SETTINGS-UI-2026-08-27; receiver of Execute	UIMovie	API_CONTRACT	semantic-sdk:lua:method:UIMovie:Execute; confidence=LIVE_CONFIRMED; status=CONFIRMED; evidence=WF-STOCK-GENERIC-SETTINGS-UI-2026-08-27; receiver of Execute
12	22	v12_22	value	API_CONTRACT	semantic-sdk:lua:global_function:_GLOBAL:IsNull; confidence=STOCK_BYTECODE; status=CONFIRMED; evidence=WF-STOCK-BARD-BOXLOOP; argument 0 of IsNull			
12	24	v12_24	isNull	API_CONTRACT	semantic-sdk:lua:global_function:_GLOBAL:IsNull; confidence=STOCK_BYTECODE; status=CONFIRMED; evidence=WF-STOCK-BARD-BOXLOOP; result of IsNull	boolean	API_CONTRACT	semantic-sdk:lua:global_function:_GLOBAL:IsNull; confidence=STOCK_BYTECODE; status=CONFIRMED; evidence=WF-STOCK-BARD-BOXLOOP; result of IsNull
12	25	v12_25	exported_function	API_CONTRACT	semantic-sdk:lua:method:UIMovie:Execute; confidence=LIVE_CONFIRMED; status=CONFIRMED; evidence=WF-STOCK-GENERIC-SETTINGS-UI-2026-08-27; argument 0 of Execute	string	API_CONTRACT	semantic-sdk:lua:method:UIMovie:Execute; confidence=LIVE_CONFIRMED; status=CONFIRMED; evidence=WF-STOCK-GENERIC-SETTINGS-UI-2026-08-27; argument type 0 of Execute
12	28	v12_28	tostring2	STRUCTURAL	call result of tostring	string_or_callback_name	API_CONTRACT	semantic-sdk:lua:method:UIMovie:Execute; confidence=LIVE_CONFIRMED; status=CONFIRMED; evidence=WF-STOCK-GENERIC-SETTINGS-UI-2026-08-27; argument type 1 of Execute
12	49	v12_49	uIMovie2	API_CONTRACT	semantic-sdk:lua:method:UIMovie:Execute; confidence=LIVE_CONFIRMED; status=CONFIRMED; evidence=WF-STOCK-GENERIC-SETTINGS-UI-2026-08-27; receiver of Execute	UIMovie	API_CONTRACT	semantic-sdk:lua:method:UIMovie:Execute; confidence=LIVE_CONFIRMED; status=CONFIRMED; evidence=WF-STOCK-GENERIC-SETTINGS-UI-2026-08-27; receiver of Execute
12	50	v12_50	value2	API_CONTRACT	semantic-sdk:lua:global_function:_GLOBAL:IsNull; confidence=STOCK_BYTECODE; status=CONFIRMED; evidence=WF-STOCK-BARD-BOXLOOP; argument 0 of IsNull			
12	52	v12_52	isNull2	API_CONTRACT	semantic-sdk:lua:global_function:_GLOBAL:IsNull; confidence=STOCK_BYTECODE; status=CONFIRMED; evidence=WF-STOCK-BARD-BOXLOOP; result of IsNull	boolean	API_CONTRACT	semantic-sdk:lua:global_function:_GLOBAL:IsNull; confidence=STOCK_BYTECODE; status=CONFIRMED; evidence=WF-STOCK-BARD-BOXLOOP; result of IsNull
12	53	v12_53	exported_function2	API_CONTRACT	semantic-sdk:lua:method:UIMovie:Execute; confidence=LIVE_CONFIRMED; status=CONFIRMED; evidence=WF-STOCK-GENERIC-SETTINGS-UI-2026-08-27; argument 0 of Execute	string	API_CONTRACT	semantic-sdk:lua:method:UIMovie:Execute; confidence=LIVE_CONFIRMED; status=CONFIRMED; evidence=WF-STOCK-GENERIC-SETTINGS-UI-2026-08-27; argument type 0 of Execute
12	56	v12_56	tostring3	STRUCTURAL	call result of tostring	string_or_callback_name	API_CONTRACT	semantic-sdk:lua:method:UIMovie:Execute; confidence=LIVE_CONFIRMED; status=CONFIRMED; evidence=WF-STOCK-GENERIC-SETTINGS-UI-2026-08-27; argument type 1 of Execute
13	0	p13_0	agentOrEngineObject	CORPUS_CATALOG	semantic-sdk:lua:method:AgentOrEngineObject:GetAvatar; confidence=OBSERVED_STABLE_ARGS; status=CATALOG_ONLY; evidence=; receiver of GetAvatar	AgentOrEngineObject	CORPUS_CATALOG	semantic-sdk:lua:method:AgentOrEngineObject:GetAvatar; confidence=OBSERVED_STABLE_ARGS; status=CATALOG_ONLY; evidence=; receiver of GetAvatar
13	6	v13_6	avatar	CORPUS_CATALOG	semantic-sdk:lua:method:AgentOrEngineObject:GetAvatar; confidence=OBSERVED_STABLE_ARGS; status=CATALOG_ONLY; evidence=; result of GetAvatar	Avatar	CORPUS_CATALOG	semantic-sdk:lua:method:AgentOrEngineObject:GetAvatar; confidence=OBSERVED_STABLE_ARGS; status=CATALOG_ONLY; evidence=; result of GetAvatar
13	7	v13_7	value	API_CONTRACT	semantic-sdk:lua:global_function:_GLOBAL:IsNull; confidence=STOCK_BYTECODE; status=CONFIRMED; evidence=WF-STOCK-BARD-BOXLOOP; argument 0 of IsNull			
13	9	v13_9	isNull	API_CONTRACT	semantic-sdk:lua:global_function:_GLOBAL:IsNull; confidence=STOCK_BYTECODE; status=CONFIRMED; evidence=WF-STOCK-BARD-BOXLOOP; result of IsNull	boolean	API_CONTRACT	semantic-sdk:lua:global_function:_GLOBAL:IsNull; confidence=STOCK_BYTECODE; status=CONFIRMED; evidence=WF-STOCK-BARD-BOXLOOP; result of IsNull
13	10	v13_10	region	STRUCTURAL	exact engine global gRegion	Region	EXACT_EXPORT	exact engine global gRegion
13	15	v13_15	avatarOrEntity	API_CONTRACT	semantic-sdk:lua:method:AvatarOrEntity:DistanceToPoint; confidence=STOCK_BYTECODE; status=CONFIRMED; evidence=WF-R5-CALLSHAPE-CORPUS;WF-R5-DIFFERENTIAL-V3;WF-R5-NUMERIC-EVIDENCE; receiver of DistanceToPoint	AvatarOrEntity	API_CONTRACT	semantic-sdk:lua:method:AvatarOrEntity:DistanceToPoint; confidence=STOCK_BYTECODE; status=CONFIRMED; evidence=WF-R5-CALLSHAPE-CORPUS;WF-R5-DIFFERENTIAL-V3;WF-R5-NUMERIC-EVIDENCE; receiver of DistanceToPoint
13	16	v13_16	avatarOrEntity2	API_CONTRACT	semantic-sdk:lua:method:AvatarOrEntity:DistanceToPoint; confidence=STOCK_BYTECODE; status=CONFIRMED; evidence=WF-R5-CALLSHAPE-CORPUS;WF-R5-DIFFERENTIAL-V3;WF-R5-NUMERIC-EVIDENCE; receiver of DistanceToPoint	AvatarOrEntity	API_CONTRACT	semantic-sdk:lua:method:AvatarOrEntity:DistanceToPoint; confidence=STOCK_BYTECODE; status=CONFIRMED; evidence=WF-R5-CALLSHAPE-CORPUS;WF-R5-DIFFERENTIAL-V3;WF-R5-NUMERIC-EVIDENCE; receiver of DistanceToPoint
13	17	v13_17	region2	STRUCTURAL	exact engine global gRegion	Region	EXACT_EXPORT	exact engine global gRegion
13	20	v13_20	npcManager	CORPUS_CATALOG	semantic-sdk:lua:method:Region:GetNpcMgr; confidence=OBSERVED_STABLE_SHAPE; status=CATALOG_ONLY; evidence=; result of GetNpcMgr	NpcManager	CORPUS_CATALOG	semantic-sdk:lua:method:Region:GetNpcMgr; confidence=OBSERVED_STABLE_SHAPE; status=CATALOG_ONLY; evidence=; result of GetNpcMgr
13	23	v13_23	aiDirector	CORPUS_CATALOG	semantic-sdk:lua:method:Region:GetAiDirector; confidence=OBSERVED_STABLE_SHAPE; status=CATALOG_ONLY; evidence=; result of GetAiDirector	AiDirector	CORPUS_CATALOG	semantic-sdk:lua:method:Region:GetAiDirector; confidence=OBSERVED_STABLE_SHAPE; status=CATALOG_ONLY; evidence=; result of GetAiDirector
13	24	v13_24	value2	API_CONTRACT	semantic-sdk:lua:global_function:_GLOBAL:IsNull; confidence=STOCK_BYTECODE; status=CONFIRMED; evidence=WF-STOCK-BARD-BOXLOOP; argument 0 of IsNull			
13	26	v13_26	isNull2	API_CONTRACT	semantic-sdk:lua:global_function:_GLOBAL:IsNull; confidence=STOCK_BYTECODE; status=CONFIRMED; evidence=WF-STOCK-BARD-BOXLOOP; result of IsNull	boolean	API_CONTRACT	semantic-sdk:lua:global_function:_GLOBAL:IsNull; confidence=STOCK_BYTECODE; status=CONFIRMED; evidence=WF-STOCK-BARD-BOXLOOP; result of IsNull
13	28	v13_28	region3	STRUCTURAL	exact engine global gRegion	Region	EXACT_EXPORT	exact engine global gRegion
13	32	v13_32	vector3	CORPUS_CATALOG	semantic-sdk:lua:method:AvatarOrEntity:GetPosition; confidence=OBSERVED_STABLE_ARGS; status=CATALOG_ONLY; evidence=; result of GetPosition	Vector3	CORPUS_CATALOG	semantic-sdk:lua:method:AvatarOrEntity:GetPosition; confidence=OBSERVED_STABLE_ARGS; status=CATALOG_ONLY; evidence=; result of GetPosition
13	33	v13_33	vector32	CORPUS_CATALOG	semantic-sdk:lua:method:AvatarOrEntity:GetPosition; confidence=OBSERVED_STABLE_ARGS; status=CATALOG_ONLY; evidence=; result of GetPosition	Vector3	CORPUS_CATALOG	semantic-sdk:lua:method:AvatarOrEntity:GetPosition; confidence=OBSERVED_STABLE_ARGS; status=CATALOG_ONLY; evidence=; result of GetPosition
13	34	v13_34	vector33	CORPUS_CATALOG	semantic-sdk:lua:method:AvatarOrEntity:GetPosition; confidence=OBSERVED_STABLE_ARGS; status=CATALOG_ONLY; evidence=; result of GetPosition	Vector3	CORPUS_CATALOG	semantic-sdk:lua:method:AvatarOrEntity:GetPosition; confidence=OBSERVED_STABLE_ARGS; status=CATALOG_ONLY; evidence=; result of GetPosition
13	37	v13_37	nearestTagged	STRUCTURAL	call result of FindNearestTagged			
13	39	v13_39	region4	STRUCTURAL	exact engine global gRegion	Region	EXACT_EXPORT	exact engine global gRegion
13	45	v13_45	value3	API_CONTRACT	semantic-sdk:lua:global_function:_GLOBAL:IsNull; confidence=STOCK_BYTECODE; status=CONFIRMED; evidence=WF-STOCK-BARD-BOXLOOP; argument 0 of IsNull			
13	47	v13_47	isNull3	API_CONTRACT	semantic-sdk:lua:global_function:_GLOBAL:IsNull; confidence=STOCK_BYTECODE; status=CONFIRMED; evidence=WF-STOCK-BARD-BOXLOOP; result of IsNull	boolean	API_CONTRACT	semantic-sdk:lua:global_function:_GLOBAL:IsNull; confidence=STOCK_BYTECODE; status=CONFIRMED; evidence=WF-STOCK-BARD-BOXLOOP; result of IsNull
13	52	v13_52	playAlternatebuff	STRUCTURAL	call result of PlayAlternatebuff			
13	53	v13_53	value4	API_CONTRACT	semantic-sdk:lua:global_function:_GLOBAL:IsNull; confidence=STOCK_BYTECODE; status=CONFIRMED; evidence=WF-STOCK-BARD-BOXLOOP; argument 0 of IsNull			
13	55	v13_55	isNull4	API_CONTRACT	semantic-sdk:lua:global_function:_GLOBAL:IsNull; confidence=STOCK_BYTECODE; status=CONFIRMED; evidence=WF-STOCK-BARD-BOXLOOP; result of IsNull	boolean	API_CONTRACT	semantic-sdk:lua:global_function:_GLOBAL:IsNull; confidence=STOCK_BYTECODE; status=CONFIRMED; evidence=WF-STOCK-BARD-BOXLOOP; result of IsNull
13	56	v13_56	value5	API_CONTRACT	semantic-sdk:lua:global_function:_GLOBAL:IsNull; confidence=STOCK_BYTECODE; status=CONFIRMED; evidence=WF-STOCK-BARD-BOXLOOP; argument 0 of IsNull			
13	58	v13_58	isNull5	API_CONTRACT	semantic-sdk:lua:global_function:_GLOBAL:IsNull; confidence=STOCK_BYTECODE; status=CONFIRMED; evidence=WF-STOCK-BARD-BOXLOOP; result of IsNull	boolean	API_CONTRACT	semantic-sdk:lua:global_function:_GLOBAL:IsNull; confidence=STOCK_BYTECODE; status=CONFIRMED; evidence=WF-STOCK-BARD-BOXLOOP; result of IsNull
13	59	v13_59	value6	API_CONTRACT	semantic-sdk:lua:global_function:_GLOBAL:IsNull; confidence=STOCK_BYTECODE; status=CONFIRMED; evidence=WF-STOCK-BARD-BOXLOOP; argument 0 of IsNull			
13	61	v13_61	isNull6	API_CONTRACT	semantic-sdk:lua:global_function:_GLOBAL:IsNull; confidence=STOCK_BYTECODE; status=CONFIRMED; evidence=WF-STOCK-BARD-BOXLOOP; result of IsNull	boolean	API_CONTRACT	semantic-sdk:lua:global_function:_GLOBAL:IsNull; confidence=STOCK_BYTECODE; status=CONFIRMED; evidence=WF-STOCK-BARD-BOXLOOP; result of IsNull
13	65	v13_65	value7	API_CONTRACT	semantic-sdk:lua:global_function:_GLOBAL:IsNull; confidence=STOCK_BYTECODE; status=CONFIRMED; evidence=WF-STOCK-BARD-BOXLOOP; argument 0 of IsNull			
13	67	v13_67	isNull7	API_CONTRACT	semantic-sdk:lua:global_function:_GLOBAL:IsNull; confidence=STOCK_BYTECODE; status=CONFIRMED; evidence=WF-STOCK-BARD-BOXLOOP; result of IsNull	boolean	API_CONTRACT	semantic-sdk:lua:global_function:_GLOBAL:IsNull; confidence=STOCK_BYTECODE; status=CONFIRMED; evidence=WF-STOCK-BARD-BOXLOOP; result of IsNull
13	73	v13_73	vector34	CORPUS_CATALOG	semantic-sdk:lua:method:AvatarOrEntity:GetPosition; confidence=OBSERVED_STABLE_ARGS; status=CATALOG_ONLY; evidence=; result of GetPosition	Vector3	CORPUS_CATALOG	semantic-sdk:lua:method:AvatarOrEntity:GetPosition; confidence=OBSERVED_STABLE_ARGS; status=CATALOG_ONLY; evidence=; result of GetPosition
13	74	v13_74	point_or_ref	API_CONTRACT	semantic-sdk:lua:method:AvatarOrEntity:DistanceToPoint; confidence=STOCK_BYTECODE; status=CONFIRMED; evidence=WF-R5-CALLSHAPE-CORPUS;WF-R5-DIFFERENTIAL-V3;WF-R5-NUMERIC-EVIDENCE; argument 0 of DistanceToPoint	opaque	API_CONTRACT	semantic-sdk:lua:method:AvatarOrEntity:DistanceToPoint; confidence=STOCK_BYTECODE; status=CONFIRMED; evidence=WF-R5-CALLSHAPE-CORPUS;WF-R5-DIFFERENTIAL-V3;WF-R5-NUMERIC-EVIDENCE; argument type 0 of DistanceToPoint
13	77	v13_77	number_luau_facing	API_CONTRACT	semantic-sdk:lua:method:AvatarOrEntity:DistanceToPoint; confidence=STOCK_BYTECODE; status=CONFIRMED; evidence=WF-R5-CALLSHAPE-CORPUS;WF-R5-DIFFERENTIAL-V3;WF-R5-NUMERIC-EVIDENCE; result of DistanceToPoint	number_luau_facing	API_CONTRACT	semantic-sdk:lua:method:AvatarOrEntity:DistanceToPoint; confidence=STOCK_BYTECODE; status=CONFIRMED; evidence=WF-R5-CALLSHAPE-CORPUS;WF-R5-DIFFERENTIAL-V3;WF-R5-NUMERIC-EVIDENCE; result of DistanceToPoint
13	78	v13_78	point_or_ref2	API_CONTRACT	semantic-sdk:lua:method:AvatarOrEntity:DistanceToPoint; confidence=STOCK_BYTECODE; status=CONFIRMED; evidence=WF-R5-CALLSHAPE-CORPUS;WF-R5-DIFFERENTIAL-V3;WF-R5-NUMERIC-EVIDENCE; argument 0 of DistanceToPoint	opaque	API_CONTRACT	semantic-sdk:lua:method:AvatarOrEntity:DistanceToPoint; confidence=STOCK_BYTECODE; status=CONFIRMED; evidence=WF-R5-CALLSHAPE-CORPUS;WF-R5-DIFFERENTIAL-V3;WF-R5-NUMERIC-EVIDENCE; argument type 0 of DistanceToPoint
13	81	v13_81	number_luau_facing2	API_CONTRACT	semantic-sdk:lua:method:AvatarOrEntity:DistanceToPoint; confidence=STOCK_BYTECODE; status=CONFIRMED; evidence=WF-R5-CALLSHAPE-CORPUS;WF-R5-DIFFERENTIAL-V3;WF-R5-NUMERIC-EVIDENCE; result of DistanceToPoint	number_luau_facing	API_CONTRACT	semantic-sdk:lua:method:AvatarOrEntity:DistanceToPoint; confidence=STOCK_BYTECODE; status=CONFIRMED; evidence=WF-R5-CALLSHAPE-CORPUS;WF-R5-DIFFERENTIAL-V3;WF-R5-NUMERIC-EVIDENCE; result of DistanceToPoint
14	1	v14_1	region	STRUCTURAL	exact engine global gRegion	Region	EXACT_EXPORT	exact engine global gRegion
14	4	v14_4	humanPlayerAvatars	STRUCTURAL	call result of GetHumanPlayerAvatars			
14	7	v14_7	ipairs1	STRUCTURAL	call result of ipairs			
14	8	v14_8	ipairs2	STRUCTURAL	call result of ipairs			
14	9	v14_9	ipairs3	STRUCTURAL	call result of ipairs			
14	10	v14_10	value	API_CONTRACT	semantic-sdk:lua:global_function:_GLOBAL:IsNull; confidence=STOCK_BYTECODE; status=CONFIRMED; evidence=WF-STOCK-BARD-BOXLOOP; argument 0 of IsNull			
14	12	v14_12	isNull	API_CONTRACT	semantic-sdk:lua:global_function:_GLOBAL:IsNull; confidence=STOCK_BYTECODE; status=CONFIRMED; evidence=WF-STOCK-BARD-BOXLOOP; result of IsNull	boolean	API_CONTRACT	semantic-sdk:lua:global_function:_GLOBAL:IsNull; confidence=STOCK_BYTECODE; status=CONFIRMED; evidence=WF-STOCK-BARD-BOXLOOP; result of IsNull
14	15	v14_15	isKilled	CORPUS_CATALOG	semantic-sdk:lua:method:AvatarOrEntity:IsKilled; confidence=OBSERVED_STABLE_SHAPE; status=CATALOG_ONLY; evidence=; result of IsKilled	boolean	CORPUS_CATALOG	semantic-sdk:lua:method:AvatarOrEntity:IsKilled; confidence=OBSERVED_STABLE_SHAPE; status=CATALOG_ONLY; evidence=; result of IsKilled
14	18	v14_18	avatarOrEntity	CORPUS_CATALOG	semantic-sdk:lua:method:AvatarOrEntity:IsKilled; confidence=OBSERVED_STABLE_SHAPE; status=CATALOG_ONLY; evidence=; receiver of IsKilled	AvatarOrEntity	CORPUS_CATALOG	semantic-sdk:lua:method:AvatarOrEntity:IsKilled; confidence=OBSERVED_STABLE_SHAPE; status=CATALOG_ONLY; evidence=; receiver of IsKilled
14	24	v14_24	netPersistentVar	STRUCTURAL	call result of GetNetPersistentVar			
14	25	v14_25	region2	STRUCTURAL	exact engine global gRegion	Region	EXACT_EXPORT	exact engine global gRegion
14	28	v14_28	npcManager	CORPUS_CATALOG	semantic-sdk:lua:method:Region:GetNpcMgr; confidence=OBSERVED_STABLE_SHAPE; status=CATALOG_ONLY; evidence=; result of GetNpcMgr	NpcManager	CORPUS_CATALOG	semantic-sdk:lua:method:Region:GetNpcMgr; confidence=OBSERVED_STABLE_SHAPE; status=CATALOG_ONLY; evidence=; result of GetNpcMgr
14	31	v14_31	aiDirector	CORPUS_CATALOG	semantic-sdk:lua:method:Region:GetAiDirector; confidence=OBSERVED_STABLE_SHAPE; status=CATALOG_ONLY; evidence=; result of GetAiDirector	AiDirector	CORPUS_CATALOG	semantic-sdk:lua:method:Region:GetAiDirector; confidence=OBSERVED_STABLE_SHAPE; status=CATALOG_ONLY; evidence=; result of GetAiDirector
14	42	v14_42	value2	API_CONTRACT	semantic-sdk:lua:global_function:_GLOBAL:IsNull; confidence=STOCK_BYTECODE; status=CONFIRMED; evidence=WF-STOCK-BARD-BOXLOOP; argument 0 of IsNull			
14	44	v14_44	isNull2	API_CONTRACT	semantic-sdk:lua:global_function:_GLOBAL:IsNull; confidence=STOCK_BYTECODE; status=CONFIRMED; evidence=WF-STOCK-BARD-BOXLOOP; result of IsNull	boolean	API_CONTRACT	semantic-sdk:lua:global_function:_GLOBAL:IsNull; confidence=STOCK_BYTECODE; status=CONFIRMED; evidence=WF-STOCK-BARD-BOXLOOP; result of IsNull
14	47	v14_47	avatar	API_CONTRACT	semantic-sdk:lua:method:Avatar:GetPlayer; confidence=LIVE_CONFIRMED; status=CONFIRMED; evidence=WF-LIVE-MALLET-2026-08-23; receiver of GetPlayer	Avatar	API_CONTRACT	semantic-sdk:lua:method:Avatar:GetPlayer; confidence=LIVE_CONFIRMED; status=CONFIRMED; evidence=WF-LIVE-MALLET-2026-08-23; receiver of GetPlayer
14	50	v14_50	value3	API_CONTRACT	semantic-sdk:lua:global_function:_GLOBAL:IsNull; confidence=STOCK_BYTECODE; status=CONFIRMED; evidence=WF-STOCK-BARD-BOXLOOP; argument 0 of IsNull			
14	52	v14_52	isNull3	API_CONTRACT	semantic-sdk:lua:global_function:_GLOBAL:IsNull; confidence=STOCK_BYTECODE; status=CONFIRMED; evidence=WF-STOCK-BARD-BOXLOOP; result of IsNull	boolean	API_CONTRACT	semantic-sdk:lua:global_function:_GLOBAL:IsNull; confidence=STOCK_BYTECODE; status=CONFIRMED; evidence=WF-STOCK-BARD-BOXLOOP; result of IsNull
14	56	v14_56	isA	CORPUS_CATALOG	semantic-sdk:lua:method:EngineObject:IsA; confidence=OBSERVED_VARIABLE_OR_OPEN; status=CATALOG_ONLY; evidence=; result of IsA	boolean	CORPUS_CATALOG	semantic-sdk:lua:method:EngineObject:IsA; confidence=OBSERVED_VARIABLE_OR_OPEN; status=CATALOG_ONLY; evidence=; result of IsA
14	59	v14_59	playerHandle	API_CONTRACT	semantic-sdk:lua:method:Avatar:GetPlayer; confidence=LIVE_CONFIRMED; status=CONFIRMED; evidence=WF-LIVE-MALLET-2026-08-23; result of GetPlayer	PlayerHandle|unknown	API_CONTRACT	semantic-sdk:lua:method:Avatar:GetPlayer; confidence=LIVE_CONFIRMED; status=CONFIRMED; evidence=WF-LIVE-MALLET-2026-08-23; result of GetPlayer
14	60	v14_60	playerHandle2	API_CONTRACT	semantic-sdk:lua:method:Avatar:GetPlayer; confidence=LIVE_CONFIRMED; status=CONFIRMED; evidence=WF-LIVE-MALLET-2026-08-23; result of GetPlayer	PlayerHandle|unknown	API_CONTRACT	semantic-sdk:lua:method:Avatar:GetPlayer; confidence=LIVE_CONFIRMED; status=CONFIRMED; evidence=WF-LIVE-MALLET-2026-08-23; result of GetPlayer
14	61	v14_61	playerHandle3	API_CONTRACT	semantic-sdk:lua:method:Avatar:GetPlayer; confidence=LIVE_CONFIRMED; status=CONFIRMED; evidence=WF-LIVE-MALLET-2026-08-23; result of GetPlayer	PlayerHandle|unknown	API_CONTRACT	semantic-sdk:lua:method:Avatar:GetPlayer; confidence=LIVE_CONFIRMED; status=CONFIRMED; evidence=WF-LIVE-MALLET-2026-08-23; result of GetPlayer
14	62	v14_62	playerHandle4	API_CONTRACT	semantic-sdk:lua:method:Avatar:GetPlayer; confidence=LIVE_CONFIRMED; status=CONFIRMED; evidence=WF-LIVE-MALLET-2026-08-23; result of GetPlayer	PlayerHandle|unknown	API_CONTRACT	semantic-sdk:lua:method:Avatar:GetPlayer; confidence=LIVE_CONFIRMED; status=CONFIRMED; evidence=WF-LIVE-MALLET-2026-08-23; result of GetPlayer
14	64	v14_64	isNull4	API_CONTRACT	semantic-sdk:lua:global_function:_GLOBAL:IsNull; confidence=STOCK_BYTECODE; status=CONFIRMED; evidence=WF-STOCK-BARD-BOXLOOP; result of IsNull	boolean	API_CONTRACT	semantic-sdk:lua:global_function:_GLOBAL:IsNull; confidence=STOCK_BYTECODE; status=CONFIRMED; evidence=WF-STOCK-BARD-BOXLOOP; result of IsNull
14	65	v14_65	value4	API_CONTRACT	semantic-sdk:lua:global_function:_GLOBAL:IsNull; confidence=STOCK_BYTECODE; status=CONFIRMED; evidence=WF-STOCK-BARD-BOXLOOP; argument 0 of IsNull			
14	67	v14_67	isNull5	API_CONTRACT	semantic-sdk:lua:global_function:_GLOBAL:IsNull; confidence=STOCK_BYTECODE; status=CONFIRMED; evidence=WF-STOCK-BARD-BOXLOOP; result of IsNull	boolean	API_CONTRACT	semantic-sdk:lua:global_function:_GLOBAL:IsNull; confidence=STOCK_BYTECODE; status=CONFIRMED; evidence=WF-STOCK-BARD-BOXLOOP; result of IsNull
14	71	v14_71	isA2	CORPUS_CATALOG	semantic-sdk:lua:method:EngineObject:IsA; confidence=OBSERVED_VARIABLE_OR_OPEN; status=CATALOG_ONLY; evidence=; result of IsA	boolean	CORPUS_CATALOG	semantic-sdk:lua:method:EngineObject:IsA; confidence=OBSERVED_VARIABLE_OR_OPEN; status=CATALOG_ONLY; evidence=; result of IsA
14	74	v14_74	isKilled2	CORPUS_CATALOG	semantic-sdk:lua:method:AvatarOrEntity:IsKilled; confidence=OBSERVED_STABLE_SHAPE; status=CATALOG_ONLY; evidence=; result of IsKilled	boolean	CORPUS_CATALOG	semantic-sdk:lua:method:AvatarOrEntity:IsKilled; confidence=OBSERVED_STABLE_SHAPE; status=CATALOG_ONLY; evidence=; result of IsKilled
14	78	v14_78	value5	API_CONTRACT	semantic-sdk:lua:global_function:_GLOBAL:IsNull; confidence=STOCK_BYTECODE; status=CONFIRMED; evidence=WF-STOCK-BARD-BOXLOOP; argument 0 of IsNull			
14	80	v14_80	isNull6	API_CONTRACT	semantic-sdk:lua:global_function:_GLOBAL:IsNull; confidence=STOCK_BYTECODE; status=CONFIRMED; evidence=WF-STOCK-BARD-BOXLOOP; result of IsNull	boolean	API_CONTRACT	semantic-sdk:lua:global_function:_GLOBAL:IsNull; confidence=STOCK_BYTECODE; status=CONFIRMED; evidence=WF-STOCK-BARD-BOXLOOP; result of IsNull
14	90	v14_90	fullName	STRUCTURAL	call result of GetFullName			
14	97	v14_97	randomInt	STRUCTURAL	call result of RandomInt			
14	109	v14_109	fullName2	STRUCTURAL	call result of GetFullName			
15	0	v15_0	value	API_CONTRACT	semantic-sdk:lua:global_function:_GLOBAL:IsNull; confidence=STOCK_BYTECODE; status=CONFIRMED; evidence=WF-STOCK-BARD-BOXLOOP; argument 0 of IsNull			
15	2	v15_2	isNull	API_CONTRACT	semantic-sdk:lua:global_function:_GLOBAL:IsNull; confidence=STOCK_BYTECODE; status=CONFIRMED; evidence=WF-STOCK-BARD-BOXLOOP; result of IsNull	boolean	API_CONTRACT	semantic-sdk:lua:global_function:_GLOBAL:IsNull; confidence=STOCK_BYTECODE; status=CONFIRMED; evidence=WF-STOCK-BARD-BOXLOOP; result of IsNull
15	3	v15_3	region	STRUCTURAL	exact engine global gRegion	Region	EXACT_EXPORT	exact engine global gRegion
15	6	v15_6	npcManager	CORPUS_CATALOG	semantic-sdk:lua:method:Region:GetNpcMgr; confidence=OBSERVED_STABLE_SHAPE; status=CATALOG_ONLY; evidence=; result of GetNpcMgr	NpcManager	CORPUS_CATALOG	semantic-sdk:lua:method:Region:GetNpcMgr; confidence=OBSERVED_STABLE_SHAPE; status=CATALOG_ONLY; evidence=; result of GetNpcMgr
15	9	v15_9	aiDirector	CORPUS_CATALOG	semantic-sdk:lua:method:Region:GetAiDirector; confidence=OBSERVED_STABLE_SHAPE; status=CATALOG_ONLY; evidence=; result of GetAiDirector	AiDirector	CORPUS_CATALOG	semantic-sdk:lua:method:Region:GetAiDirector; confidence=OBSERVED_STABLE_SHAPE; status=CATALOG_ONLY; evidence=; result of GetAiDirector
15	10	v15_10	sharedState	STRUCTURAL	exact engine global _T			
15	13	v15_13	minEnemyLevel	STRUCTURAL	call result of GetMinEnemyLevel			
15	18	v15_18	mathMin	STRUCTURAL	call result of math.min			
16	8	v16_8	value	API_CONTRACT	semantic-sdk:lua:global_function:_GLOBAL:IsNull; confidence=STOCK_BYTECODE; status=CONFIRMED; evidence=WF-STOCK-BARD-BOXLOOP; argument 0 of IsNull			
16	10	v16_10	isNull	API_CONTRACT	semantic-sdk:lua:global_function:_GLOBAL:IsNull; confidence=STOCK_BYTECODE; status=CONFIRMED; evidence=WF-STOCK-BARD-BOXLOOP; result of IsNull	boolean	API_CONTRACT	semantic-sdk:lua:global_function:_GLOBAL:IsNull; confidence=STOCK_BYTECODE; status=CONFIRMED; evidence=WF-STOCK-BARD-BOXLOOP; result of IsNull
16	13	v16_13	ipairs1	STRUCTURAL	call result of ipairs			
16	14	v16_14	ipairs2	STRUCTURAL	call result of ipairs			
16	15	v16_15	ipairs3	STRUCTURAL	call result of ipairs			
16	16	v16_16	value2	API_CONTRACT	semantic-sdk:lua:global_function:_GLOBAL:IsNull; confidence=STOCK_BYTECODE; status=CONFIRMED; evidence=WF-STOCK-BARD-BOXLOOP; argument 0 of IsNull			
16	18	v16_18	isNull2	API_CONTRACT	semantic-sdk:lua:global_function:_GLOBAL:IsNull; confidence=STOCK_BYTECODE; status=CONFIRMED; evidence=WF-STOCK-BARD-BOXLOOP; result of IsNull	boolean	API_CONTRACT	semantic-sdk:lua:global_function:_GLOBAL:IsNull; confidence=STOCK_BYTECODE; status=CONFIRMED; evidence=WF-STOCK-BARD-BOXLOOP; result of IsNull
16	21	v16_21	isKilled	CORPUS_CATALOG	semantic-sdk:lua:method:AvatarOrEntity:IsKilled; confidence=OBSERVED_STABLE_SHAPE; status=CATALOG_ONLY; evidence=; result of IsKilled	boolean	CORPUS_CATALOG	semantic-sdk:lua:method:AvatarOrEntity:IsKilled; confidence=OBSERVED_STABLE_SHAPE; status=CATALOG_ONLY; evidence=; result of IsKilled
16	24	v16_24	avatarOrEntity	CORPUS_CATALOG	semantic-sdk:lua:method:AvatarOrEntity:IsKilled; confidence=OBSERVED_STABLE_SHAPE; status=CATALOG_ONLY; evidence=; receiver of IsKilled	AvatarOrEntity	CORPUS_CATALOG	semantic-sdk:lua:method:AvatarOrEntity:IsKilled; confidence=OBSERVED_STABLE_SHAPE; status=CATALOG_ONLY; evidence=; receiver of IsKilled
17	3	v17_3	mission	STRUCTURAL	call result of GetMission			
17	4	v17_4	enemySpecValue	STRUCTURAL	field read enemySpec			
17	6	v17_6	value	API_CONTRACT	semantic-sdk:lua:global_function:_GLOBAL:IsNull; confidence=STOCK_BYTECODE; status=CONFIRMED; evidence=WF-STOCK-BARD-BOXLOOP; argument 0 of IsNull			
17	8	v17_8	isNull	API_CONTRACT	semantic-sdk:lua:global_function:_GLOBAL:IsNull; confidence=STOCK_BYTECODE; status=CONFIRMED; evidence=WF-STOCK-BARD-BOXLOOP; result of IsNull	boolean	API_CONTRACT	semantic-sdk:lua:global_function:_GLOBAL:IsNull; confidence=STOCK_BYTECODE; status=CONFIRMED; evidence=WF-STOCK-BARD-BOXLOOP; result of IsNull
17	11	v17_11	enemies	STRUCTURAL	call result of GetEnemies			
17	14	v17_14	ipairs1	STRUCTURAL	call result of ipairs			
17	15	v17_15	ipairs2	STRUCTURAL	call result of ipairs			
17	16	v17_16	ipairs3	STRUCTURAL	call result of ipairs			
17	17	v17_17	tierValue	STRUCTURAL	field read tier			
17	18	v17_18	maxSimultaneousValue	STRUCTURAL	field read maxSimultaneous			
17	21	v17_21	mathMax	STRUCTURAL	call result of math.max			
17	24	v17_24	goalTagValue	STRUCTURAL	field read goalTag			
18	3	v18_3	ipairs1	STRUCTURAL	call result of ipairs			
18	4	v18_4	ipairs2	STRUCTURAL	call result of ipairs			
18	5	v18_5	ipairs3	STRUCTURAL	call result of ipairs			
18	8	v18_8	power	STRUCTURAL	call result of GetPower			
19	4	v19_4	region	STRUCTURAL	exact engine global gRegion	Region	EXACT_EXPORT	exact engine global gRegion
19	7	v19_7	npcManager	CORPUS_CATALOG	semantic-sdk:lua:method:Region:GetNpcMgr; confidence=OBSERVED_STABLE_SHAPE; status=CATALOG_ONLY; evidence=; result of GetNpcMgr	NpcManager	CORPUS_CATALOG	semantic-sdk:lua:method:Region:GetNpcMgr; confidence=OBSERVED_STABLE_SHAPE; status=CATALOG_ONLY; evidence=; result of GetNpcMgr
19	10	v19_10	aiDirector	CORPUS_CATALOG	semantic-sdk:lua:method:Region:GetAiDirector; confidence=OBSERVED_STABLE_SHAPE; status=CATALOG_ONLY; evidence=; result of GetAiDirector	AiDirector	CORPUS_CATALOG	semantic-sdk:lua:method:Region:GetAiDirector; confidence=OBSERVED_STABLE_SHAPE; status=CATALOG_ONLY; evidence=; result of GetAiDirector
19	13	v19_13	minEnemyLevel	STRUCTURAL	call result of GetMinEnemyLevel			
19	16	v19_16	maxEnemyLevel	STRUCTURAL	call result of GetMaxEnemyLevel			
19	26	v19_26	mathFloor	STRUCTURAL	call result of math.floor			
19	29	v19_29	mathMax	STRUCTURAL	call result of math.max			
19	34	v19_34	mathFloor2	STRUCTURAL	call result of math.floor			
19	42	v19_42	lerp	STRUCTURAL	call result of Lerp			
19	47	v19_47	mathMin	STRUCTURAL	call result of math.min			
19	49	v19_49	sharedState	STRUCTURAL	exact engine global _T			
19	59	v19_59	netPersistentVar	STRUCTURAL	call result of GetNetPersistentVar			
19	76	v19_76	randomAgent	STRUCTURAL	call result of CreateRandomAgent			
19	77	v19_77	value	API_CONTRACT	semantic-sdk:lua:global_function:_GLOBAL:IsNull; confidence=STOCK_BYTECODE; status=CONFIRMED; evidence=WF-STOCK-BARD-BOXLOOP; argument 0 of IsNull			
19	79	v19_79	isNull	API_CONTRACT	semantic-sdk:lua:global_function:_GLOBAL:IsNull; confidence=STOCK_BYTECODE; status=CONFIRMED; evidence=WF-STOCK-BARD-BOXLOOP; result of IsNull	boolean	API_CONTRACT	semantic-sdk:lua:global_function:_GLOBAL:IsNull; confidence=STOCK_BYTECODE; status=CONFIRMED; evidence=WF-STOCK-BARD-BOXLOOP; result of IsNull
19	92	v19_92	mathFloor3	STRUCTURAL	call result of math.floor			
19	97	v19_97	mathMin2	STRUCTURAL	call result of math.min			
19	105	v19_105	mission	STRUCTURAL	call result of GetMission			
19	111	v19_111	difficultyValue	STRUCTURAL	field read difficulty			
19	112	v19_112	lerp2	STRUCTURAL	call result of Lerp			
19	118	v19_118	difficultyValue2	STRUCTURAL	field read difficulty			
19	119	v19_119	lerp3	STRUCTURAL	call result of Lerp			
19	123	v19_123	goalTagValue	STRUCTURAL	field read goalTag			
19	126	v19_126	leadersAlwaysAllowedValue	STRUCTURAL	field read leadersAlwaysAllowed			
19	127	v19_127	sortieIdValue	STRUCTURAL	field read sortieId			
19	128	v19_128	alertIdValue	STRUCTURAL	field read alertId			
19	129	v19_129	goalIdValue	STRUCTURAL	field read goalId			
19	134	v19_134	clamp	STRUCTURAL	call result of Clamp			
19	139	v19_139	clamp2	STRUCTURAL	call result of Clamp			
19	142	v19_142	region2	STRUCTURAL	exact engine global gRegion	Region	EXACT_EXPORT	exact engine global gRegion
19	145	v19_145	numHumanPlayers	STRUCTURAL	call result of GetNumHumanPlayers			
19	151	v19_151	symbol	STRUCTURAL	call result of Symbol			
19	152	v19_152	symbol2	STRUCTURAL	call result of Symbol			
19	153	v19_153	symbol3	STRUCTURAL	call result of Symbol			
19	154	v19_154	symbol4	STRUCTURAL	call result of Symbol			
19	155	v19_155	symbol5	STRUCTURAL	call result of Symbol			
19	156	v19_156	symbol6	STRUCTURAL	call result of Symbol			
19	159	v19_159	netPersistentVar2	STRUCTURAL	call result of GetNetPersistentVar			
19	161	v19_161	getNetStringValue	STRUCTURAL	field read GetNetString			
19	164	v19_164	tostring2	STRUCTURAL	call result of tostring			
19	165	v19_165	netString	STRUCTURAL	call result of GetNetString			
19	166	v19_166	value2	API_CONTRACT	semantic-sdk:lua:global_function:_GLOBAL:IsNull; confidence=STOCK_BYTECODE; status=CONFIRMED; evidence=WF-STOCK-BARD-BOXLOOP; argument 0 of IsNull			
19	168	v19_168	isNull2	API_CONTRACT	semantic-sdk:lua:global_function:_GLOBAL:IsNull; confidence=STOCK_BYTECODE; status=CONFIRMED; evidence=WF-STOCK-BARD-BOXLOOP; result of IsNull	boolean	API_CONTRACT	semantic-sdk:lua:global_function:_GLOBAL:IsNull; confidence=STOCK_BYTECODE; status=CONFIRMED; evidence=WF-STOCK-BARD-BOXLOOP; result of IsNull
19	169	v19_169	isStaticPortalValue	STRUCTURAL	field read isStaticPortal			
19	173	v19_173	eximusMultiplier	STRUCTURAL	call result of GetEximusMultiplier			
19	181	v19_181	netPersistentVar3	STRUCTURAL	call result of GetNetPersistentVar			
19	185	v19_185	mathMin3	STRUCTURAL	call result of math.min			
19	190	v19_190	lerp4	STRUCTURAL	call result of Lerp			
19	193	v19_193	mathRandom	STRUCTURAL	call result of math.random			
19	199	v19_199	mathMin4	STRUCTURAL	call result of math.min			
19	204	v19_204	lerp5	STRUCTURAL	call result of Lerp			
19	206	v19_206	mathRandom2	STRUCTURAL	call result of math.random			
19	214	v19_214	randomAgent2	STRUCTURAL	call result of CreateRandomAgent			
19	215	v19_215	value3	API_CONTRACT	semantic-sdk:lua:global_function:_GLOBAL:IsNull; confidence=STOCK_BYTECODE; status=CONFIRMED; evidence=WF-STOCK-BARD-BOXLOOP; argument 0 of IsNull			
19	217	v19_217	isNull3	API_CONTRACT	semantic-sdk:lua:global_function:_GLOBAL:IsNull; confidence=STOCK_BYTECODE; status=CONFIRMED; evidence=WF-STOCK-BARD-BOXLOOP; result of IsNull	boolean	API_CONTRACT	semantic-sdk:lua:global_function:_GLOBAL:IsNull; confidence=STOCK_BYTECODE; status=CONFIRMED; evidence=WF-STOCK-BARD-BOXLOOP; result of IsNull
19	219	v19_219	time	STRUCTURAL	call result of Time			
20	2	v20_2	region	STRUCTURAL	exact engine global gRegion	Region	EXACT_EXPORT	exact engine global gRegion
20	9	v20_9	mission	STRUCTURAL	call result of GetMission			
20	12	v20_12	factionTag	STRUCTURAL	call result of GetFactionTag			
20	15	v20_15	goalTagValue	STRUCTURAL	field read goalTag			
20	23	v20_23	mathMax	STRUCTURAL	call result of math.max			
20	26	v20_26	ternaryValue	STRUCTURAL	field read Ternary			
20	28	v20_28	engineIsConsole	STRUCTURAL	call result of Engine.IsConsole			
20	31	v20_31	ternary	STRUCTURAL	call result of Ternary			
20	36	v20_36	clamp	STRUCTURAL	call result of Clamp			
20	41	v20_41	value	API_CONTRACT	semantic-sdk:lua:global_function:_GLOBAL:IsNull; confidence=STOCK_BYTECODE; status=CONFIRMED; evidence=WF-STOCK-BARD-BOXLOOP; argument 0 of IsNull			
20	43	v20_43	isNull	API_CONTRACT	semantic-sdk:lua:global_function:_GLOBAL:IsNull; confidence=STOCK_BYTECODE; status=CONFIRMED; evidence=WF-STOCK-BARD-BOXLOOP; result of IsNull	boolean	API_CONTRACT	semantic-sdk:lua:global_function:_GLOBAL:IsNull; confidence=STOCK_BYTECODE; status=CONFIRMED; evidence=WF-STOCK-BARD-BOXLOOP; result of IsNull
20	44	v20_44	region2	STRUCTURAL	exact engine global gRegion	Region	EXACT_EXPORT	exact engine global gRegion
20	47	v20_47	npcManager	CORPUS_CATALOG	semantic-sdk:lua:method:Region:GetNpcMgr; confidence=OBSERVED_STABLE_SHAPE; status=CATALOG_ONLY; evidence=; result of GetNpcMgr	NpcManager	CORPUS_CATALOG	semantic-sdk:lua:method:Region:GetNpcMgr; confidence=OBSERVED_STABLE_SHAPE; status=CATALOG_ONLY; evidence=; result of GetNpcMgr
20	50	v20_50	aiDirector	CORPUS_CATALOG	semantic-sdk:lua:method:Region:GetAiDirector; confidence=OBSERVED_STABLE_SHAPE; status=CATALOG_ONLY; evidence=; result of GetAiDirector	AiDirector	CORPUS_CATALOG	semantic-sdk:lua:method:Region:GetAiDirector; confidence=OBSERVED_STABLE_SHAPE; status=CATALOG_ONLY; evidence=; result of GetAiDirector
20	51	v20_51	sharedState	STRUCTURAL	exact engine global _T			
20	54	v20_54	minEnemyLevel	STRUCTURAL	call result of GetMinEnemyLevel			
20	59	v20_59	mathMin	STRUCTURAL	call result of math.min			
20	61	v20_61	lerp	STRUCTURAL	call result of Lerp			
20	68	v20_68	lerp2	STRUCTURAL	call result of Lerp			
20	70	v20_70	mathFloor	STRUCTURAL	call result of math.floor			
20	77	v20_77	mathCeil	STRUCTURAL	call result of math.ceil			
20	80	v20_80	mathFloor2	STRUCTURAL	call result of math.floor			
20	81	v20_81	region3	STRUCTURAL	exact engine global gRegion	Region	EXACT_EXPORT	exact engine global gRegion
20	84	v20_84	npcManager2	CORPUS_CATALOG	semantic-sdk:lua:method:Region:GetNpcMgr; confidence=OBSERVED_STABLE_SHAPE; status=CATALOG_ONLY; evidence=; result of GetNpcMgr	NpcManager	CORPUS_CATALOG	semantic-sdk:lua:method:Region:GetNpcMgr; confidence=OBSERVED_STABLE_SHAPE; status=CATALOG_ONLY; evidence=; result of GetNpcMgr
20	87	v20_87	aiDirector2	CORPUS_CATALOG	semantic-sdk:lua:method:Region:GetAiDirector; confidence=OBSERVED_STABLE_SHAPE; status=CATALOG_ONLY; evidence=; result of GetAiDirector	AiDirector	CORPUS_CATALOG	semantic-sdk:lua:method:Region:GetAiDirector; confidence=OBSERVED_STABLE_SHAPE; status=CATALOG_ONLY; evidence=; result of GetAiDirector
20	90	v20_90	npcHardCap	STRUCTURAL	call result of GetNpcHardCap			
20	93	v20_93	mathMin2	STRUCTURAL	call result of math.min			
21	2	v21_2	mathCos	STRUCTURAL	call result of math.cos			
21	10	v21_10	lerp	STRUCTURAL	call result of Lerp			
21	20	v21_20	mathMod	STRUCTURAL	call result of math.mod			
22	4	v22_4	mathFloor	STRUCTURAL	call result of math.floor			
22	5	v22_5	region	STRUCTURAL	exact engine global gRegion	Region	EXACT_EXPORT	exact engine global gRegion
22	8	v22_8	npcManager	CORPUS_CATALOG	semantic-sdk:lua:method:Region:GetNpcMgr; confidence=OBSERVED_STABLE_SHAPE; status=CATALOG_ONLY; evidence=; result of GetNpcMgr	NpcManager	CORPUS_CATALOG	semantic-sdk:lua:method:Region:GetNpcMgr; confidence=OBSERVED_STABLE_SHAPE; status=CATALOG_ONLY; evidence=; result of GetNpcMgr
22	11	v22_11	aiDirector	CORPUS_CATALOG	semantic-sdk:lua:method:Region:GetAiDirector; confidence=OBSERVED_STABLE_SHAPE; status=CATALOG_ONLY; evidence=; result of GetAiDirector	AiDirector	CORPUS_CATALOG	semantic-sdk:lua:method:Region:GetAiDirector; confidence=OBSERVED_STABLE_SHAPE; status=CATALOG_ONLY; evidence=; result of GetAiDirector
23	0	v23_0	region	STRUCTURAL	exact engine global gRegion	Region	EXACT_EXPORT	exact engine global gRegion
23	3	v23_3	humanPlayers	STRUCTURAL	call result of GetHumanPlayers			
23	6	v23_6	ipairs1	STRUCTURAL	call result of ipairs			
23	7	v23_7	ipairs2	STRUCTURAL	call result of ipairs			
23	8	v23_8	ipairs3	STRUCTURAL	call result of ipairs			
23	9	v23_9	value	API_CONTRACT	semantic-sdk:lua:global_function:_GLOBAL:IsNull; confidence=STOCK_BYTECODE; status=CONFIRMED; evidence=WF-STOCK-BARD-BOXLOOP; argument 0 of IsNull			
23	11	v23_11	isNull	API_CONTRACT	semantic-sdk:lua:global_function:_GLOBAL:IsNull; confidence=STOCK_BYTECODE; status=CONFIRMED; evidence=WF-STOCK-BARD-BOXLOOP; result of IsNull	boolean	API_CONTRACT	semantic-sdk:lua:global_function:_GLOBAL:IsNull; confidence=STOCK_BYTECODE; status=CONFIRMED; evidence=WF-STOCK-BARD-BOXLOOP; result of IsNull
23	14	v23_14	ownedPowerSuitAvatar	STRUCTURAL	call result of GetOwnedPowerSuitAvatar	Avatar	CORPUS_CATALOG	semantic-sdk:lua:method:Avatar:InventoryControl; confidence=OBSERVED_STABLE_ARGS; status=CATALOG_ONLY; evidence=; receiver of InventoryControl
23	15	v23_15	value2	API_CONTRACT	semantic-sdk:lua:global_function:_GLOBAL:IsNull; confidence=STOCK_BYTECODE; status=CONFIRMED; evidence=WF-STOCK-BARD-BOXLOOP; argument 0 of IsNull			
23	17	v23_17	isNull2	API_CONTRACT	semantic-sdk:lua:global_function:_GLOBAL:IsNull; confidence=STOCK_BYTECODE; status=CONFIRMED; evidence=WF-STOCK-BARD-BOXLOOP; result of IsNull	boolean	API_CONTRACT	semantic-sdk:lua:global_function:_GLOBAL:IsNull; confidence=STOCK_BYTECODE; status=CONFIRMED; evidence=WF-STOCK-BARD-BOXLOOP; result of IsNull
23	20	v23_20	inventoryControl	CORPUS_CATALOG	semantic-sdk:lua:method:Avatar:InventoryControl; confidence=OBSERVED_STABLE_ARGS; status=CATALOG_ONLY; evidence=; result of InventoryControl	InventoryControl	CORPUS_CATALOG	semantic-sdk:lua:method:Avatar:InventoryControl; confidence=OBSERVED_STABLE_ARGS; status=CATALOG_ONLY; evidence=; result of InventoryControl
23	27	v23_27	avatar	CORPUS_CATALOG	semantic-sdk:lua:method:AgentOrEngineObject:GetAvatar; confidence=OBSERVED_STABLE_ARGS; status=CATALOG_ONLY; evidence=; result of GetAvatar	Avatar	CORPUS_CATALOG	semantic-sdk:lua:method:AgentOrEngineObject:GetAvatar; confidence=OBSERVED_STABLE_ARGS; status=CATALOG_ONLY; evidence=; result of GetAvatar
23	28	v23_28	value3	API_CONTRACT	semantic-sdk:lua:global_function:_GLOBAL:IsNull; confidence=STOCK_BYTECODE; status=CONFIRMED; evidence=WF-STOCK-BARD-BOXLOOP; argument 0 of IsNull			
23	30	v23_30	isNull3	API_CONTRACT	semantic-sdk:lua:global_function:_GLOBAL:IsNull; confidence=STOCK_BYTECODE; status=CONFIRMED; evidence=WF-STOCK-BARD-BOXLOOP; result of IsNull	boolean	API_CONTRACT	semantic-sdk:lua:global_function:_GLOBAL:IsNull; confidence=STOCK_BYTECODE; status=CONFIRMED; evidence=WF-STOCK-BARD-BOXLOOP; result of IsNull
23	33	v23_33	inventoryControl2	CORPUS_CATALOG	semantic-sdk:lua:method:Avatar:InventoryControl; confidence=OBSERVED_STABLE_ARGS; status=CATALOG_ONLY; evidence=; result of InventoryControl	InventoryControl	CORPUS_CATALOG	semantic-sdk:lua:method:Avatar:InventoryControl; confidence=OBSERVED_STABLE_ARGS; status=CATALOG_ONLY; evidence=; result of InventoryControl
23	40	v23_40	operatorAvatar	STRUCTURAL	call result of GetOperatorAvatar	Avatar	CORPUS_CATALOG	semantic-sdk:lua:method:Avatar:InventoryControl; confidence=OBSERVED_STABLE_ARGS; status=CATALOG_ONLY; evidence=; receiver of InventoryControl
23	41	v23_41	value4	API_CONTRACT	semantic-sdk:lua:global_function:_GLOBAL:IsNull; confidence=STOCK_BYTECODE; status=CONFIRMED; evidence=WF-STOCK-BARD-BOXLOOP; argument 0 of IsNull			
23	43	v23_43	isNull4	API_CONTRACT	semantic-sdk:lua:global_function:_GLOBAL:IsNull; confidence=STOCK_BYTECODE; status=CONFIRMED; evidence=WF-STOCK-BARD-BOXLOOP; result of IsNull	boolean	API_CONTRACT	semantic-sdk:lua:global_function:_GLOBAL:IsNull; confidence=STOCK_BYTECODE; status=CONFIRMED; evidence=WF-STOCK-BARD-BOXLOOP; result of IsNull
23	46	v23_46	inventoryControl3	CORPUS_CATALOG	semantic-sdk:lua:method:Avatar:InventoryControl; confidence=OBSERVED_STABLE_ARGS; status=CATALOG_ONLY; evidence=; result of InventoryControl	InventoryControl	CORPUS_CATALOG	semantic-sdk:lua:method:Avatar:InventoryControl; confidence=OBSERVED_STABLE_ARGS; status=CATALOG_ONLY; evidence=; result of InventoryControl
23	54	v23_54	agentOrEngineObject	CORPUS_CATALOG	semantic-sdk:lua:method:AgentOrEngineObject:GetAvatar; confidence=OBSERVED_STABLE_ARGS; status=CATALOG_ONLY; evidence=; receiver of GetAvatar	AgentOrEngineObject	CORPUS_CATALOG	semantic-sdk:lua:method:AgentOrEngineObject:GetAvatar; confidence=OBSERVED_STABLE_ARGS; status=CATALOG_ONLY; evidence=; receiver of GetAvatar
24	10	v24_10	netPersistentVar	STRUCTURAL	call result of GetNetPersistentVar			
24	22	v24_22	mathFloor	STRUCTURAL	call result of math.floor			
24	23	v24_23	region	STRUCTURAL	exact engine global gRegion	Region	EXACT_EXPORT	exact engine global gRegion
24	26	v24_26	npcManager	CORPUS_CATALOG	semantic-sdk:lua:method:Region:GetNpcMgr; confidence=OBSERVED_STABLE_SHAPE; status=CATALOG_ONLY; evidence=; result of GetNpcMgr	NpcManager	CORPUS_CATALOG	semantic-sdk:lua:method:Region:GetNpcMgr; confidence=OBSERVED_STABLE_SHAPE; status=CATALOG_ONLY; evidence=; result of GetNpcMgr
24	29	v24_29	aiDirector	CORPUS_CATALOG	semantic-sdk:lua:method:Region:GetAiDirector; confidence=OBSERVED_STABLE_SHAPE; status=CATALOG_ONLY; evidence=; result of GetAiDirector	AiDirector	CORPUS_CATALOG	semantic-sdk:lua:method:Region:GetAiDirector; confidence=OBSERVED_STABLE_SHAPE; status=CATALOG_ONLY; evidence=; result of GetAiDirector
24	38	v24_38	value	API_CONTRACT	semantic-sdk:lua:global_function:_GLOBAL:IsNull; confidence=STOCK_BYTECODE; status=CONFIRMED; evidence=WF-STOCK-BARD-BOXLOOP; argument 0 of IsNull			
24	40	v24_40	isNull	API_CONTRACT	semantic-sdk:lua:global_function:_GLOBAL:IsNull; confidence=STOCK_BYTECODE; status=CONFIRMED; evidence=WF-STOCK-BARD-BOXLOOP; result of IsNull	boolean	API_CONTRACT	semantic-sdk:lua:global_function:_GLOBAL:IsNull; confidence=STOCK_BYTECODE; status=CONFIRMED; evidence=WF-STOCK-BARD-BOXLOOP; result of IsNull
24	43	v24_43	region2	STRUCTURAL	exact engine global gRegion	Region	EXACT_EXPORT	exact engine global gRegion
24	50	v24_50	ipairs1	STRUCTURAL	call result of ipairs			
24	51	v24_51	ipairs2	STRUCTURAL	call result of ipairs			
24	52	v24_52	ipairs3	STRUCTURAL	call result of ipairs			
24	55	v24_55	power	STRUCTURAL	call result of GetPower			
24	63	v24_63	region3	STRUCTURAL	exact engine global gRegion	Region	EXACT_EXPORT	exact engine global gRegion
24	67	v24_67	array	CORPUS_CATALOG	semantic-sdk:lua:method:Region:FindAll; confidence=OBSERVED_VARIABLE_OR_OPEN; status=CATALOG_ONLY; evidence=; result of FindAll	array<EngineObject>	CORPUS_CATALOG	semantic-sdk:lua:method:Region:FindAll; confidence=OBSERVED_VARIABLE_OR_OPEN; status=CATALOG_ONLY; evidence=; result of FindAll
24	74	v24_74	mathMax	STRUCTURAL	call result of math.max			
24	80	v24_80	mathMin	STRUCTURAL	call result of math.min			
24	81	v24_81	region4	STRUCTURAL	exact engine global gRegion	Region	EXACT_EXPORT	exact engine global gRegion
24	84	v24_84	humanPlayerAvatars	STRUCTURAL	call result of GetHumanPlayerAvatars			
24	90	v24_90	netPersistentVar2	STRUCTURAL	call result of GetNetPersistentVar			
24	97	v24_97	value2	API_CONTRACT	semantic-sdk:lua:global_function:_GLOBAL:IsNull; confidence=STOCK_BYTECODE; status=CONFIRMED; evidence=WF-STOCK-BARD-BOXLOOP; argument 0 of IsNull			
24	99	v24_99	isNull2	API_CONTRACT	semantic-sdk:lua:global_function:_GLOBAL:IsNull; confidence=STOCK_BYTECODE; status=CONFIRMED; evidence=WF-STOCK-BARD-BOXLOOP; result of IsNull	boolean	API_CONTRACT	semantic-sdk:lua:global_function:_GLOBAL:IsNull; confidence=STOCK_BYTECODE; status=CONFIRMED; evidence=WF-STOCK-BARD-BOXLOOP; result of IsNull
24	102	v24_102	mathCos	STRUCTURAL	call result of math.cos			
24	110	v24_110	lerp	STRUCTURAL	call result of Lerp			
24	120	v24_120	mathMod	STRUCTURAL	call result of math.mod			
24	129	v24_129	mathMin2	STRUCTURAL	call result of math.min			
24	133	v24_133	mathFloor2	STRUCTURAL	call result of math.floor			
24	134	v24_134	region5	STRUCTURAL	exact engine global gRegion	Region	EXACT_EXPORT	exact engine global gRegion
24	137	v24_137	npcManager2	CORPUS_CATALOG	semantic-sdk:lua:method:Region:GetNpcMgr; confidence=OBSERVED_STABLE_SHAPE; status=CATALOG_ONLY; evidence=; result of GetNpcMgr	NpcManager	CORPUS_CATALOG	semantic-sdk:lua:method:Region:GetNpcMgr; confidence=OBSERVED_STABLE_SHAPE; status=CATALOG_ONLY; evidence=; result of GetNpcMgr
24	140	v24_140	aiDirector2	CORPUS_CATALOG	semantic-sdk:lua:method:Region:GetAiDirector; confidence=OBSERVED_STABLE_SHAPE; status=CATALOG_ONLY; evidence=; result of GetAiDirector	AiDirector	CORPUS_CATALOG	semantic-sdk:lua:method:Region:GetAiDirector; confidence=OBSERVED_STABLE_SHAPE; status=CATALOG_ONLY; evidence=; result of GetAiDirector
25	7	v25_7	avatarOrEntity	CORPUS_CATALOG	semantic-sdk:lua:method:AvatarOrEntity:GetPosition; confidence=OBSERVED_STABLE_ARGS; status=CATALOG_ONLY; evidence=; receiver of GetPosition	AvatarOrEntity	CORPUS_CATALOG	semantic-sdk:lua:method:AvatarOrEntity:GetPosition; confidence=OBSERVED_STABLE_ARGS; status=CATALOG_ONLY; evidence=; receiver of GetPosition
25	10	v25_10	vector3	CORPUS_CATALOG	semantic-sdk:lua:method:AvatarOrEntity:GetPosition; confidence=OBSERVED_STABLE_ARGS; status=CATALOG_ONLY; evidence=; result of GetPosition	Vector3	CORPUS_CATALOG	semantic-sdk:lua:method:AvatarOrEntity:GetPosition; confidence=OBSERVED_STABLE_ARGS; status=CATALOG_ONLY; evidence=; result of GetPosition
25	14	v25_14	avatarOrEntity2	CORPUS_CATALOG	semantic-sdk:lua:method:AvatarOrEntity:GetPosition; confidence=OBSERVED_STABLE_ARGS; status=CATALOG_ONLY; evidence=; receiver of GetPosition	AvatarOrEntity	CORPUS_CATALOG	semantic-sdk:lua:method:AvatarOrEntity:GetPosition; confidence=OBSERVED_STABLE_ARGS; status=CATALOG_ONLY; evidence=; receiver of GetPosition
25	17	v25_17	vector32	CORPUS_CATALOG	semantic-sdk:lua:method:AvatarOrEntity:GetPosition; confidence=OBSERVED_STABLE_ARGS; status=CATALOG_ONLY; evidence=; result of GetPosition	Vector3	CORPUS_CATALOG	semantic-sdk:lua:method:AvatarOrEntity:GetPosition; confidence=OBSERVED_STABLE_ARGS; status=CATALOG_ONLY; evidence=; result of GetPosition
25	21	v25_21	distance	STRUCTURAL	call result of Distance			
25	24	v25_24	roundValue	STRUCTURAL	field read Round			
25	26	v25_26	round	STRUCTURAL	call result of Round			
25	29	v25_29	roundValue2	STRUCTURAL	field read Round			
25	31	v25_31	round2	STRUCTURAL	call result of Round			
26	1	v26_1	avatarOrEntity	CORPUS_CATALOG	semantic-sdk:lua:method:AvatarOrEntity:GetPosition; confidence=OBSERVED_STABLE_ARGS; status=CATALOG_ONLY; evidence=; receiver of GetPosition	AvatarOrEntity	CORPUS_CATALOG	semantic-sdk:lua:method:AvatarOrEntity:GetPosition; confidence=OBSERVED_STABLE_ARGS; status=CATALOG_ONLY; evidence=; receiver of GetPosition
26	4	v26_4	vector3	CORPUS_CATALOG	semantic-sdk:lua:method:AvatarOrEntity:GetPosition; confidence=OBSERVED_STABLE_ARGS; status=CATALOG_ONLY; evidence=; result of GetPosition	Vector3	CORPUS_CATALOG	semantic-sdk:lua:method:AvatarOrEntity:GetPosition; confidence=OBSERVED_STABLE_ARGS; status=CATALOG_ONLY; evidence=; result of GetPosition
26	14	v26_14	avatarOrEntity2	API_CONTRACT	semantic-sdk:lua:method:AvatarOrEntity:DistanceToPoint; confidence=STOCK_BYTECODE; status=CONFIRMED; evidence=WF-R5-CALLSHAPE-CORPUS;WF-R5-DIFFERENTIAL-V3;WF-R5-NUMERIC-EVIDENCE; receiver of DistanceToPoint	AvatarOrEntity	API_CONTRACT	semantic-sdk:lua:method:AvatarOrEntity:DistanceToPoint; confidence=STOCK_BYTECODE; status=CONFIRMED; evidence=WF-R5-CALLSHAPE-CORPUS;WF-R5-DIFFERENTIAL-V3;WF-R5-NUMERIC-EVIDENCE; receiver of DistanceToPoint
26	15	v26_15	point_or_ref	API_CONTRACT	semantic-sdk:lua:method:AvatarOrEntity:DistanceToPoint; confidence=STOCK_BYTECODE; status=CONFIRMED; evidence=WF-R5-CALLSHAPE-CORPUS;WF-R5-DIFFERENTIAL-V3;WF-R5-NUMERIC-EVIDENCE; argument 0 of DistanceToPoint	opaque	API_CONTRACT	semantic-sdk:lua:method:AvatarOrEntity:DistanceToPoint; confidence=STOCK_BYTECODE; status=CONFIRMED; evidence=WF-R5-CALLSHAPE-CORPUS;WF-R5-DIFFERENTIAL-V3;WF-R5-NUMERIC-EVIDENCE; argument type 0 of DistanceToPoint
26	18	v26_18	number_luau_facing	API_CONTRACT	semantic-sdk:lua:method:AvatarOrEntity:DistanceToPoint; confidence=STOCK_BYTECODE; status=CONFIRMED; evidence=WF-R5-CALLSHAPE-CORPUS;WF-R5-DIFFERENTIAL-V3;WF-R5-NUMERIC-EVIDENCE; result of DistanceToPoint	number_luau_facing	API_CONTRACT	semantic-sdk:lua:method:AvatarOrEntity:DistanceToPoint; confidence=STOCK_BYTECODE; status=CONFIRMED; evidence=WF-R5-CALLSHAPE-CORPUS;WF-R5-DIFFERENTIAL-V3;WF-R5-NUMERIC-EVIDENCE; result of DistanceToPoint
26	21	v26_21	avatarOrEntity3	CORPUS_CATALOG	semantic-sdk:lua:method:AvatarOrEntity:GetPosition; confidence=OBSERVED_STABLE_ARGS; status=CATALOG_ONLY; evidence=; receiver of GetPosition	AvatarOrEntity	CORPUS_CATALOG	semantic-sdk:lua:method:AvatarOrEntity:GetPosition; confidence=OBSERVED_STABLE_ARGS; status=CATALOG_ONLY; evidence=; receiver of GetPosition
26	24	v26_24	vector32	CORPUS_CATALOG	semantic-sdk:lua:method:AvatarOrEntity:GetPosition; confidence=OBSERVED_STABLE_ARGS; status=CATALOG_ONLY; evidence=; result of GetPosition	Vector3	CORPUS_CATALOG	semantic-sdk:lua:method:AvatarOrEntity:GetPosition; confidence=OBSERVED_STABLE_ARGS; status=CATALOG_ONLY; evidence=; result of GetPosition
27	0	v27_0	region	STRUCTURAL	exact engine global gRegion	Region	EXACT_EXPORT	exact engine global gRegion
27	3	v27_3	symbol	STRUCTURAL	call result of Symbol			
27	4	v27_4	symbol2	STRUCTURAL	call result of Symbol			
27	5	v27_5	symbol3	STRUCTURAL	call result of Symbol			
27	6	v27_6	symbol4	STRUCTURAL	call result of Symbol			
27	7	v27_7	symbol5	STRUCTURAL	call result of Symbol			
27	8	v27_8	symbol6	STRUCTURAL	call result of Symbol			
27	9	v27_9	symbol7	STRUCTURAL	call result of Symbol			
27	10	v27_10	symbol8	STRUCTURAL	call result of Symbol			
27	11	v27_11	symbol9	STRUCTURAL	call result of Symbol			
27	12	v27_12	symbol10	STRUCTURAL	call result of Symbol			
27	13	v27_13	symbol11	STRUCTURAL	call result of Symbol			
27	14	v27_14	symbol12	STRUCTURAL	call result of Symbol			
27	15	v27_15	symbol13	STRUCTURAL	call result of Symbol			
27	16	v27_16	symbol14	STRUCTURAL	call result of Symbol			
27	17	v27_17	symbol15	STRUCTURAL	call result of Symbol			
27	18	v27_18	symbol16	STRUCTURAL	call result of Symbol			
27	19	v27_19	symbol17	STRUCTURAL	call result of Symbol			
27	20	v27_20	symbol18	STRUCTURAL	call result of Symbol			
27	21	v27_21	symbol19	STRUCTURAL	call result of Symbol			
27	22	v27_22	symbol20	STRUCTURAL	call result of Symbol			
27	23	v27_23	symbol21	STRUCTURAL	call result of Symbol			
27	24	v27_24	symbol22	STRUCTURAL	call result of Symbol			
27	25	v27_25	symbol23	STRUCTURAL	call result of Symbol			
27	26	v27_26	symbol24	STRUCTURAL	call result of Symbol			
27	27	v27_27	symbol25	STRUCTURAL	call result of Symbol			
27	28	v27_28	symbol26	STRUCTURAL	call result of Symbol			
27	29	v27_29	symbol27	STRUCTURAL	call result of Symbol			
27	30	v27_30	symbol28	STRUCTURAL	call result of Symbol			
27	33	v27_33	tagged	STRUCTURAL	call result of FindTagged			
27	36	v27_36	region2	STRUCTURAL	exact engine global gRegion	Region	EXACT_EXPORT	exact engine global gRegion
27	40	v27_40	tagged2	STRUCTURAL	call result of FindTagged			
27	41	v27_41	tableValue	STRUCTURAL	verified NEWTABLE value			
27	42	v27_42	region3	STRUCTURAL	exact engine global gRegion	Region	EXACT_EXPORT	exact engine global gRegion
27	46	v27_46	tagged3	STRUCTURAL	call result of FindTagged			
27	53	v27_53	region4	STRUCTURAL	exact engine global gRegion	Region	EXACT_EXPORT	exact engine global gRegion
27	57	v27_57	tagged4	STRUCTURAL	call result of FindTagged			
27	69	v27_69	tFilterEntitiesToCurrentLayer	STRUCTURAL	call result of _T.FilterEntitiesToCurrentLayer			
27	71	v27_71	shuffleTableValue	STRUCTURAL	field read ShuffleTable			
27	76	v27_76	mission	STRUCTURAL	call result of GetMission			
27	77	v27_77	goalTagValue	STRUCTURAL	field read goalTag			
27	81	v27_81	symbol29	STRUCTURAL	call result of Symbol			
27	84	v27_84	symbol30	STRUCTURAL	call result of Symbol			
27	86	v27_86	sortByLayerIndexValue	STRUCTURAL	field read SortByLayerIndex			
27	88	v27_88	sortByLayerIndex	STRUCTURAL	call result of SortByLayerIndex			
27	95	v27_95	zone	STRUCTURAL	call result of GetZone			
27	98	v27_98	layerIndex	STRUCTURAL	call result of GetLayerIndex			
27	107	v27_107	zone2	STRUCTURAL	call result of GetZone			
27	110	v27_110	layerIndex2	STRUCTURAL	call result of GetLayerIndex			
27	123	v27_123	tableValue2	STRUCTURAL	verified NEWTABLE value			
27	124	v27_124	tableValue3	STRUCTURAL	verified NEWTABLE value			
27	133	v27_133	zone3	STRUCTURAL	call result of GetZone			
27	134	v27_134	value	API_CONTRACT	semantic-sdk:lua:global_function:_GLOBAL:IsNull; confidence=STOCK_BYTECODE; status=CONFIRMED; evidence=WF-STOCK-BARD-BOXLOOP; argument 0 of IsNull			
27	136	v27_136	isNull	API_CONTRACT	semantic-sdk:lua:global_function:_GLOBAL:IsNull; confidence=STOCK_BYTECODE; status=CONFIRMED; evidence=WF-STOCK-BARD-BOXLOOP; result of IsNull	boolean	API_CONTRACT	semantic-sdk:lua:global_function:_GLOBAL:IsNull; confidence=STOCK_BYTECODE; status=CONFIRMED; evidence=WF-STOCK-BARD-BOXLOOP; result of IsNull
27	141	v27_141	fullName	STRUCTURAL	call result of GetFullName			
27	149	v27_149	fullName2	STRUCTURAL	call result of GetFullName			
27	153	v27_153	layerIndex3	STRUCTURAL	call result of GetLayerIndex			
27	155	v27_155	tableValue4	STRUCTURAL	verified NEWTABLE value			
27	173	v27_173	tableValue5	STRUCTURAL	verified NEWTABLE value			
27	178	v27_178	region5	STRUCTURAL	exact engine global gRegion	Region	EXACT_EXPORT	exact engine global gRegion
27	183	v27_183	zonePath	STRUCTURAL	call result of FindZonePath			
27	190	v27_190	zone4	STRUCTURAL	call result of GetZone			
27	191	v27_191	value2	API_CONTRACT	semantic-sdk:lua:global_function:_GLOBAL:IsNull; confidence=STOCK_BYTECODE; status=CONFIRMED; evidence=WF-STOCK-BARD-BOXLOOP; argument 0 of IsNull			
27	193	v27_193	isNull2	API_CONTRACT	semantic-sdk:lua:global_function:_GLOBAL:IsNull; confidence=STOCK_BYTECODE; status=CONFIRMED; evidence=WF-STOCK-BARD-BOXLOOP; result of IsNull	boolean	API_CONTRACT	semantic-sdk:lua:global_function:_GLOBAL:IsNull; confidence=STOCK_BYTECODE; status=CONFIRMED; evidence=WF-STOCK-BARD-BOXLOOP; result of IsNull
27	196	v27_196	layerIndex4	STRUCTURAL	call result of GetLayerIndex			
27	215	v27_215	shuffleTableValue2	STRUCTURAL	field read ShuffleTable			
27	217	v27_217	tableValue6	STRUCTURAL	verified NEWTABLE value			
27	239	v27_239	tableValue7	STRUCTURAL	verified NEWTABLE value			
27	252	v27_252	avatarOrEntity	CORPUS_CATALOG	semantic-sdk:lua:method:AvatarOrEntity:DistanceToEntity; confidence=OBSERVED_STABLE_SHAPE; status=CATALOG_ONLY; evidence=; receiver of DistanceToEntity	AvatarOrEntity	CORPUS_CATALOG	semantic-sdk:lua:method:AvatarOrEntity:DistanceToEntity; confidence=OBSERVED_STABLE_SHAPE; status=CATALOG_ONLY; evidence=; receiver of DistanceToEntity
27	257	v27_257	distanceToEntity	CORPUS_CATALOG	semantic-sdk:lua:method:AvatarOrEntity:DistanceToEntity; confidence=OBSERVED_STABLE_SHAPE; status=CATALOG_ONLY; evidence=; result of DistanceToEntity	number	CORPUS_CATALOG	semantic-sdk:lua:method:AvatarOrEntity:DistanceToEntity; confidence=OBSERVED_STABLE_SHAPE; status=CATALOG_ONLY; evidence=; result of DistanceToEntity
27	291	v27_291	region6	STRUCTURAL	exact engine global gRegion	Region	EXACT_EXPORT	exact engine global gRegion
27	297	v27_297	value3	API_CONTRACT	semantic-sdk:lua:global_function:_GLOBAL:IsNull; confidence=STOCK_BYTECODE; status=CONFIRMED; evidence=WF-STOCK-BARD-BOXLOOP; argument 0 of IsNull			
27	299	v27_299	isNull3	API_CONTRACT	semantic-sdk:lua:global_function:_GLOBAL:IsNull; confidence=STOCK_BYTECODE; status=CONFIRMED; evidence=WF-STOCK-BARD-BOXLOOP; result of IsNull	boolean	API_CONTRACT	semantic-sdk:lua:global_function:_GLOBAL:IsNull; confidence=STOCK_BYTECODE; status=CONFIRMED; evidence=WF-STOCK-BARD-BOXLOOP; result of IsNull
28	8	v28_8	ipairs1	STRUCTURAL	call result of ipairs			
28	9	v28_9	ipairs2	STRUCTURAL	call result of ipairs			
28	10	v28_10	ipairs3	STRUCTURAL	call result of ipairs			
28	11	v28_11	value	API_CONTRACT	semantic-sdk:lua:global_function:_GLOBAL:IsNull; confidence=STOCK_BYTECODE; status=CONFIRMED; evidence=WF-STOCK-BARD-BOXLOOP; argument 0 of IsNull			
28	13	v28_13	isNull	API_CONTRACT	semantic-sdk:lua:global_function:_GLOBAL:IsNull; confidence=STOCK_BYTECODE; status=CONFIRMED; evidence=WF-STOCK-BARD-BOXLOOP; result of IsNull	boolean	API_CONTRACT	semantic-sdk:lua:global_function:_GLOBAL:IsNull; confidence=STOCK_BYTECODE; status=CONFIRMED; evidence=WF-STOCK-BARD-BOXLOOP; result of IsNull
28	16	v28_16	isEnabled	CORPUS_CATALOG	semantic-sdk:lua:method:EngineObject:IsEnabled; confidence=OBSERVED_STABLE_SHAPE; status=CATALOG_ONLY; evidence=; result of IsEnabled	boolean	CORPUS_CATALOG	semantic-sdk:lua:method:EngineObject:IsEnabled; confidence=OBSERVED_STABLE_SHAPE; status=CATALOG_ONLY; evidence=; result of IsEnabled
28	20	v28_20	engineObject	CORPUS_CATALOG	semantic-sdk:lua:method:EngineObject:IsEnabled; confidence=OBSERVED_STABLE_SHAPE; status=CATALOG_ONLY; evidence=; receiver of IsEnabled	EngineObject	CORPUS_CATALOG	semantic-sdk:lua:method:EngineObject:IsEnabled; confidence=OBSERVED_STABLE_SHAPE; status=CATALOG_ONLY; evidence=; receiver of IsEnabled
28	32	v28_32	netPersistentVar	STRUCTURAL	call result of GetNetPersistentVar			
28	37	v28_37	netPersistentVar2	STRUCTURAL	call result of GetNetPersistentVar			
28	44	v28_44	avatarOrEntity	CORPUS_CATALOG	semantic-sdk:lua:method:AvatarOrEntity:GetPosition; confidence=OBSERVED_STABLE_ARGS; status=CATALOG_ONLY; evidence=; receiver of GetPosition	AvatarOrEntity	CORPUS_CATALOG	semantic-sdk:lua:method:AvatarOrEntity:GetPosition; confidence=OBSERVED_STABLE_ARGS; status=CATALOG_ONLY; evidence=; receiver of GetPosition
28	45	v28_45	region	STRUCTURAL	exact engine global gRegion	Region	EXACT_EXPORT	exact engine global gRegion
28	49	v28_49	vector3	CORPUS_CATALOG	semantic-sdk:lua:method:AvatarOrEntity:GetPosition; confidence=OBSERVED_STABLE_ARGS; status=CATALOG_ONLY; evidence=; result of GetPosition	Vector3	CORPUS_CATALOG	semantic-sdk:lua:method:AvatarOrEntity:GetPosition; confidence=OBSERVED_STABLE_ARGS; status=CATALOG_ONLY; evidence=; result of GetPosition
28	53	v28_53	nearest	STRUCTURAL	call result of FindNearest	EngineObject	CORPUS_CATALOG	semantic-sdk:lua:method:EngineObject:IsEnabled; confidence=OBSERVED_STABLE_SHAPE; status=CATALOG_ONLY; evidence=; receiver of IsEnabled
28	54	v28_54	value2	API_CONTRACT	semantic-sdk:lua:global_function:_GLOBAL:IsNull; confidence=STOCK_BYTECODE; status=CONFIRMED; evidence=WF-STOCK-BARD-BOXLOOP; argument 0 of IsNull			
28	56	v28_56	isNull2	API_CONTRACT	semantic-sdk:lua:global_function:_GLOBAL:IsNull; confidence=STOCK_BYTECODE; status=CONFIRMED; evidence=WF-STOCK-BARD-BOXLOOP; result of IsNull	boolean	API_CONTRACT	semantic-sdk:lua:global_function:_GLOBAL:IsNull; confidence=STOCK_BYTECODE; status=CONFIRMED; evidence=WF-STOCK-BARD-BOXLOOP; result of IsNull
28	61	v28_61	fullName	STRUCTURAL	call result of GetFullName			
28	68	v28_68	isEnabled2	CORPUS_CATALOG	semantic-sdk:lua:method:EngineObject:IsEnabled; confidence=OBSERVED_STABLE_SHAPE; status=CATALOG_ONLY; evidence=; result of IsEnabled	boolean	CORPUS_CATALOG	semantic-sdk:lua:method:EngineObject:IsEnabled; confidence=OBSERVED_STABLE_SHAPE; status=CATALOG_ONLY; evidence=; result of IsEnabled
28	73	v28_73	netPersistentVar3	STRUCTURAL	call result of GetNetPersistentVar			
28	74	v28_74	region2	STRUCTURAL	exact engine global gRegion	Region	EXACT_EXPORT	exact engine global gRegion
28	78	v28_78	vector32	CORPUS_CATALOG	semantic-sdk:lua:method:AvatarOrEntity:GetPosition; confidence=OBSERVED_STABLE_ARGS; status=CATALOG_ONLY; evidence=; result of GetPosition	Vector3	CORPUS_CATALOG	semantic-sdk:lua:method:AvatarOrEntity:GetPosition; confidence=OBSERVED_STABLE_ARGS; status=CATALOG_ONLY; evidence=; result of GetPosition
28	82	v28_82	nearest2	STRUCTURAL	call result of FindNearest	EngineObject	CORPUS_CATALOG	semantic-sdk:lua:method:EngineObject:IsEnabled; confidence=OBSERVED_STABLE_SHAPE; status=CATALOG_ONLY; evidence=; receiver of IsEnabled
28	83	v28_83	value3	API_CONTRACT	semantic-sdk:lua:global_function:_GLOBAL:IsNull; confidence=STOCK_BYTECODE; status=CONFIRMED; evidence=WF-STOCK-BARD-BOXLOOP; argument 0 of IsNull			
28	85	v28_85	isNull3	API_CONTRACT	semantic-sdk:lua:global_function:_GLOBAL:IsNull; confidence=STOCK_BYTECODE; status=CONFIRMED; evidence=WF-STOCK-BARD-BOXLOOP; result of IsNull	boolean	API_CONTRACT	semantic-sdk:lua:global_function:_GLOBAL:IsNull; confidence=STOCK_BYTECODE; status=CONFIRMED; evidence=WF-STOCK-BARD-BOXLOOP; result of IsNull
28	88	v28_88	isEnabled3	CORPUS_CATALOG	semantic-sdk:lua:method:EngineObject:IsEnabled; confidence=OBSERVED_STABLE_SHAPE; status=CATALOG_ONLY; evidence=; result of IsEnabled	boolean	CORPUS_CATALOG	semantic-sdk:lua:method:EngineObject:IsEnabled; confidence=OBSERVED_STABLE_SHAPE; status=CATALOG_ONLY; evidence=; result of IsEnabled
28	93	v28_93	netPersistentVar4	STRUCTURAL	call result of GetNetPersistentVar			
28	98	v28_98	mission	STRUCTURAL	call result of GetMission			
28	99	v28_99	maxWaveNumValue	STRUCTURAL	field read maxWaveNum			
28	106	v28_106	mission2	STRUCTURAL	call result of GetMission			
28	107	v28_107	periodicMissionTagValue	STRUCTURAL	field read periodicMissionTag			
28	109	v28_109	eLITE_ALERT_PERIODIC_MISSION_TAGValue	STRUCTURAL	field read ELITE_ALERT_PERIODIC_MISSION_TAG			
28	113	v28_113	mission3	STRUCTURAL	call result of GetMission			
28	114	v28_114	periodicMissionTagValue2	STRUCTURAL	field read periodicMissionTag			
28	116	v28_116	eLITE_ALERT_PERIODIC_MISSION_TAG_ALTValue	STRUCTURAL	field read ELITE_ALERT_PERIODIC_MISSION_TAG_ALT			
28	121	v28_121	netPersistentVar5	STRUCTURAL	call result of GetNetPersistentVar			
28	126	v28_126	goalTagValue	STRUCTURAL	field read goalTag			
28	129	v28_129	symbol	STRUCTURAL	call result of Symbol			
28	130	v28_130	goalTagValue2	STRUCTURAL	field read goalTag			
28	133	v28_133	symbol2	STRUCTURAL	call result of Symbol			
28	146	v28_146	region3	STRUCTURAL	exact engine global gRegion	Region	EXACT_EXPORT	exact engine global gRegion
28	149	v28_149	npcManager	CORPUS_CATALOG	semantic-sdk:lua:method:Region:GetNpcMgr; confidence=OBSERVED_STABLE_SHAPE; status=CATALOG_ONLY; evidence=; result of GetNpcMgr	NpcManager	CORPUS_CATALOG	semantic-sdk:lua:method:Region:GetNpcMgr; confidence=OBSERVED_STABLE_SHAPE; status=CATALOG_ONLY; evidence=; result of GetNpcMgr
28	152	v28_152	aiDirector	CORPUS_CATALOG	semantic-sdk:lua:method:Region:GetAiDirector; confidence=OBSERVED_STABLE_SHAPE; status=CATALOG_ONLY; evidence=; result of GetAiDirector	AiDirector	CORPUS_CATALOG	semantic-sdk:lua:method:Region:GetAiDirector; confidence=OBSERVED_STABLE_SHAPE; status=CATALOG_ONLY; evidence=; result of GetAiDirector
28	171	v28_171	playGlobalTransmissionValue	STRUCTURAL	field read PlayGlobalTransmission			
28	174	v28_174	ternaryValue	STRUCTURAL	field read Ternary			
28	179	v28_179	symbol3	STRUCTURAL	call result of Symbol			
28	182	v28_182	symbol4	STRUCTURAL	call result of Symbol			
28	183	v28_183	symbol5	STRUCTURAL	call result of Symbol			
28	184	v28_184	symbol6	STRUCTURAL	call result of Symbol			
28	185	v28_185	symbol7	STRUCTURAL	call result of Symbol			
28	186	v28_186	symbol8	STRUCTURAL	call result of Symbol			
28	187	v28_187	symbol9	STRUCTURAL	call result of Symbol			
28	188	v28_188	symbol10	STRUCTURAL	call result of Symbol			
28	189	v28_189	symbol11	STRUCTURAL	call result of Symbol			
28	190	v28_190	ternary	STRUCTURAL	call result of Ternary			
28	191	v28_191	ternary2	STRUCTURAL	call result of Ternary			
28	192	v28_192	ternary3	STRUCTURAL	call result of Ternary			
28	193	v28_193	ternary4	STRUCTURAL	call result of Ternary			
28	194	v28_194	ternary5	STRUCTURAL	call result of Ternary			
28	195	v28_195	ternary6	STRUCTURAL	call result of Ternary			
28	196	v28_196	ternary7	STRUCTURAL	call result of Ternary			
28	197	v28_197	ternary8	STRUCTURAL	call result of Ternary			
28	198	v28_198	ternary9	STRUCTURAL	call result of Ternary			
28	199	v28_199	ternary10	STRUCTURAL	call result of Ternary			
28	200	v28_200	ternary11	STRUCTURAL	call result of Ternary			
28	202	v28_202	playGlobalTransmissionValue2	STRUCTURAL	field read PlayGlobalTransmission			
28	205	v28_205	ternaryValue2	STRUCTURAL	field read Ternary			
28	210	v28_210	symbol12	STRUCTURAL	call result of Symbol			
28	213	v28_213	symbol13	STRUCTURAL	call result of Symbol			
28	214	v28_214	symbol14	STRUCTURAL	call result of Symbol			
28	215	v28_215	symbol15	STRUCTURAL	call result of Symbol			
28	216	v28_216	symbol16	STRUCTURAL	call result of Symbol			
28	217	v28_217	symbol17	STRUCTURAL	call result of Symbol			
28	218	v28_218	symbol18	STRUCTURAL	call result of Symbol			
28	219	v28_219	symbol19	STRUCTURAL	call result of Symbol			
28	220	v28_220	symbol20	STRUCTURAL	call result of Symbol			
28	221	v28_221	ternary12	STRUCTURAL	call result of Ternary			
28	222	v28_222	ternary13	STRUCTURAL	call result of Ternary			
28	223	v28_223	ternary14	STRUCTURAL	call result of Ternary			
28	224	v28_224	ternary15	STRUCTURAL	call result of Ternary			
28	225	v28_225	ternary16	STRUCTURAL	call result of Ternary			
28	226	v28_226	ternary17	STRUCTURAL	call result of Ternary			
28	227	v28_227	ternary18	STRUCTURAL	call result of Ternary			
28	228	v28_228	ternary19	STRUCTURAL	call result of Ternary			
28	229	v28_229	ternary20	STRUCTURAL	call result of Ternary			
28	230	v28_230	ternary21	STRUCTURAL	call result of Ternary			
28	231	v28_231	ternary22	STRUCTURAL	call result of Ternary			
29	10	v29_10	ternaryValue	STRUCTURAL	field read Ternary			
29	14	v29_14	ternary	STRUCTURAL	call result of Ternary			
29	16	v29_16	isTransmissionPlayingValue	STRUCTURAL	field read IsTransmissionPlaying			
29	17	v29_17	isTransmissionPlaying	STRUCTURAL	call result of IsTransmissionPlaying			
29	19	v29_19	deltaTime	STRUCTURAL	call result of DeltaTime			
29	25	v29_25	isTransmissionPlayingValue2	STRUCTURAL	field read IsTransmissionPlaying			
29	26	v29_26	isTransmissionPlaying2	STRUCTURAL	call result of IsTransmissionPlaying			
29	28	v29_28	deltaTime2	STRUCTURAL	call result of DeltaTime			
29	37	v29_37	openVoidProjectionRewardScreen	STRUCTURAL	call result of OpenVoidProjectionRewardScreen			
29	38	v29_38	value	API_CONTRACT	semantic-sdk:lua:global_function:_GLOBAL:IsNull; confidence=STOCK_BYTECODE; status=CONFIRMED; evidence=WF-STOCK-BARD-BOXLOOP; argument 0 of IsNull			
29	40	v29_40	isNull	API_CONTRACT	semantic-sdk:lua:global_function:_GLOBAL:IsNull; confidence=STOCK_BYTECODE; status=CONFIRMED; evidence=WF-STOCK-BARD-BOXLOOP; result of IsNull	boolean	API_CONTRACT	semantic-sdk:lua:global_function:_GLOBAL:IsNull; confidence=STOCK_BYTECODE; status=CONFIRMED; evidence=WF-STOCK-BARD-BOXLOOP; result of IsNull
29	41	v29_41	value2	API_CONTRACT	semantic-sdk:lua:global_function:_GLOBAL:IsNull; confidence=STOCK_BYTECODE; status=CONFIRMED; evidence=WF-STOCK-BARD-BOXLOOP; argument 0 of IsNull			
29	43	v29_43	isNull2	API_CONTRACT	semantic-sdk:lua:global_function:_GLOBAL:IsNull; confidence=STOCK_BYTECODE; status=CONFIRMED; evidence=WF-STOCK-BARD-BOXLOOP; result of IsNull	boolean	API_CONTRACT	semantic-sdk:lua:global_function:_GLOBAL:IsNull; confidence=STOCK_BYTECODE; status=CONFIRMED; evidence=WF-STOCK-BARD-BOXLOOP; result of IsNull
29	58	v29_58	openVoidProjectionSelectionScreen	STRUCTURAL	call result of OpenVoidProjectionSelectionScreen			
29	59	v29_59	value3	API_CONTRACT	semantic-sdk:lua:global_function:_GLOBAL:IsNull; confidence=STOCK_BYTECODE; status=CONFIRMED; evidence=WF-STOCK-BARD-BOXLOOP; argument 0 of IsNull			
29	61	v29_61	isNull3	API_CONTRACT	semantic-sdk:lua:global_function:_GLOBAL:IsNull; confidence=STOCK_BYTECODE; status=CONFIRMED; evidence=WF-STOCK-BARD-BOXLOOP; result of IsNull	boolean	API_CONTRACT	semantic-sdk:lua:global_function:_GLOBAL:IsNull; confidence=STOCK_BYTECODE; status=CONFIRMED; evidence=WF-STOCK-BARD-BOXLOOP; result of IsNull
29	62	v29_62	value4	API_CONTRACT	semantic-sdk:lua:global_function:_GLOBAL:IsNull; confidence=STOCK_BYTECODE; status=CONFIRMED; evidence=WF-STOCK-BARD-BOXLOOP; argument 0 of IsNull			
29	64	v29_64	isNull4	API_CONTRACT	semantic-sdk:lua:global_function:_GLOBAL:IsNull; confidence=STOCK_BYTECODE; status=CONFIRMED; evidence=WF-STOCK-BARD-BOXLOOP; result of IsNull	boolean	API_CONTRACT	semantic-sdk:lua:global_function:_GLOBAL:IsNull; confidence=STOCK_BYTECODE; status=CONFIRMED; evidence=WF-STOCK-BARD-BOXLOOP; result of IsNull
30	0	v30_0	region	STRUCTURAL	exact engine global gRegion	Region	EXACT_EXPORT	exact engine global gRegion
30	3	v30_3	npcManager	CORPUS_CATALOG	semantic-sdk:lua:method:Region:GetNpcMgr; confidence=OBSERVED_STABLE_SHAPE; status=CATALOG_ONLY; evidence=; result of GetNpcMgr	NpcManager	CORPUS_CATALOG	semantic-sdk:lua:method:Region:GetNpcMgr; confidence=OBSERVED_STABLE_SHAPE; status=CATALOG_ONLY; evidence=; result of GetNpcMgr
30	6	v30_6	aiDirector	CORPUS_CATALOG	semantic-sdk:lua:method:Region:GetAiDirector; confidence=OBSERVED_STABLE_SHAPE; status=CATALOG_ONLY; evidence=; result of GetAiDirector	AiDirector	CORPUS_CATALOG	semantic-sdk:lua:method:Region:GetAiDirector; confidence=OBSERVED_STABLE_SHAPE; status=CATALOG_ONLY; evidence=; result of GetAiDirector
30	72	v30_72	region2	STRUCTURAL	exact engine global gRegion	Region	EXACT_EXPORT	exact engine global gRegion
30	76	v30_76	engineObject	CORPUS_CATALOG	semantic-sdk:lua:method:Region:FindFirstTagged; confidence=OBSERVED_VARIABLE_OR_OPEN; status=CATALOG_ONLY; evidence=; result of FindFirstTagged	EngineObjectOrNil	CORPUS_CATALOG	semantic-sdk:lua:method:Region:FindFirstTagged; confidence=OBSERVED_VARIABLE_OR_OPEN; status=CATALOG_ONLY; evidence=; result of FindFirstTagged
30	77	v30_77	value	API_CONTRACT	semantic-sdk:lua:global_function:_GLOBAL:IsNull; confidence=STOCK_BYTECODE; status=CONFIRMED; evidence=WF-STOCK-BARD-BOXLOOP; argument 0 of IsNull			
30	79	v30_79	isNull	API_CONTRACT	semantic-sdk:lua:global_function:_GLOBAL:IsNull; confidence=STOCK_BYTECODE; status=CONFIRMED; evidence=WF-STOCK-BARD-BOXLOOP; result of IsNull	boolean	API_CONTRACT	semantic-sdk:lua:global_function:_GLOBAL:IsNull; confidence=STOCK_BYTECODE; status=CONFIRMED; evidence=WF-STOCK-BARD-BOXLOOP; result of IsNull
30	84	v30_84	value2	API_CONTRACT	semantic-sdk:lua:global_function:_GLOBAL:IsNull; confidence=STOCK_BYTECODE; status=CONFIRMED; evidence=WF-STOCK-BARD-BOXLOOP; argument 0 of IsNull			
30	86	v30_86	isNull2	API_CONTRACT	semantic-sdk:lua:global_function:_GLOBAL:IsNull; confidence=STOCK_BYTECODE; status=CONFIRMED; evidence=WF-STOCK-BARD-BOXLOOP; result of IsNull	boolean	API_CONTRACT	semantic-sdk:lua:global_function:_GLOBAL:IsNull; confidence=STOCK_BYTECODE; status=CONFIRMED; evidence=WF-STOCK-BARD-BOXLOOP; result of IsNull
30	94	v30_94	netPersistentVar	STRUCTURAL	call result of GetNetPersistentVar			
30	100	v30_100	netPersistentVar2	STRUCTURAL	call result of GetNetPersistentVar			
30	104	v30_104	mission	STRUCTURAL	call result of GetMission			
30	105	v30_105	tableValue	STRUCTURAL	verified NEWTABLE value			
30	106	v30_106	tableValue2	STRUCTURAL	verified NEWTABLE value			
30	107	v30_107	tableValue3	STRUCTURAL	verified NEWTABLE value			
30	114	v30_114	netPersistentVar3	STRUCTURAL	call result of GetNetPersistentVar			
30	129	v30_129	netPersistentVar4	STRUCTURAL	call result of GetNetPersistentVar			
30	142	v30_142	netPersistentVar5	STRUCTURAL	call result of GetNetPersistentVar			
30	157	v30_157	sharedState	STRUCTURAL	exact engine global _T			
30	172	v30_172	netPersistentVar6	STRUCTURAL	call result of GetNetPersistentVar			
30	175	v30_175	mathFloor	STRUCTURAL	call result of math.floor			
30	187	v30_187	netPersistentVar7	STRUCTURAL	call result of GetNetPersistentVar			
30	189	v30_189	region3	STRUCTURAL	exact engine global gRegion	Region	EXACT_EXPORT	exact engine global gRegion
30	193	v30_193	tagged	STRUCTURAL	call result of FindTagged			
30	194	v30_194	tableValue4	STRUCTURAL	verified NEWTABLE value			
30	198	v30_198	avatarOrEntity	CORPUS_CATALOG	semantic-sdk:lua:method:AvatarOrEntity:GetPosition; confidence=OBSERVED_STABLE_ARGS; status=CATALOG_ONLY; evidence=; receiver of GetPosition	AvatarOrEntity	CORPUS_CATALOG	semantic-sdk:lua:method:AvatarOrEntity:GetPosition; confidence=OBSERVED_STABLE_ARGS; status=CATALOG_ONLY; evidence=; receiver of GetPosition
30	199	v30_199	region4	STRUCTURAL	exact engine global gRegion	Region	EXACT_EXPORT	exact engine global gRegion
30	203	v30_203	vector3	CORPUS_CATALOG	semantic-sdk:lua:method:AvatarOrEntity:GetPosition; confidence=OBSERVED_STABLE_ARGS; status=CATALOG_ONLY; evidence=; result of GetPosition	Vector3	CORPUS_CATALOG	semantic-sdk:lua:method:AvatarOrEntity:GetPosition; confidence=OBSERVED_STABLE_ARGS; status=CATALOG_ONLY; evidence=; result of GetPosition
30	207	v30_207	nearest	STRUCTURAL	call result of FindNearest			
30	208	v30_208	value3	API_CONTRACT	semantic-sdk:lua:global_function:_GLOBAL:IsNull; confidence=STOCK_BYTECODE; status=CONFIRMED; evidence=WF-STOCK-BARD-BOXLOOP; argument 0 of IsNull			
30	210	v30_210	isNull3	API_CONTRACT	semantic-sdk:lua:global_function:_GLOBAL:IsNull; confidence=STOCK_BYTECODE; status=CONFIRMED; evidence=WF-STOCK-BARD-BOXLOOP; result of IsNull	boolean	API_CONTRACT	semantic-sdk:lua:global_function:_GLOBAL:IsNull; confidence=STOCK_BYTECODE; status=CONFIRMED; evidence=WF-STOCK-BARD-BOXLOOP; result of IsNull
30	215	v30_215	fullName	STRUCTURAL	call result of GetFullName			
30	221	v30_221	value4	API_CONTRACT	semantic-sdk:lua:global_function:_GLOBAL:IsNull; confidence=STOCK_BYTECODE; status=CONFIRMED; evidence=WF-STOCK-BARD-BOXLOOP; argument 0 of IsNull			
30	223	v30_223	isNull4	API_CONTRACT	semantic-sdk:lua:global_function:_GLOBAL:IsNull; confidence=STOCK_BYTECODE; status=CONFIRMED; evidence=WF-STOCK-BARD-BOXLOOP; result of IsNull	boolean	API_CONTRACT	semantic-sdk:lua:global_function:_GLOBAL:IsNull; confidence=STOCK_BYTECODE; status=CONFIRMED; evidence=WF-STOCK-BARD-BOXLOOP; result of IsNull
30	231	v30_231	region5	STRUCTURAL	exact engine global gRegion	Region	EXACT_EXPORT	exact engine global gRegion
30	235	v30_235	tagged2	STRUCTURAL	call result of FindTagged			
30	240	v30_240	tFilterEntitiesToCurrentLayer	STRUCTURAL	call result of _T.FilterEntitiesToCurrentLayer			
30	267	v30_267	region6	STRUCTURAL	exact engine global gRegion	Region	EXACT_EXPORT	exact engine global gRegion
30	270	v30_270	humanPlayerAvatars	STRUCTURAL	call result of GetHumanPlayerAvatars			
30	274	v30_274	ipairs1	STRUCTURAL	call result of ipairs			
30	275	v30_275	ipairs2	STRUCTURAL	call result of ipairs			
30	276	v30_276	ipairs3	STRUCTURAL	call result of ipairs			
30	277	v30_277	value5	API_CONTRACT	semantic-sdk:lua:global_function:_GLOBAL:IsNull; confidence=STOCK_BYTECODE; status=CONFIRMED; evidence=WF-STOCK-BARD-BOXLOOP; argument 0 of IsNull			
30	279	v30_279	isNull5	API_CONTRACT	semantic-sdk:lua:global_function:_GLOBAL:IsNull; confidence=STOCK_BYTECODE; status=CONFIRMED; evidence=WF-STOCK-BARD-BOXLOOP; result of IsNull	boolean	API_CONTRACT	semantic-sdk:lua:global_function:_GLOBAL:IsNull; confidence=STOCK_BYTECODE; status=CONFIRMED; evidence=WF-STOCK-BARD-BOXLOOP; result of IsNull
30	282	v30_282	isKilled	CORPUS_CATALOG	semantic-sdk:lua:method:AvatarOrEntity:IsKilled; confidence=OBSERVED_STABLE_SHAPE; status=CATALOG_ONLY; evidence=; result of IsKilled	boolean	CORPUS_CATALOG	semantic-sdk:lua:method:AvatarOrEntity:IsKilled; confidence=OBSERVED_STABLE_SHAPE; status=CATALOG_ONLY; evidence=; result of IsKilled
30	284	v30_284	avatarOrEntity2	CORPUS_CATALOG	semantic-sdk:lua:method:AvatarOrEntity:IsKilled; confidence=OBSERVED_STABLE_SHAPE; status=CATALOG_ONLY; evidence=; receiver of IsKilled	AvatarOrEntity	CORPUS_CATALOG	semantic-sdk:lua:method:AvatarOrEntity:IsKilled; confidence=OBSERVED_STABLE_SHAPE; status=CATALOG_ONLY; evidence=; receiver of IsKilled
30	300	v30_300	netPersistentVar8	STRUCTURAL	call result of GetNetPersistentVar			
30	303	v30_303	symbol	STRUCTURAL	call result of Symbol			
30	304	v30_304	region7	STRUCTURAL	exact engine global gRegion	Region	EXACT_EXPORT	exact engine global gRegion
30	307	v30_307	humanPlayers	STRUCTURAL	call result of GetHumanPlayers			
30	312	v30_312	isFirstTimeInNodeValue	STRUCTURAL	field read IsFirstTimeInNode			
30	314	v30_314	isFirstTimeInNode	STRUCTURAL	call result of IsFirstTimeInNode			
30	317	v30_317	symbol2	STRUCTURAL	call result of Symbol			
30	319	v30_319	playLocalTransmissionValue	STRUCTURAL	field read PlayLocalTransmission			
30	322	v30_322	agentOrEngineObject	CORPUS_CATALOG	semantic-sdk:lua:method:AgentOrEngineObject:GetAvatar; confidence=OBSERVED_STABLE_ARGS; status=CATALOG_ONLY; evidence=; receiver of GetAvatar	AgentOrEngineObject	CORPUS_CATALOG	semantic-sdk:lua:method:AgentOrEngineObject:GetAvatar; confidence=OBSERVED_STABLE_ARGS; status=CATALOG_ONLY; evidence=; receiver of GetAvatar
30	325	v30_325	avatar	CORPUS_CATALOG	semantic-sdk:lua:method:AgentOrEngineObject:GetAvatar; confidence=OBSERVED_STABLE_ARGS; status=CATALOG_ONLY; evidence=; result of GetAvatar	Avatar	CORPUS_CATALOG	semantic-sdk:lua:method:AgentOrEngineObject:GetAvatar; confidence=OBSERVED_STABLE_ARGS; status=CATALOG_ONLY; evidence=; result of GetAvatar
30	326	v30_326	avatar2	CORPUS_CATALOG	semantic-sdk:lua:method:AgentOrEngineObject:GetAvatar; confidence=OBSERVED_STABLE_ARGS; status=CATALOG_ONLY; evidence=; result of GetAvatar	Avatar	CORPUS_CATALOG	semantic-sdk:lua:method:AgentOrEngineObject:GetAvatar; confidence=OBSERVED_STABLE_ARGS; status=CATALOG_ONLY; evidence=; result of GetAvatar
30	327	v30_327	goalTagValue	STRUCTURAL	field read goalTag			
30	330	v30_330	playGlobalTransmissionValue	STRUCTURAL	field read PlayGlobalTransmission			
30	339	v30_339	value6	API_CONTRACT	semantic-sdk:lua:global_function:_GLOBAL:IsNull; confidence=STOCK_BYTECODE; status=CONFIRMED; evidence=WF-STOCK-BARD-BOXLOOP; argument 0 of IsNull			
30	341	v30_341	isNull6	API_CONTRACT	semantic-sdk:lua:global_function:_GLOBAL:IsNull; confidence=STOCK_BYTECODE; status=CONFIRMED; evidence=WF-STOCK-BARD-BOXLOOP; result of IsNull	boolean	API_CONTRACT	semantic-sdk:lua:global_function:_GLOBAL:IsNull; confidence=STOCK_BYTECODE; status=CONFIRMED; evidence=WF-STOCK-BARD-BOXLOOP; result of IsNull
30	352	v30_352	netPersistentVar9	STRUCTURAL	call result of GetNetPersistentVar			
30	364	v30_364	netPersistentVar10	STRUCTURAL	call result of GetNetPersistentVar			
30	369	v30_369	mathFloor2	STRUCTURAL	call result of math.floor			
30	376	v30_376	value7	API_CONTRACT	semantic-sdk:lua:global_function:_GLOBAL:IsNull; confidence=STOCK_BYTECODE; status=CONFIRMED; evidence=WF-STOCK-BARD-BOXLOOP; argument 0 of IsNull			
30	378	v30_378	isNull7	API_CONTRACT	semantic-sdk:lua:global_function:_GLOBAL:IsNull; confidence=STOCK_BYTECODE; status=CONFIRMED; evidence=WF-STOCK-BARD-BOXLOOP; result of IsNull	boolean	API_CONTRACT	semantic-sdk:lua:global_function:_GLOBAL:IsNull; confidence=STOCK_BYTECODE; status=CONFIRMED; evidence=WF-STOCK-BARD-BOXLOOP; result of IsNull
30	384	v30_384	netPersistentVar11	STRUCTURAL	call result of GetNetPersistentVar			
30	387	v30_387	sharedState2	STRUCTURAL	exact engine global _T			
30	398	v30_398	netPersistentVar12	STRUCTURAL	call result of GetNetPersistentVar			
30	403	v30_403	missionTimeLeft	STRUCTURAL	call result of GetMissionTimeLeft			
30	409	v30_409	mathCeil	STRUCTURAL	call result of math.ceil			
31	1	v31_1	value	API_CONTRACT	semantic-sdk:lua:global_function:_GLOBAL:IsNull; confidence=STOCK_BYTECODE; status=CONFIRMED; evidence=WF-STOCK-BARD-BOXLOOP; argument 0 of IsNull			
31	3	v31_3	isNull	API_CONTRACT	semantic-sdk:lua:global_function:_GLOBAL:IsNull; confidence=STOCK_BYTECODE; status=CONFIRMED; evidence=WF-STOCK-BARD-BOXLOOP; result of IsNull	boolean	API_CONTRACT	semantic-sdk:lua:global_function:_GLOBAL:IsNull; confidence=STOCK_BYTECODE; status=CONFIRMED; evidence=WF-STOCK-BARD-BOXLOOP; result of IsNull
31	4	v31_4	region	STRUCTURAL	exact engine global gRegion	Region	API_CONTRACT	semantic-sdk:lua:method:Region:GetLocalPlayerAvatar; confidence=LIVE_CONFIRMED; status=CONFIRMED; evidence=WF-LIVE-OCTAVIA-FLOAT-2026-08-27;WF-STOCK-GRAVITY-PAIR-CENSUS; receiver of GetLocalPlayerAvatar
31	7	v31_7	avatar_ref_or_null_unresolved	API_CONTRACT	semantic-sdk:lua:method:Region:GetLocalPlayerAvatar; confidence=LIVE_CONFIRMED; status=CONFIRMED; evidence=WF-LIVE-OCTAVIA-FLOAT-2026-08-27;WF-STOCK-GRAVITY-PAIR-CENSUS; result of GetLocalPlayerAvatar	Avatar_ref_or_null_unresolved	API_CONTRACT	semantic-sdk:lua:method:Region:GetLocalPlayerAvatar; confidence=LIVE_CONFIRMED; status=CONFIRMED; evidence=WF-LIVE-OCTAVIA-FLOAT-2026-08-27;WF-STOCK-GRAVITY-PAIR-CENSUS; result of GetLocalPlayerAvatar
31	10	v31_10	region2	STRUCTURAL	exact engine global gRegion	Region	EXACT_EXPORT	exact engine global gRegion
31	14	v31_14	tagged	STRUCTURAL	call result of FindTagged			
31	20	v31_20	region3	STRUCTURAL	exact engine global gRegion	Region	EXACT_EXPORT	exact engine global gRegion
31	24	v31_24	tagged2	STRUCTURAL	call result of FindTagged			
31	25	v31_25	tableValue	STRUCTURAL	verified NEWTABLE value			
31	30	v31_30	avatarOrEntity	CORPUS_CATALOG	semantic-sdk:lua:method:AvatarOrEntity:GetPosition; confidence=OBSERVED_STABLE_ARGS; status=CATALOG_ONLY; evidence=; receiver of GetPosition	AvatarOrEntity	CORPUS_CATALOG	semantic-sdk:lua:method:AvatarOrEntity:GetPosition; confidence=OBSERVED_STABLE_ARGS; status=CATALOG_ONLY; evidence=; receiver of GetPosition
31	33	v31_33	vector3	CORPUS_CATALOG	semantic-sdk:lua:method:AvatarOrEntity:GetPosition; confidence=OBSERVED_STABLE_ARGS; status=CATALOG_ONLY; evidence=; result of GetPosition	Vector3	CORPUS_CATALOG	semantic-sdk:lua:method:AvatarOrEntity:GetPosition; confidence=OBSERVED_STABLE_ARGS; status=CATALOG_ONLY; evidence=; result of GetPosition
31	34	v31_34	vector32	CORPUS_CATALOG	semantic-sdk:lua:method:AvatarOrEntity:GetPosition; confidence=OBSERVED_STABLE_ARGS; status=CATALOG_ONLY; evidence=; result of GetPosition	Vector3	CORPUS_CATALOG	semantic-sdk:lua:method:AvatarOrEntity:GetPosition; confidence=OBSERVED_STABLE_ARGS; status=CATALOG_ONLY; evidence=; result of GetPosition
31	35	v31_35	vector33	CORPUS_CATALOG	semantic-sdk:lua:method:AvatarOrEntity:GetPosition; confidence=OBSERVED_STABLE_ARGS; status=CATALOG_ONLY; evidence=; result of GetPosition	Vector3	CORPUS_CATALOG	semantic-sdk:lua:method:AvatarOrEntity:GetPosition; confidence=OBSERVED_STABLE_ARGS; status=CATALOG_ONLY; evidence=; result of GetPosition
31	36	v31_36	vector34	CORPUS_CATALOG	semantic-sdk:lua:method:AvatarOrEntity:GetPosition; confidence=OBSERVED_STABLE_ARGS; status=CATALOG_ONLY; evidence=; result of GetPosition	Vector3	CORPUS_CATALOG	semantic-sdk:lua:method:AvatarOrEntity:GetPosition; confidence=OBSERVED_STABLE_ARGS; status=CATALOG_ONLY; evidence=; result of GetPosition
31	37	v31_37	vector35	CORPUS_CATALOG	semantic-sdk:lua:method:AvatarOrEntity:GetPosition; confidence=OBSERVED_STABLE_ARGS; status=CATALOG_ONLY; evidence=; result of GetPosition	Vector3	CORPUS_CATALOG	semantic-sdk:lua:method:AvatarOrEntity:GetPosition; confidence=OBSERVED_STABLE_ARGS; status=CATALOG_ONLY; evidence=; result of GetPosition
31	38	v31_38	vector36	CORPUS_CATALOG	semantic-sdk:lua:method:AvatarOrEntity:GetPosition; confidence=OBSERVED_STABLE_ARGS; status=CATALOG_ONLY; evidence=; result of GetPosition	Vector3	CORPUS_CATALOG	semantic-sdk:lua:method:AvatarOrEntity:GetPosition; confidence=OBSERVED_STABLE_ARGS; status=CATALOG_ONLY; evidence=; result of GetPosition
31	39	v31_39	vector37	CORPUS_CATALOG	semantic-sdk:lua:method:AvatarOrEntity:GetPosition; confidence=OBSERVED_STABLE_ARGS; status=CATALOG_ONLY; evidence=; result of GetPosition	Vector3	CORPUS_CATALOG	semantic-sdk:lua:method:AvatarOrEntity:GetPosition; confidence=OBSERVED_STABLE_ARGS; status=CATALOG_ONLY; evidence=; result of GetPosition
31	46	v31_46	avatarOrEntity2	CORPUS_CATALOG	semantic-sdk:lua:method:AvatarOrEntity:GetPosition; confidence=OBSERVED_STABLE_ARGS; status=CATALOG_ONLY; evidence=; receiver of GetPosition	AvatarOrEntity	CORPUS_CATALOG	semantic-sdk:lua:method:AvatarOrEntity:GetPosition; confidence=OBSERVED_STABLE_ARGS; status=CATALOG_ONLY; evidence=; receiver of GetPosition
31	49	v31_49	vector38	CORPUS_CATALOG	semantic-sdk:lua:method:AvatarOrEntity:GetPosition; confidence=OBSERVED_STABLE_ARGS; status=CATALOG_ONLY; evidence=; result of GetPosition	Vector3	CORPUS_CATALOG	semantic-sdk:lua:method:AvatarOrEntity:GetPosition; confidence=OBSERVED_STABLE_ARGS; status=CATALOG_ONLY; evidence=; result of GetPosition
31	56	v31_56	distance	STRUCTURAL	call result of Distance			
31	57	v31_57	sharedState	STRUCTURAL	exact engine global _T			
32	0	v32_0	value	API_CONTRACT	semantic-sdk:lua:global_function:_GLOBAL:IsNull; confidence=STOCK_BYTECODE; status=CONFIRMED; evidence=WF-STOCK-BARD-BOXLOOP; argument 0 of IsNull			
32	2	v32_2	isNull	API_CONTRACT	semantic-sdk:lua:global_function:_GLOBAL:IsNull; confidence=STOCK_BYTECODE; status=CONFIRMED; evidence=WF-STOCK-BARD-BOXLOOP; result of IsNull	boolean	API_CONTRACT	semantic-sdk:lua:global_function:_GLOBAL:IsNull; confidence=STOCK_BYTECODE; status=CONFIRMED; evidence=WF-STOCK-BARD-BOXLOOP; result of IsNull
32	5	v32_5	sharedState	STRUCTURAL	exact engine global _T			
32	10	v32_10	mission	STRUCTURAL	call result of GetMission			
32	11	v32_11	value2	API_CONTRACT	semantic-sdk:lua:global_function:_GLOBAL:IsNull; confidence=STOCK_BYTECODE; status=CONFIRMED; evidence=WF-STOCK-BARD-BOXLOOP; argument 0 of IsNull			
32	13	v32_13	isNull2	API_CONTRACT	semantic-sdk:lua:global_function:_GLOBAL:IsNull; confidence=STOCK_BYTECODE; status=CONFIRMED; evidence=WF-STOCK-BARD-BOXLOOP; result of IsNull	boolean	API_CONTRACT	semantic-sdk:lua:global_function:_GLOBAL:IsNull; confidence=STOCK_BYTECODE; status=CONFIRMED; evidence=WF-STOCK-BARD-BOXLOOP; result of IsNull
32	14	v32_14	goalIdValue	STRUCTURAL	field read goalId			
32	17	v32_17	activeMissionTagValue	STRUCTURAL	field read activeMissionTag			
32	19	v32_19	tostring2	STRUCTURAL	call result of tostring			
32	21	v32_21	stringFind	STRUCTURAL	call result of string.find			
32	23	v32_23	levelOverrideValue	STRUCTURAL	field read levelOverride			
32	26	v32_26	fullName	STRUCTURAL	call result of GetFullName			
32	27	v32_27	fullName2	STRUCTURAL	call result of GetFullName			
32	29	v32_29	tostring3	STRUCTURAL	call result of tostring			
32	31	v32_31	stringFind2	STRUCTURAL	call result of string.find			
32	33	v32_33	alertIdValue	STRUCTURAL	field read alertId			
32	34	v32_34	invasionIdValue	STRUCTURAL	field read invasionId			
32	35	v32_35	syndicateTagValue	STRUCTURAL	field read syndicateTag			
32	38	v32_38	isValid	STRUCTURAL	call result of IsValid			
32	39	v32_39	sortieIdValue	STRUCTURAL	field read sortieId			
32	40	v32_40	nightmareValue	STRUCTURAL	field read nightmare			
32	41	v32_41	maxWaveNumValue	STRUCTURAL	field read maxWaveNum			
32	47	v32_47	goalTagValue	STRUCTURAL	field read goalTag			
32	50	v32_50	symbol	STRUCTURAL	call result of Symbol			
32	51	v32_51	locationValue	STRUCTURAL	field read location			
32	60	v32_60	mission2	STRUCTURAL	call result of GetMission			
32	61	v32_61	periodicMissionTagValue	STRUCTURAL	field read periodicMissionTag			
32	63	v32_63	eLITE_ALERT_PERIODIC_MISSION_TAGValue	STRUCTURAL	field read ELITE_ALERT_PERIODIC_MISSION_TAG			
32	67	v32_67	mission3	STRUCTURAL	call result of GetMission			
32	68	v32_68	periodicMissionTagValue2	STRUCTURAL	field read periodicMissionTag			
32	70	v32_70	eLITE_ALERT_PERIODIC_MISSION_TAG_ALTValue	STRUCTURAL	field read ELITE_ALERT_PERIODIC_MISSION_TAG_ALT			
33	1	v33_1	clearPrimaryObjTextValue	STRUCTURAL	field read ClearPrimaryObjText			
33	3	v33_3	clearSecondaryObjTextValue	STRUCTURAL	field read ClearSecondaryObjText			
33	5	v33_5	removeObjProgressBarValue	STRUCTURAL	field read RemoveObjProgressBar			
33	7	v33_7	clearGameModeValue	STRUCTURAL	field read ClearGameMode			
33	9	v33_9	region	STRUCTURAL	exact engine global gRegion	Region	EXACT_EXPORT	exact engine global gRegion
33	12	v33_12	isMaster	CORPUS_CATALOG	semantic-sdk:lua:method:RegionOrEngineObject:IsMaster; confidence=OBSERVED_STABLE_SHAPE; status=CATALOG_ONLY; evidence=; result of IsMaster	boolean	CORPUS_CATALOG	semantic-sdk:lua:method:RegionOrEngineObject:IsMaster; confidence=OBSERVED_STABLE_SHAPE; status=CATALOG_ONLY; evidence=; result of IsMaster
33	85	v33_85	region2	STRUCTURAL	exact engine global gRegion	Region	EXACT_EXPORT	exact engine global gRegion
33	88	v33_88	npcManager	CORPUS_CATALOG	semantic-sdk:lua:method:Region:GetNpcMgr; confidence=OBSERVED_STABLE_SHAPE; status=CATALOG_ONLY; evidence=; result of GetNpcMgr	NpcManager	CORPUS_CATALOG	semantic-sdk:lua:method:Region:GetNpcMgr; confidence=OBSERVED_STABLE_SHAPE; status=CATALOG_ONLY; evidence=; result of GetNpcMgr
33	91	v33_91	aiDirector	CORPUS_CATALOG	semantic-sdk:lua:method:Region:GetAiDirector; confidence=OBSERVED_STABLE_SHAPE; status=CATALOG_ONLY; evidence=; result of GetAiDirector	AiDirector	CORPUS_CATALOG	semantic-sdk:lua:method:Region:GetAiDirector; confidence=OBSERVED_STABLE_SHAPE; status=CATALOG_ONLY; evidence=; result of GetAiDirector
34	0	v34_0	sharedState	STRUCTURAL	exact engine global _T			
34	3	v34_3	setupMissionTransmissionSetValue	STRUCTURAL	field read SetupMissionTransmissionSet			
34	5	v34_5	region	STRUCTURAL	exact engine global gRegion	Region	EXACT_EXPORT	exact engine global gRegion
34	8	v34_8	symbol	STRUCTURAL	call result of Symbol			
34	9	v34_9	symbol2	STRUCTURAL	call result of Symbol			
34	10	v34_10	symbol3	STRUCTURAL	call result of Symbol			
34	11	v34_11	symbol4	STRUCTURAL	call result of Symbol			
34	12	v34_12	symbol5	STRUCTURAL	call result of Symbol			
34	15	v34_15	tagged	STRUCTURAL	call result of FindTagged			
34	25	v34_25	playGlobalTransmissionValue	STRUCTURAL	field read PlayGlobalTransmission			
34	29	v34_29	symbol6	STRUCTURAL	call result of Symbol			
34	30	v34_30	symbol7	STRUCTURAL	call result of Symbol			
34	31	v34_31	symbol8	STRUCTURAL	call result of Symbol			
34	32	v34_32	symbol9	STRUCTURAL	call result of Symbol			
35	3	v35_3	setGameModeValue	STRUCTURAL	field read SetGameMode			
35	6	v35_6	sharedState	STRUCTURAL	exact engine global _T			
35	10	v35_10	rewardSeed	STRUCTURAL	call result of GetRewardSeed			
35	16	v35_16	netPersistentVar	STRUCTURAL	call result of GetNetPersistentVar			
35	19	v35_19	seed	STRUCTURAL	call result of GetSeed			
35	23	v35_23	sharedState2	STRUCTURAL	exact engine global _T			
35	25	v35_25	seed2	STRUCTURAL	call result of GetSeed			
35	29	v35_29	region	STRUCTURAL	exact engine global gRegion	Region	EXACT_EXPORT	exact engine global gRegion
35	32	v35_32	isGameModeInProgress	STRUCTURAL	call result of IsGameModeInProgress	boolean	CORPUS_CATALOG	semantic-sdk:lua:method:RegionOrEngineObject:IsMaster; confidence=OBSERVED_STABLE_SHAPE; status=CATALOG_ONLY; evidence=; result of IsMaster
35	34	v35_34	isGameModeInProgressValue	STRUCTURAL	field read IsGameModeInProgress			
35	40	v35_40	netPersistentVar2	STRUCTURAL	call result of GetNetPersistentVar			
35	45	v35_45	movie	STRUCTURAL	call result of FindMovie			
35	46	v35_46	value	API_CONTRACT	semantic-sdk:lua:global_function:_GLOBAL:IsNull; confidence=STOCK_BYTECODE; status=CONFIRMED; evidence=WF-STOCK-BARD-BOXLOOP; argument 0 of IsNull			
35	48	v35_48	isNull	API_CONTRACT	semantic-sdk:lua:global_function:_GLOBAL:IsNull; confidence=STOCK_BYTECODE; status=CONFIRMED; evidence=WF-STOCK-BARD-BOXLOOP; result of IsNull	boolean	API_CONTRACT	semantic-sdk:lua:global_function:_GLOBAL:IsNull; confidence=STOCK_BYTECODE; status=CONFIRMED; evidence=WF-STOCK-BARD-BOXLOOP; result of IsNull
35	56	v35_56	netPersistentVar3	STRUCTURAL	call result of GetNetPersistentVar			
35	60	v35_60	mathFloor	STRUCTURAL	call result of math.floor			
35	67	v35_67	netPersistentVar4	STRUCTURAL	call result of GetNetPersistentVar			
35	74	v35_74	netPersistentVar5	STRUCTURAL	call result of GetNetPersistentVar			
35	81	v35_81	region2	STRUCTURAL	exact engine global gRegion	Region	EXACT_EXPORT	exact engine global gRegion
35	85	v35_85	tagged	STRUCTURAL	call result of FindTagged			
35	86	v35_86	region3	STRUCTURAL	exact engine global gRegion	Region	EXACT_EXPORT	exact engine global gRegion
35	90	v35_90	tagged2	STRUCTURAL	call result of FindTagged			
35	94	v35_94	entityOrDecoration	CORPUS_CATALOG	semantic-sdk:lua:method:EntityOrDecoration:SetMesh; confidence=OBSERVED_STABLE_SHAPE; status=CATALOG_ONLY; evidence=; receiver of SetMesh	EntityOrDecoration	CORPUS_CATALOG	semantic-sdk:lua:method:EntityOrDecoration:SetMesh; confidence=OBSERVED_STABLE_SHAPE; status=CATALOG_ONLY; evidence=; receiver of SetMesh
35	103	v35_103	entityOrDecoration2	CORPUS_CATALOG	semantic-sdk:lua:method:EntityOrDecoration:SetMesh; confidence=OBSERVED_STABLE_SHAPE; status=CATALOG_ONLY; evidence=; receiver of SetMesh	EntityOrDecoration	CORPUS_CATALOG	semantic-sdk:lua:method:EntityOrDecoration:SetMesh; confidence=OBSERVED_STABLE_SHAPE; status=CATALOG_ONLY; evidence=; receiver of SetMesh
35	109	v35_109	region4	STRUCTURAL	exact engine global gRegion	Region	EXACT_EXPORT	exact engine global gRegion
35	112	v35_112	isMaster	CORPUS_CATALOG	semantic-sdk:lua:method:RegionOrEngineObject:IsMaster; confidence=OBSERVED_STABLE_SHAPE; status=CATALOG_ONLY; evidence=; result of IsMaster	boolean	CORPUS_CATALOG	semantic-sdk:lua:method:RegionOrEngineObject:IsMaster; confidence=OBSERVED_STABLE_SHAPE; status=CATALOG_ONLY; evidence=; result of IsMaster
36	3	v36_3	value	API_CONTRACT	semantic-sdk:lua:global_function:_GLOBAL:IsNull; confidence=STOCK_BYTECODE; status=CONFIRMED; evidence=WF-STOCK-BARD-BOXLOOP; argument 0 of IsNull			
36	5	v36_5	isNull	API_CONTRACT	semantic-sdk:lua:global_function:_GLOBAL:IsNull; confidence=STOCK_BYTECODE; status=CONFIRMED; evidence=WF-STOCK-BARD-BOXLOOP; result of IsNull	boolean	API_CONTRACT	semantic-sdk:lua:global_function:_GLOBAL:IsNull; confidence=STOCK_BYTECODE; status=CONFIRMED; evidence=WF-STOCK-BARD-BOXLOOP; result of IsNull
36	9	v36_9	region	STRUCTURAL	exact engine global gRegion	Region	API_CONTRACT	semantic-sdk:lua:method:Region:GetLocalPlayerAvatar; confidence=LIVE_CONFIRMED; status=CONFIRMED; evidence=WF-LIVE-OCTAVIA-FLOAT-2026-08-27;WF-STOCK-GRAVITY-PAIR-CENSUS; receiver of GetLocalPlayerAvatar
36	12	v36_12	avatar_ref_or_null_unresolved	API_CONTRACT	semantic-sdk:lua:method:Region:GetLocalPlayerAvatar; confidence=LIVE_CONFIRMED; status=CONFIRMED; evidence=WF-LIVE-OCTAVIA-FLOAT-2026-08-27;WF-STOCK-GRAVITY-PAIR-CENSUS; result of GetLocalPlayerAvatar	Avatar_ref_or_null_unresolved	API_CONTRACT	semantic-sdk:lua:method:Region:GetLocalPlayerAvatar; confidence=LIVE_CONFIRMED; status=CONFIRMED; evidence=WF-LIVE-OCTAVIA-FLOAT-2026-08-27;WF-STOCK-GRAVITY-PAIR-CENSUS; result of GetLocalPlayerAvatar
36	13	v36_13	value2	API_CONTRACT	semantic-sdk:lua:global_function:_GLOBAL:IsNull; confidence=STOCK_BYTECODE; status=CONFIRMED; evidence=WF-STOCK-BARD-BOXLOOP; argument 0 of IsNull			
36	15	v36_15	isNull2	API_CONTRACT	semantic-sdk:lua:global_function:_GLOBAL:IsNull; confidence=STOCK_BYTECODE; status=CONFIRMED; evidence=WF-STOCK-BARD-BOXLOOP; result of IsNull	boolean	API_CONTRACT	semantic-sdk:lua:global_function:_GLOBAL:IsNull; confidence=STOCK_BYTECODE; status=CONFIRMED; evidence=WF-STOCK-BARD-BOXLOOP; result of IsNull
36	19	v36_19	isA	CORPUS_CATALOG	semantic-sdk:lua:method:EngineObject:IsA; confidence=OBSERVED_VARIABLE_OR_OPEN; status=CATALOG_ONLY; evidence=; result of IsA	boolean	CORPUS_CATALOG	semantic-sdk:lua:method:EngineObject:IsA; confidence=OBSERVED_VARIABLE_OR_OPEN; status=CATALOG_ONLY; evidence=; result of IsA
36	22	v36_22	region2	STRUCTURAL	exact engine global gRegion	Region	API_CONTRACT	semantic-sdk:lua:method:Region:GetLocalPlayerAvatar; confidence=LIVE_CONFIRMED; status=CONFIRMED; evidence=WF-LIVE-OCTAVIA-FLOAT-2026-08-27;WF-STOCK-GRAVITY-PAIR-CENSUS; receiver of GetLocalPlayerAvatar
36	25	v36_25	avatar_ref_or_null_unresolved2	API_CONTRACT	semantic-sdk:lua:method:Region:GetLocalPlayerAvatar; confidence=LIVE_CONFIRMED; status=CONFIRMED; evidence=WF-LIVE-OCTAVIA-FLOAT-2026-08-27;WF-STOCK-GRAVITY-PAIR-CENSUS; result of GetLocalPlayerAvatar	Avatar_ref_or_null_unresolved	API_CONTRACT	semantic-sdk:lua:method:Region:GetLocalPlayerAvatar; confidence=LIVE_CONFIRMED; status=CONFIRMED; evidence=WF-LIVE-OCTAVIA-FLOAT-2026-08-27;WF-STOCK-GRAVITY-PAIR-CENSUS; result of GetLocalPlayerAvatar
36	26	v36_26	value3	API_CONTRACT	semantic-sdk:lua:global_function:_GLOBAL:IsNull; confidence=STOCK_BYTECODE; status=CONFIRMED; evidence=WF-STOCK-BARD-BOXLOOP; argument 0 of IsNull			
36	28	v36_28	isNull3	API_CONTRACT	semantic-sdk:lua:global_function:_GLOBAL:IsNull; confidence=STOCK_BYTECODE; status=CONFIRMED; evidence=WF-STOCK-BARD-BOXLOOP; result of IsNull	boolean	API_CONTRACT	semantic-sdk:lua:global_function:_GLOBAL:IsNull; confidence=STOCK_BYTECODE; status=CONFIRMED; evidence=WF-STOCK-BARD-BOXLOOP; result of IsNull
36	32	v36_32	value4	API_CONTRACT	semantic-sdk:lua:global_function:_GLOBAL:IsNull; confidence=STOCK_BYTECODE; status=CONFIRMED; evidence=WF-STOCK-BARD-BOXLOOP; argument 0 of IsNull			
36	34	v36_34	isNull4	API_CONTRACT	semantic-sdk:lua:global_function:_GLOBAL:IsNull; confidence=STOCK_BYTECODE; status=CONFIRMED; evidence=WF-STOCK-BARD-BOXLOOP; result of IsNull	boolean	API_CONTRACT	semantic-sdk:lua:global_function:_GLOBAL:IsNull; confidence=STOCK_BYTECODE; status=CONFIRMED; evidence=WF-STOCK-BARD-BOXLOOP; result of IsNull
36	35	v36_35	value5	API_CONTRACT	semantic-sdk:lua:global_function:_GLOBAL:IsNull; confidence=STOCK_BYTECODE; status=CONFIRMED; evidence=WF-STOCK-BARD-BOXLOOP; argument 0 of IsNull			
36	37	v36_37	isNull5	API_CONTRACT	semantic-sdk:lua:global_function:_GLOBAL:IsNull; confidence=STOCK_BYTECODE; status=CONFIRMED; evidence=WF-STOCK-BARD-BOXLOOP; result of IsNull	boolean	API_CONTRACT	semantic-sdk:lua:global_function:_GLOBAL:IsNull; confidence=STOCK_BYTECODE; status=CONFIRMED; evidence=WF-STOCK-BARD-BOXLOOP; result of IsNull
36	48	v36_48	localized	STRUCTURAL	call result of GetLocalized			
36	49	v36_49	tableValue	STRUCTURAL	verified NEWTABLE value			
36	58	v36_58	ipairs1	STRUCTURAL	call result of ipairs			
36	59	v36_59	ipairs2	STRUCTURAL	call result of ipairs			
36	60	v36_60	ipairs3	STRUCTURAL	call result of ipairs			
36	65	v36_65	localized2	STRUCTURAL	call result of GetLocalized			
36	77	v36_77	mission	STRUCTURAL	call result of GetMission			
36	78	v36_78	maxWaveNumValue	STRUCTURAL	field read maxWaveNum			
36	85	v36_85	mission2	STRUCTURAL	call result of GetMission			
36	86	v36_86	periodicMissionTagValue	STRUCTURAL	field read periodicMissionTag			
36	88	v36_88	eLITE_ALERT_PERIODIC_MISSION_TAGValue	STRUCTURAL	field read ELITE_ALERT_PERIODIC_MISSION_TAG			
36	92	v36_92	mission3	STRUCTURAL	call result of GetMission			
36	93	v36_93	periodicMissionTagValue2	STRUCTURAL	field read periodicMissionTag			
36	95	v36_95	eLITE_ALERT_PERIODIC_MISSION_TAG_ALTValue	STRUCTURAL	field read ELITE_ALERT_PERIODIC_MISSION_TAG_ALT			
36	97	v36_97	ternaryValue	STRUCTURAL	field read Ternary			
36	101	v36_101	ternary	STRUCTURAL	call result of Ternary			
36	103	v36_103	ternaryValue2	STRUCTURAL	field read Ternary			
36	107	v36_107	ternary2	STRUCTURAL	call result of Ternary			
36	111	v36_111	localized3	STRUCTURAL	call result of GetLocalized			
36	116	v36_116	localized4	STRUCTURAL	call result of GetLocalized			
36	122	v36_122	localized5	STRUCTURAL	call result of GetLocalized			
36	130	v36_130	netPersistentVar	STRUCTURAL	call result of GetNetPersistentVar			
36	131	v36_131	region3	STRUCTURAL	exact engine global gRegion	Region	EXACT_EXPORT	exact engine global gRegion
36	134	v36_134	isMaster	CORPUS_CATALOG	semantic-sdk:lua:method:RegionOrEngineObject:IsMaster; confidence=OBSERVED_STABLE_SHAPE; status=CATALOG_ONLY; evidence=; result of IsMaster	boolean	CORPUS_CATALOG	semantic-sdk:lua:method:RegionOrEngineObject:IsMaster; confidence=OBSERVED_STABLE_SHAPE; status=CATALOG_ONLY; evidence=; result of IsMaster
36	142	v36_142	netPersistentVar2	STRUCTURAL	call result of GetNetPersistentVar			
36	144	v36_144	region4	STRUCTURAL	exact engine global gRegion	Region	EXACT_EXPORT	exact engine global gRegion
36	148	v36_148	tagged	STRUCTURAL	call result of FindTagged			
36	153	v36_153	tFilterEntitiesToCurrentLayer	STRUCTURAL	call result of _T.FilterEntitiesToCurrentLayer			
36	156	v36_156	region5	STRUCTURAL	exact engine global gRegion	Region	EXACT_EXPORT	exact engine global gRegion
36	159	v36_159	isMaster2	CORPUS_CATALOG	semantic-sdk:lua:method:RegionOrEngineObject:IsMaster; confidence=OBSERVED_STABLE_SHAPE; status=CATALOG_ONLY; evidence=; result of IsMaster	boolean	CORPUS_CATALOG	semantic-sdk:lua:method:RegionOrEngineObject:IsMaster; confidence=OBSERVED_STABLE_SHAPE; status=CATALOG_ONLY; evidence=; result of IsMaster
36	174	v36_174	netPersistentVar3	STRUCTURAL	call result of GetNetPersistentVar			
36	179	v36_179	tostring2	STRUCTURAL	call result of tostring			
36	181	v36_181	value6	API_CONTRACT	semantic-sdk:lua:global_function:_GLOBAL:IsNull; confidence=STOCK_BYTECODE; status=CONFIRMED; evidence=WF-STOCK-BARD-BOXLOOP; argument 0 of IsNull			
36	183	v36_183	isNull6	API_CONTRACT	semantic-sdk:lua:global_function:_GLOBAL:IsNull; confidence=STOCK_BYTECODE; status=CONFIRMED; evidence=WF-STOCK-BARD-BOXLOOP; result of IsNull	boolean	API_CONTRACT	semantic-sdk:lua:global_function:_GLOBAL:IsNull; confidence=STOCK_BYTECODE; status=CONFIRMED; evidence=WF-STOCK-BARD-BOXLOOP; result of IsNull
36	184	v36_184	value7	API_CONTRACT	semantic-sdk:lua:global_function:_GLOBAL:IsNull; confidence=STOCK_BYTECODE; status=CONFIRMED; evidence=WF-STOCK-BARD-BOXLOOP; argument 0 of IsNull			
36	186	v36_186	isNull7	API_CONTRACT	semantic-sdk:lua:global_function:_GLOBAL:IsNull; confidence=STOCK_BYTECODE; status=CONFIRMED; evidence=WF-STOCK-BARD-BOXLOOP; result of IsNull	boolean	API_CONTRACT	semantic-sdk:lua:global_function:_GLOBAL:IsNull; confidence=STOCK_BYTECODE; status=CONFIRMED; evidence=WF-STOCK-BARD-BOXLOOP; result of IsNull
36	200	v36_200	stringFormat	STRUCTURAL	call result of string.format			
36	206	v36_206	stringFormat2	STRUCTURAL	call result of string.format			
36	212	v36_212	stringFormat3	STRUCTURAL	call result of string.format			
36	224	v36_224	localized6	STRUCTURAL	call result of GetLocalized			
36	238	v36_238	localized7	STRUCTURAL	call result of GetLocalized			
36	248	v36_248	setObjProgressBarValue	STRUCTURAL	field read SetObjProgressBar			
36	257	v36_257	setObjProgressBarValue2	STRUCTURAL	field read SetObjProgressBar			
36	262	v36_262	tableValue2	STRUCTURAL	verified NEWTABLE value			
36	264	v36_264	value8	API_CONTRACT	semantic-sdk:lua:global_function:_GLOBAL:IsNull; confidence=STOCK_BYTECODE; status=CONFIRMED; evidence=WF-STOCK-BARD-BOXLOOP; argument 0 of IsNull			
36	266	v36_266	isNull8	API_CONTRACT	semantic-sdk:lua:global_function:_GLOBAL:IsNull; confidence=STOCK_BYTECODE; status=CONFIRMED; evidence=WF-STOCK-BARD-BOXLOOP; result of IsNull	boolean	API_CONTRACT	semantic-sdk:lua:global_function:_GLOBAL:IsNull; confidence=STOCK_BYTECODE; status=CONFIRMED; evidence=WF-STOCK-BARD-BOXLOOP; result of IsNull
36	270	v36_270	netPersistentVar4	STRUCTURAL	call result of GetNetPersistentVar			
36	274	v36_274	value9	API_CONTRACT	semantic-sdk:lua:global_function:_GLOBAL:IsNull; confidence=STOCK_BYTECODE; status=CONFIRMED; evidence=WF-STOCK-BARD-BOXLOOP; argument 0 of IsNull			
36	276	v36_276	isNull9	API_CONTRACT	semantic-sdk:lua:global_function:_GLOBAL:IsNull; confidence=STOCK_BYTECODE; status=CONFIRMED; evidence=WF-STOCK-BARD-BOXLOOP; result of IsNull	boolean	API_CONTRACT	semantic-sdk:lua:global_function:_GLOBAL:IsNull; confidence=STOCK_BYTECODE; status=CONFIRMED; evidence=WF-STOCK-BARD-BOXLOOP; result of IsNull
36	280	v36_280	netPersistentVar5	STRUCTURAL	call result of GetNetPersistentVar			
36	284	v36_284	setTitleObjTextValue	STRUCTURAL	field read SetTitleObjText			
36	288	v36_288	engineIsMobile	STRUCTURAL	call result of Engine.IsMobile			
36	289	v36_289	value10	API_CONTRACT	semantic-sdk:lua:global_function:_GLOBAL:IsNull; confidence=STOCK_BYTECODE; status=CONFIRMED; evidence=WF-STOCK-BARD-BOXLOOP; argument 0 of IsNull			
36	291	v36_291	isNull10	API_CONTRACT	semantic-sdk:lua:global_function:_GLOBAL:IsNull; confidence=STOCK_BYTECODE; status=CONFIRMED; evidence=WF-STOCK-BARD-BOXLOOP; result of IsNull	boolean	API_CONTRACT	semantic-sdk:lua:global_function:_GLOBAL:IsNull; confidence=STOCK_BYTECODE; status=CONFIRMED; evidence=WF-STOCK-BARD-BOXLOOP; result of IsNull
36	293	v36_293	setPrimaryObjTextValue	STRUCTURAL	field read SetPrimaryObjText			
36	296	v36_296	setPrimaryObjText	STRUCTURAL	call result of SetPrimaryObjText			
36	297	v36_297	setOffsetValue	STRUCTURAL	field read SetOffset			
36	302	v36_302	setPrimaryObjTextValue2	STRUCTURAL	field read SetPrimaryObjText			
36	305	v36_305	value11	API_CONTRACT	semantic-sdk:lua:global_function:_GLOBAL:IsNull; confidence=STOCK_BYTECODE; status=CONFIRMED; evidence=WF-STOCK-BARD-BOXLOOP; argument 0 of IsNull			
36	307	v36_307	isNull11	API_CONTRACT	semantic-sdk:lua:global_function:_GLOBAL:IsNull; confidence=STOCK_BYTECODE; status=CONFIRMED; evidence=WF-STOCK-BARD-BOXLOOP; result of IsNull	boolean	API_CONTRACT	semantic-sdk:lua:global_function:_GLOBAL:IsNull; confidence=STOCK_BYTECODE; status=CONFIRMED; evidence=WF-STOCK-BARD-BOXLOOP; result of IsNull
36	308	v36_308	value12	API_CONTRACT	semantic-sdk:lua:global_function:_GLOBAL:IsNull; confidence=STOCK_BYTECODE; status=CONFIRMED; evidence=WF-STOCK-BARD-BOXLOOP; argument 0 of IsNull			
36	310	v36_310	isNull12	API_CONTRACT	semantic-sdk:lua:global_function:_GLOBAL:IsNull; confidence=STOCK_BYTECODE; status=CONFIRMED; evidence=WF-STOCK-BARD-BOXLOOP; result of IsNull	boolean	API_CONTRACT	semantic-sdk:lua:global_function:_GLOBAL:IsNull; confidence=STOCK_BYTECODE; status=CONFIRMED; evidence=WF-STOCK-BARD-BOXLOOP; result of IsNull
36	317	v36_317	netPersistentVar6	STRUCTURAL	call result of GetNetPersistentVar			
36	321	v36_321	region6	STRUCTURAL	exact engine global gRegion	Region	EXACT_EXPORT	exact engine global gRegion
36	325	v36_325	engineObject	CORPUS_CATALOG	semantic-sdk:lua:method:Region:FindFirstTagged; confidence=OBSERVED_VARIABLE_OR_OPEN; status=CATALOG_ONLY; evidence=; result of FindFirstTagged	EngineObjectOrNil	CORPUS_CATALOG	semantic-sdk:lua:method:Region:FindFirstTagged; confidence=OBSERVED_VARIABLE_OR_OPEN; status=CATALOG_ONLY; evidence=; result of FindFirstTagged
36	331	v36_331	playerProfile	STRUCTURAL	call result of GetPlayerProfile			
36	332	v36_332	value13	API_CONTRACT	semantic-sdk:lua:global_function:_GLOBAL:IsNull; confidence=STOCK_BYTECODE; status=CONFIRMED; evidence=WF-STOCK-BARD-BOXLOOP; argument 0 of IsNull			
36	334	v36_334	isNull13	API_CONTRACT	semantic-sdk:lua:global_function:_GLOBAL:IsNull; confidence=STOCK_BYTECODE; status=CONFIRMED; evidence=WF-STOCK-BARD-BOXLOOP; result of IsNull	boolean	API_CONTRACT	semantic-sdk:lua:global_function:_GLOBAL:IsNull; confidence=STOCK_BYTECODE; status=CONFIRMED; evidence=WF-STOCK-BARD-BOXLOOP; result of IsNull
36	337	v36_337	settings	STRUCTURAL	call result of Settings			
36	340	v36_340	enableTutorialTransmissions	STRUCTURAL	call result of EnableTutorialTransmissions			
36	346	v36_346	hT_LABELValue	STRUCTURAL	field read HT_LABEL			
36	349	v36_349	getPriorityOffsetValue	STRUCTURAL	field read GetPriorityOffset			
36	350	v36_350	priorityOffset	STRUCTURAL	call result of GetPriorityOffset			
36	353	v36_353	tAddHudTracker	STRUCTURAL	call result of _T.AddHudTracker			
36	354	v36_354	setOffsetValue2	STRUCTURAL	field read SetOffset			
36	357	v36_357	setLabelValue	STRUCTURAL	field read SetLabel			
36	360	v36_360	value14	API_CONTRACT	semantic-sdk:lua:global_function:_GLOBAL:IsNull; confidence=STOCK_BYTECODE; status=CONFIRMED; evidence=WF-STOCK-BARD-BOXLOOP; argument 0 of IsNull			
36	362	v36_362	isNull14	API_CONTRACT	semantic-sdk:lua:global_function:_GLOBAL:IsNull; confidence=STOCK_BYTECODE; status=CONFIRMED; evidence=WF-STOCK-BARD-BOXLOOP; result of IsNull	boolean	API_CONTRACT	semantic-sdk:lua:global_function:_GLOBAL:IsNull; confidence=STOCK_BYTECODE; status=CONFIRMED; evidence=WF-STOCK-BARD-BOXLOOP; result of IsNull
36	366	v36_366	netPersistentVar7	STRUCTURAL	call result of GetNetPersistentVar			
36	371	v36_371	netPersistentVar8	STRUCTURAL	call result of GetNetPersistentVar			
36	375	v36_375	updateObjProgressBarValue	STRUCTURAL	field read UpdateObjProgressBar			
36	382	v36_382	mathMod	STRUCTURAL	call result of math.mod			
36	384	v36_384	updateObjProgressBarValue2	STRUCTURAL	field read UpdateObjProgressBar			
36	392	v36_392	ternaryValue3	STRUCTURAL	field read Ternary			
36	397	v36_397	mission4	STRUCTURAL	call result of GetMission			
36	398	v36_398	periodicMissionTagValue3	STRUCTURAL	field read periodicMissionTag			
36	400	v36_400	eLITE_ALERT_PERIODIC_MISSION_TAGValue2	STRUCTURAL	field read ELITE_ALERT_PERIODIC_MISSION_TAG			
36	404	v36_404	mission5	STRUCTURAL	call result of GetMission			
36	405	v36_405	periodicMissionTagValue4	STRUCTURAL	field read periodicMissionTag			
36	407	v36_407	eLITE_ALERT_PERIODIC_MISSION_TAG_ALTValue2	STRUCTURAL	field read ELITE_ALERT_PERIODIC_MISSION_TAG_ALT			
36	410	v36_410	ternary3	STRUCTURAL	call result of Ternary			
36	411	v36_411	ternary4	STRUCTURAL	call result of Ternary			
36	412	v36_412	ternary5	STRUCTURAL	call result of Ternary			
36	413	v36_413	ternary6	STRUCTURAL	call result of Ternary			
36	414	v36_414	ternary7	STRUCTURAL	call result of Ternary			
36	415	v36_415	ternary8	STRUCTURAL	call result of Ternary			
36	416	v36_416	ternary9	STRUCTURAL	call result of Ternary			
36	417	v36_417	ternary10	STRUCTURAL	call result of Ternary			
36	418	v36_418	ternary11	STRUCTURAL	call result of Ternary			
36	419	v36_419	ternary12	STRUCTURAL	call result of Ternary			
36	420	v36_420	ternary13	STRUCTURAL	call result of Ternary			
36	421	v36_421	ternary14	STRUCTURAL	call result of Ternary			
36	422	v36_422	ternary15	STRUCTURAL	call result of Ternary			
36	423	v36_423	ternary16	STRUCTURAL	call result of Ternary			
36	424	v36_424	ternary17	STRUCTURAL	call result of Ternary			
36	425	v36_425	ternary18	STRUCTURAL	call result of Ternary			
36	426	v36_426	ternary19	STRUCTURAL	call result of Ternary			
36	427	v36_427	ternary20	STRUCTURAL	call result of Ternary			
36	428	v36_428	ternary21	STRUCTURAL	call result of Ternary			
36	429	v36_429	ternary22	STRUCTURAL	call result of Ternary			
36	432	v36_432	netPersistentVar9	STRUCTURAL	call result of GetNetPersistentVar			
36	435	v36_435	setPrimaryObjTextValue3	STRUCTURAL	field read SetPrimaryObjText			
36	439	v36_439	setSecondaryObjTextValue	STRUCTURAL	field read SetSecondaryObjText			
36	443	v36_443	engineIsMobile2	STRUCTURAL	call result of Engine.IsMobile			
36	445	v36_445	setSubTitleObjTextValue	STRUCTURAL	field read SetSubTitleObjText			
36	450	v36_450	setSubTitleObjText	STRUCTURAL	call result of SetSubTitleObjText			
36	451	v36_451	setOffsetValue3	STRUCTURAL	field read SetOffset			
36	456	v36_456	setSubTitleObjTextValue2	STRUCTURAL	field read SetSubTitleObjText			
36	462	v36_462	value15	API_CONTRACT	semantic-sdk:lua:global_function:_GLOBAL:IsNull; confidence=STOCK_BYTECODE; status=CONFIRMED; evidence=WF-STOCK-BARD-BOXLOOP; argument 0 of IsNull			
36	464	v36_464	isNull15	API_CONTRACT	semantic-sdk:lua:global_function:_GLOBAL:IsNull; confidence=STOCK_BYTECODE; status=CONFIRMED; evidence=WF-STOCK-BARD-BOXLOOP; result of IsNull	boolean	API_CONTRACT	semantic-sdk:lua:global_function:_GLOBAL:IsNull; confidence=STOCK_BYTECODE; status=CONFIRMED; evidence=WF-STOCK-BARD-BOXLOOP; result of IsNull
36	465	v36_465	region7	STRUCTURAL	exact engine global gRegion	Region	EXACT_EXPORT	exact engine global gRegion
36	469	v36_469	engineObject2	CORPUS_CATALOG	semantic-sdk:lua:method:Region:FindFirstTagged; confidence=OBSERVED_VARIABLE_OR_OPEN; status=CATALOG_ONLY; evidence=; result of FindFirstTagged	EngineObjectOrNil	CORPUS_CATALOG	semantic-sdk:lua:method:Region:FindFirstTagged; confidence=OBSERVED_VARIABLE_OR_OPEN; status=CATALOG_ONLY; evidence=; result of FindFirstTagged
36	471	v36_471	value16	API_CONTRACT	semantic-sdk:lua:global_function:_GLOBAL:IsNull; confidence=STOCK_BYTECODE; status=CONFIRMED; evidence=WF-STOCK-BARD-BOXLOOP; argument 0 of IsNull			
36	473	v36_473	isNull16	API_CONTRACT	semantic-sdk:lua:global_function:_GLOBAL:IsNull; confidence=STOCK_BYTECODE; status=CONFIRMED; evidence=WF-STOCK-BARD-BOXLOOP; result of IsNull	boolean	API_CONTRACT	semantic-sdk:lua:global_function:_GLOBAL:IsNull; confidence=STOCK_BYTECODE; status=CONFIRMED; evidence=WF-STOCK-BARD-BOXLOOP; result of IsNull
36	474	v36_474	value17	API_CONTRACT	semantic-sdk:lua:global_function:_GLOBAL:IsNull; confidence=STOCK_BYTECODE; status=CONFIRMED; evidence=WF-STOCK-BARD-BOXLOOP; argument 0 of IsNull			
36	476	v36_476	isNull17	API_CONTRACT	semantic-sdk:lua:global_function:_GLOBAL:IsNull; confidence=STOCK_BYTECODE; status=CONFIRMED; evidence=WF-STOCK-BARD-BOXLOOP; result of IsNull	boolean	API_CONTRACT	semantic-sdk:lua:global_function:_GLOBAL:IsNull; confidence=STOCK_BYTECODE; status=CONFIRMED; evidence=WF-STOCK-BARD-BOXLOOP; result of IsNull
36	477	v36_477	engineObject3	CORPUS_CATALOG	semantic-sdk:lua:method:EngineObject:IsEnabled; confidence=OBSERVED_STABLE_SHAPE; status=CATALOG_ONLY; evidence=; receiver of IsEnabled	EngineObject	CORPUS_CATALOG	semantic-sdk:lua:method:EngineObject:IsEnabled; confidence=OBSERVED_STABLE_SHAPE; status=CATALOG_ONLY; evidence=; receiver of IsEnabled
36	480	v36_480	isEnabled	CORPUS_CATALOG	semantic-sdk:lua:method:EngineObject:IsEnabled; confidence=OBSERVED_STABLE_SHAPE; status=CATALOG_ONLY; evidence=; result of IsEnabled	boolean	CORPUS_CATALOG	semantic-sdk:lua:method:EngineObject:IsEnabled; confidence=OBSERVED_STABLE_SHAPE; status=CATALOG_ONLY; evidence=; result of IsEnabled
36	488	v36_488	mission6	STRUCTURAL	call result of GetMission			
36	489	v36_489	levelKeyNameValue	STRUCTURAL	field read levelKeyName			
36	490	v36_490	resource	STRUCTURAL	call result of Resource			
36	491	v36_491	value18	API_CONTRACT	semantic-sdk:lua:global_function:_GLOBAL:IsNull; confidence=STOCK_BYTECODE; status=CONFIRMED; evidence=WF-STOCK-BARD-BOXLOOP; argument 0 of IsNull			
36	493	v36_493	isNull18	API_CONTRACT	semantic-sdk:lua:global_function:_GLOBAL:IsNull; confidence=STOCK_BYTECODE; status=CONFIRMED; evidence=WF-STOCK-BARD-BOXLOOP; result of IsNull	boolean	API_CONTRACT	semantic-sdk:lua:global_function:_GLOBAL:IsNull; confidence=STOCK_BYTECODE; status=CONFIRMED; evidence=WF-STOCK-BARD-BOXLOOP; result of IsNull
36	497	v36_497	reward	STRUCTURAL	call result of GetReward			
36	498	v36_498	itemsValue	STRUCTURAL	field read items			
36	499	v36_499	value19	API_CONTRACT	semantic-sdk:lua:global_function:_GLOBAL:IsNull; confidence=STOCK_BYTECODE; status=CONFIRMED; evidence=WF-STOCK-BARD-BOXLOOP; argument 0 of IsNull			
36	501	v36_501	isNull19	API_CONTRACT	semantic-sdk:lua:global_function:_GLOBAL:IsNull; confidence=STOCK_BYTECODE; status=CONFIRMED; evidence=WF-STOCK-BARD-BOXLOOP; result of IsNull	boolean	API_CONTRACT	semantic-sdk:lua:global_function:_GLOBAL:IsNull; confidence=STOCK_BYTECODE; status=CONFIRMED; evidence=WF-STOCK-BARD-BOXLOOP; result of IsNull
36	506	v36_506	pushMovie	STRUCTURAL	call result of PushMovie			
36	507	v36_507	value20	API_CONTRACT	semantic-sdk:lua:global_function:_GLOBAL:IsNull; confidence=STOCK_BYTECODE; status=CONFIRMED; evidence=WF-STOCK-BARD-BOXLOOP; argument 0 of IsNull			
36	509	v36_509	isNull20	API_CONTRACT	semantic-sdk:lua:global_function:_GLOBAL:IsNull; confidence=STOCK_BYTECODE; status=CONFIRMED; evidence=WF-STOCK-BARD-BOXLOOP; result of IsNull	boolean	API_CONTRACT	semantic-sdk:lua:global_function:_GLOBAL:IsNull; confidence=STOCK_BYTECODE; status=CONFIRMED; evidence=WF-STOCK-BARD-BOXLOOP; result of IsNull
36	513	v36_513	region8	STRUCTURAL	exact engine global gRegion	Region	EXACT_EXPORT	exact engine global gRegion
36	516	v36_516	isMaster3	CORPUS_CATALOG	semantic-sdk:lua:method:RegionOrEngineObject:IsMaster; confidence=OBSERVED_STABLE_SHAPE; status=CATALOG_ONLY; evidence=; result of IsMaster	boolean	CORPUS_CATALOG	semantic-sdk:lua:method:RegionOrEngineObject:IsMaster; confidence=OBSERVED_STABLE_SHAPE; status=CATALOG_ONLY; evidence=; result of IsMaster
36	517	v36_517	goalIdValue	STRUCTURAL	field read goalId			
36	523	v36_523	netPersistentVar10	STRUCTURAL	call result of GetNetPersistentVar			
36	531	v36_531	value21	API_CONTRACT	semantic-sdk:lua:global_function:_GLOBAL:IsNull; confidence=STOCK_BYTECODE; status=CONFIRMED; evidence=WF-STOCK-BARD-BOXLOOP; argument 0 of IsNull			
36	533	v36_533	isNull21	API_CONTRACT	semantic-sdk:lua:global_function:_GLOBAL:IsNull; confidence=STOCK_BYTECODE; status=CONFIRMED; evidence=WF-STOCK-BARD-BOXLOOP; result of IsNull	boolean	API_CONTRACT	semantic-sdk:lua:global_function:_GLOBAL:IsNull; confidence=STOCK_BYTECODE; status=CONFIRMED; evidence=WF-STOCK-BARD-BOXLOOP; result of IsNull
36	536	v36_536	isEnabled2	CORPUS_CATALOG	semantic-sdk:lua:method:EngineObject:IsEnabled; confidence=OBSERVED_STABLE_SHAPE; status=CATALOG_ONLY; evidence=; result of IsEnabled	boolean	CORPUS_CATALOG	semantic-sdk:lua:method:EngineObject:IsEnabled; confidence=OBSERVED_STABLE_SHAPE; status=CATALOG_ONLY; evidence=; result of IsEnabled
36	539	v36_539	instanceNumber	STRUCTURAL	call result of GetInstanceNumber			
36	541	v36_541	value22	API_CONTRACT	semantic-sdk:lua:global_function:_GLOBAL:IsNull; confidence=STOCK_BYTECODE; status=CONFIRMED; evidence=WF-STOCK-BARD-BOXLOOP; argument 0 of IsNull			
36	543	v36_543	isNull22	API_CONTRACT	semantic-sdk:lua:global_function:_GLOBAL:IsNull; confidence=STOCK_BYTECODE; status=CONFIRMED; evidence=WF-STOCK-BARD-BOXLOOP; result of IsNull	boolean	API_CONTRACT	semantic-sdk:lua:global_function:_GLOBAL:IsNull; confidence=STOCK_BYTECODE; status=CONFIRMED; evidence=WF-STOCK-BARD-BOXLOOP; result of IsNull
36	545	v36_545	getPriorityOffsetValue2	STRUCTURAL	field read GetPriorityOffset			
36	546	v36_546	priorityOffset2	STRUCTURAL	call result of GetPriorityOffset			
36	553	v36_553	hT_LABELValue2	STRUCTURAL	field read HT_LABEL			
36	557	v36_557	tAddHudTracker2	STRUCTURAL	call result of _T.AddHudTracker			
36	559	v36_559	colorizeValue	STRUCTURAL	field read Colorize			
36	562	v36_562	colorizeValue2	STRUCTURAL	field read Colorize			
36	565	v36_565	colorizeValue3	STRUCTURAL	field read Colorize			
36	568	v36_568	setOffsetValue4	STRUCTURAL	field read SetOffset			
36	576	v36_576	avatar	API_CONTRACT	semantic-sdk:lua:method:Avatar:DamageControl; confidence=LIVE_CONFIRMED; status=CONFIRMED; evidence=WF-LIVE-MALLET-2026-08-23;WF-STOCK-BARD-BOXLOOP; receiver of DamageControl	Avatar	API_CONTRACT	semantic-sdk:lua:method:Avatar:DamageControl; confidence=LIVE_CONFIRMED; status=CONFIRMED; evidence=WF-LIVE-MALLET-2026-08-23;WF-STOCK-BARD-BOXLOOP; receiver of DamageControl
36	577	v36_577	value23	API_CONTRACT	semantic-sdk:lua:global_function:_GLOBAL:IsNull; confidence=STOCK_BYTECODE; status=CONFIRMED; evidence=WF-STOCK-BARD-BOXLOOP; argument 0 of IsNull			
36	579	v36_579	isNull23	API_CONTRACT	semantic-sdk:lua:global_function:_GLOBAL:IsNull; confidence=STOCK_BYTECODE; status=CONFIRMED; evidence=WF-STOCK-BARD-BOXLOOP; result of IsNull	boolean	API_CONTRACT	semantic-sdk:lua:global_function:_GLOBAL:IsNull; confidence=STOCK_BYTECODE; status=CONFIRMED; evidence=WF-STOCK-BARD-BOXLOOP; result of IsNull
36	584	v36_584	health	CORPUS_CATALOG	semantic-sdk:lua:method:AvatarOrDamageControl:GetHealth; confidence=OBSERVED_STABLE_ARGS; status=CATALOG_ONLY; evidence=; result of GetHealth	number	CORPUS_CATALOG	semantic-sdk:lua:method:AvatarOrDamageControl:GetHealth; confidence=OBSERVED_STABLE_ARGS; status=CATALOG_ONLY; evidence=; result of GetHealth
36	587	v36_587	damageControl	API_CONTRACT	semantic-sdk:lua:method:Avatar:DamageControl; confidence=LIVE_CONFIRMED; status=CONFIRMED; evidence=WF-LIVE-MALLET-2026-08-23;WF-STOCK-BARD-BOXLOOP; result of DamageControl	DamageControl	API_CONTRACT	semantic-sdk:lua:method:Avatar:DamageControl; confidence=LIVE_CONFIRMED; status=CONFIRMED; evidence=WF-LIVE-MALLET-2026-08-23;WF-STOCK-BARD-BOXLOOP; result of DamageControl
36	590	v36_590	uIShield	STRUCTURAL	call result of GetUIShield			
36	593	v36_593	power	STRUCTURAL	call result of GetPower			
36	598	v36_598	roundValue	STRUCTURAL	field read Round			
36	600	v36_600	round	STRUCTURAL	call result of Round			
36	603	v36_603	timer	STRUCTURAL	call result of GetTimer			
36	608	v36_608	colorizeBlinkValue	STRUCTURAL	field read ColorizeBlink			
36	611	v36_611	colorizeBlink	STRUCTURAL	call result of ColorizeBlink			
36	613	v36_613	stringFormat4	STRUCTURAL	call result of string.format			
36	618	v36_618	mathFloor	STRUCTURAL	call result of math.floor			
36	622	v36_622	colorizeBlinkValue2	STRUCTURAL	field read ColorizeBlink			
36	625	v36_625	colorizeBlink2	STRUCTURAL	call result of ColorizeBlink			
36	629	v36_629	stringFormat5	STRUCTURAL	call result of string.format			
36	632	v36_632	mathFloor2	STRUCTURAL	call result of math.floor			
36	636	v36_636	colorizeValue4	STRUCTURAL	field read Colorize			
36	638	v36_638	colorize	STRUCTURAL	call result of Colorize			
36	640	v36_640	stringFormat6	STRUCTURAL	call result of string.format			
36	644	v36_644	colorizeValue5	STRUCTURAL	field read Colorize			
36	646	v36_646	colorize2	STRUCTURAL	call result of Colorize			
36	650	v36_650	stringFormat7	STRUCTURAL	call result of string.format			
36	652	v36_652	formatNumberValue	STRUCTURAL	field read FormatNumber			
36	658	v36_658	formatNumber	STRUCTURAL	call result of FormatNumber			
36	659	v36_659	value24	API_CONTRACT	semantic-sdk:lua:global_function:_GLOBAL:IsNull; confidence=STOCK_BYTECODE; status=CONFIRMED; evidence=WF-STOCK-BARD-BOXLOOP; argument 0 of IsNull			
36	661	v36_661	isNull24	API_CONTRACT	semantic-sdk:lua:global_function:_GLOBAL:IsNull; confidence=STOCK_BYTECODE; status=CONFIRMED; evidence=WF-STOCK-BARD-BOXLOOP; result of IsNull	boolean	API_CONTRACT	semantic-sdk:lua:global_function:_GLOBAL:IsNull; confidence=STOCK_BYTECODE; status=CONFIRMED; evidence=WF-STOCK-BARD-BOXLOOP; result of IsNull
36	664	v36_664	damageControl2	API_CONTRACT	semantic-sdk:lua:method:Avatar:DamageControl; confidence=LIVE_CONFIRMED; status=CONFIRMED; evidence=WF-LIVE-MALLET-2026-08-23;WF-STOCK-BARD-BOXLOOP; result of DamageControl	DamageControl	API_CONTRACT	semantic-sdk:lua:method:Avatar:DamageControl; confidence=LIVE_CONFIRMED; status=CONFIRMED; evidence=WF-LIVE-MALLET-2026-08-23;WF-STOCK-BARD-BOXLOOP; result of DamageControl
36	667	v36_667	isInvulnerable	STRUCTURAL	call result of IsInvulnerable			
36	670	v36_670	damageControl3	API_CONTRACT	semantic-sdk:lua:method:Avatar:DamageControl; confidence=LIVE_CONFIRMED; status=CONFIRMED; evidence=WF-LIVE-MALLET-2026-08-23;WF-STOCK-BARD-BOXLOOP; result of DamageControl	DamageControl	API_CONTRACT	semantic-sdk:lua:method:Avatar:DamageControl; confidence=LIVE_CONFIRMED; status=CONFIRMED; evidence=WF-LIVE-MALLET-2026-08-23;WF-STOCK-BARD-BOXLOOP; result of DamageControl
36	677	v36_677	colorizeValue6	STRUCTURAL	field read Colorize			
36	679	v36_679	colorize3	STRUCTURAL	call result of Colorize			
36	682	v36_682	damageControl4	API_CONTRACT	semantic-sdk:lua:method:Avatar:DamageControl; confidence=LIVE_CONFIRMED; status=CONFIRMED; evidence=WF-LIVE-MALLET-2026-08-23;WF-STOCK-BARD-BOXLOOP; result of DamageControl	DamageControl	API_CONTRACT	semantic-sdk:lua:method:Avatar:DamageControl; confidence=LIVE_CONFIRMED; status=CONFIRMED; evidence=WF-LIVE-MALLET-2026-08-23;WF-STOCK-BARD-BOXLOOP; result of DamageControl
36	685	v36_685	uIShield2	STRUCTURAL	call result of GetUIShield			
36	686	v36_686	uIShield3	STRUCTURAL	call result of GetUIShield			
36	687	v36_687	uIShield4	STRUCTURAL	call result of GetUIShield			
36	688	v36_688	uIShield5	STRUCTURAL	call result of GetUIShield			
36	689	v36_689	uIShield6	STRUCTURAL	call result of GetUIShield			
36	690	v36_690	stringFormat8	STRUCTURAL	call result of string.format			
36	694	v36_694	colorizeValue7	STRUCTURAL	field read Colorize			
36	696	v36_696	colorize4	STRUCTURAL	call result of Colorize			
36	699	v36_699	health2	CORPUS_CATALOG	semantic-sdk:lua:method:AvatarOrDamageControl:GetHealth; confidence=OBSERVED_STABLE_ARGS; status=CATALOG_ONLY; evidence=; result of GetHealth	number	CORPUS_CATALOG	semantic-sdk:lua:method:AvatarOrDamageControl:GetHealth; confidence=OBSERVED_STABLE_ARGS; status=CATALOG_ONLY; evidence=; result of GetHealth
36	700	v36_700	health3	CORPUS_CATALOG	semantic-sdk:lua:method:AvatarOrDamageControl:GetHealth; confidence=OBSERVED_STABLE_ARGS; status=CATALOG_ONLY; evidence=; result of GetHealth	number	CORPUS_CATALOG	semantic-sdk:lua:method:AvatarOrDamageControl:GetHealth; confidence=OBSERVED_STABLE_ARGS; status=CATALOG_ONLY; evidence=; result of GetHealth
36	701	v36_701	health4	CORPUS_CATALOG	semantic-sdk:lua:method:AvatarOrDamageControl:GetHealth; confidence=OBSERVED_STABLE_ARGS; status=CATALOG_ONLY; evidence=; result of GetHealth	number	CORPUS_CATALOG	semantic-sdk:lua:method:AvatarOrDamageControl:GetHealth; confidence=OBSERVED_STABLE_ARGS; status=CATALOG_ONLY; evidence=; result of GetHealth
36	702	v36_702	health5	CORPUS_CATALOG	semantic-sdk:lua:method:AvatarOrDamageControl:GetHealth; confidence=OBSERVED_STABLE_ARGS; status=CATALOG_ONLY; evidence=; result of GetHealth	number	CORPUS_CATALOG	semantic-sdk:lua:method:AvatarOrDamageControl:GetHealth; confidence=OBSERVED_STABLE_ARGS; status=CATALOG_ONLY; evidence=; result of GetHealth
36	703	v36_703	health6	CORPUS_CATALOG	semantic-sdk:lua:method:AvatarOrDamageControl:GetHealth; confidence=OBSERVED_STABLE_ARGS; status=CATALOG_ONLY; evidence=; result of GetHealth	number	CORPUS_CATALOG	semantic-sdk:lua:method:AvatarOrDamageControl:GetHealth; confidence=OBSERVED_STABLE_ARGS; status=CATALOG_ONLY; evidence=; result of GetHealth
36	704	v36_704	stringFormat9	STRUCTURAL	call result of string.format			
36	706	v36_706	setLabelValue2	STRUCTURAL	field read SetLabel			
36	713	v36_713	formatTimeValue	STRUCTURAL	field read FormatTime			
36	715	v36_715	formatTime	STRUCTURAL	call result of FormatTime			
36	717	v36_717	stringFormat10	STRUCTURAL	call result of string.format			
36	718	v36_718	stringFormat11	STRUCTURAL	call result of string.format			
36	719	v36_719	stringFormat12	STRUCTURAL	call result of string.format			
36	720	v36_720	stringFormat13	STRUCTURAL	call result of string.format			
36	721	v36_721	stringFormat14	STRUCTURAL	call result of string.format			
36	722	v36_722	stringFormat15	STRUCTURAL	call result of string.format			
36	723	v36_723	stringFormat16	STRUCTURAL	call result of string.format			
36	725	v36_725	needsInitValue	STRUCTURAL	field read NeedsInit			
36	726	v36_726	value25	API_CONTRACT	semantic-sdk:lua:global_function:_GLOBAL:IsNull; confidence=STOCK_BYTECODE; status=CONFIRMED; evidence=WF-STOCK-BARD-BOXLOOP; argument 0 of IsNull			
36	728	v36_728	isNull25	API_CONTRACT	semantic-sdk:lua:global_function:_GLOBAL:IsNull; confidence=STOCK_BYTECODE; status=CONFIRMED; evidence=WF-STOCK-BARD-BOXLOOP; result of IsNull	boolean	API_CONTRACT	semantic-sdk:lua:global_function:_GLOBAL:IsNull; confidence=STOCK_BYTECODE; status=CONFIRMED; evidence=WF-STOCK-BARD-BOXLOOP; result of IsNull
36	732	v36_732	value26	API_CONTRACT	semantic-sdk:lua:global_function:_GLOBAL:IsNull; confidence=STOCK_BYTECODE; status=CONFIRMED; evidence=WF-STOCK-BARD-BOXLOOP; argument 0 of IsNull			
36	734	v36_734	isNull26	API_CONTRACT	semantic-sdk:lua:global_function:_GLOBAL:IsNull; confidence=STOCK_BYTECODE; status=CONFIRMED; evidence=WF-STOCK-BARD-BOXLOOP; result of IsNull	boolean	API_CONTRACT	semantic-sdk:lua:global_function:_GLOBAL:IsNull; confidence=STOCK_BYTECODE; status=CONFIRMED; evidence=WF-STOCK-BARD-BOXLOOP; result of IsNull
36	736	v36_736	clipNameValue	STRUCTURAL	field read ClipName			
36	742	v36_742	numberVariable	STRUCTURAL	call result of GetNumberVariable			
36	744	v36_744	setHeightValue	STRUCTURAL	field read SetHeight			
36	753	v36_753	value27	API_CONTRACT	semantic-sdk:lua:global_function:_GLOBAL:IsNull; confidence=STOCK_BYTECODE; status=CONFIRMED; evidence=WF-STOCK-BARD-BOXLOOP; argument 0 of IsNull			
36	755	v36_755	isNull27	API_CONTRACT	semantic-sdk:lua:global_function:_GLOBAL:IsNull; confidence=STOCK_BYTECODE; status=CONFIRMED; evidence=WF-STOCK-BARD-BOXLOOP; result of IsNull	boolean	API_CONTRACT	semantic-sdk:lua:global_function:_GLOBAL:IsNull; confidence=STOCK_BYTECODE; status=CONFIRMED; evidence=WF-STOCK-BARD-BOXLOOP; result of IsNull
36	760	v36_760	localized8	STRUCTURAL	call result of GetLocalized			
36	765	v36_765	setLabelValue3	STRUCTURAL	field read SetLabel			
36	767	v36_767	setLabelValue4	STRUCTURAL	field read SetLabel			
36	769	v36_769	setLabelValue5	STRUCTURAL	field read SetLabel			
36	782	v36_782	clearTitleObjTextValue	STRUCTURAL	field read ClearTitleObjText			
37	2	v37_2	region	STRUCTURAL	exact engine global gRegion	Region	EXACT_EXPORT	exact engine global gRegion
37	6	v37_6	tagged	STRUCTURAL	call result of FindTagged			
37	8	v37_8	region2	STRUCTURAL	exact engine global gRegion	Region	EXACT_EXPORT	exact engine global gRegion
37	11	v37_11	isGameModeInProgress	STRUCTURAL	call result of IsGameModeInProgress	boolean	CORPUS_CATALOG	semantic-sdk:lua:method:RegionOrEngineObject:IsMaster; confidence=OBSERVED_STABLE_SHAPE; status=CATALOG_ONLY; evidence=; result of IsMaster
37	13	v37_13	isGameModeInProgressValue	STRUCTURAL	field read IsGameModeInProgress			
37	14	v37_14	tableValue	STRUCTURAL	verified NEWTABLE value			
37	18	v37_18	region3	STRUCTURAL	exact engine global gRegion	Region	EXACT_EXPORT	exact engine global gRegion
37	20	v37_20	avatarOrEntity	CORPUS_CATALOG	semantic-sdk:lua:method:AvatarOrEntity:GetPosition; confidence=OBSERVED_STABLE_ARGS; status=CATALOG_ONLY; evidence=; receiver of GetPosition	AvatarOrEntity	CORPUS_CATALOG	semantic-sdk:lua:method:AvatarOrEntity:GetPosition; confidence=OBSERVED_STABLE_ARGS; status=CATALOG_ONLY; evidence=; receiver of GetPosition
37	23	v37_23	vector3	CORPUS_CATALOG	semantic-sdk:lua:method:AvatarOrEntity:GetPosition; confidence=OBSERVED_STABLE_ARGS; status=CATALOG_ONLY; evidence=; result of GetPosition	Vector3	CORPUS_CATALOG	semantic-sdk:lua:method:AvatarOrEntity:GetPosition; confidence=OBSERVED_STABLE_ARGS; status=CATALOG_ONLY; evidence=; result of GetPosition
37	27	v37_27	nearest	STRUCTURAL	call result of FindNearest	EngineObject	CORPUS_CATALOG	semantic-sdk:lua:method:EngineObject:IsEnabled; confidence=OBSERVED_STABLE_SHAPE; status=CATALOG_ONLY; evidence=; receiver of IsEnabled
37	28	v37_28	value	API_CONTRACT	semantic-sdk:lua:global_function:_GLOBAL:IsNull; confidence=STOCK_BYTECODE; status=CONFIRMED; evidence=WF-STOCK-BARD-BOXLOOP; argument 0 of IsNull			
37	30	v37_30	isNull	API_CONTRACT	semantic-sdk:lua:global_function:_GLOBAL:IsNull; confidence=STOCK_BYTECODE; status=CONFIRMED; evidence=WF-STOCK-BARD-BOXLOOP; result of IsNull	boolean	API_CONTRACT	semantic-sdk:lua:global_function:_GLOBAL:IsNull; confidence=STOCK_BYTECODE; status=CONFIRMED; evidence=WF-STOCK-BARD-BOXLOOP; result of IsNull
37	33	v37_33	isEnabled	CORPUS_CATALOG	semantic-sdk:lua:method:EngineObject:IsEnabled; confidence=OBSERVED_STABLE_SHAPE; status=CATALOG_ONLY; evidence=; result of IsEnabled	boolean	CORPUS_CATALOG	semantic-sdk:lua:method:EngineObject:IsEnabled; confidence=OBSERVED_STABLE_SHAPE; status=CATALOG_ONLY; evidence=; result of IsEnabled
37	39	v37_39	fullName	STRUCTURAL	call result of GetFullName			
37	40	v37_40	fullName2	STRUCTURAL	call result of GetFullName			
37	42	v37_42	tostring2	STRUCTURAL	call result of tostring			
38	7	v38_7	avatarOrEntity	API_CONTRACT	semantic-sdk:lua:method:AvatarOrEntity:DistanceToPoint; confidence=STOCK_BYTECODE; status=CONFIRMED; evidence=WF-R5-CALLSHAPE-CORPUS;WF-R5-DIFFERENTIAL-V3;WF-R5-NUMERIC-EVIDENCE; receiver of DistanceToPoint	AvatarOrEntity	API_CONTRACT	semantic-sdk:lua:method:AvatarOrEntity:DistanceToPoint; confidence=STOCK_BYTECODE; status=CONFIRMED; evidence=WF-R5-CALLSHAPE-CORPUS;WF-R5-DIFFERENTIAL-V3;WF-R5-NUMERIC-EVIDENCE; receiver of DistanceToPoint
38	8	v38_8	point_or_ref	API_CONTRACT	semantic-sdk:lua:method:AvatarOrEntity:DistanceToPoint; confidence=STOCK_BYTECODE; status=CONFIRMED; evidence=WF-R5-CALLSHAPE-CORPUS;WF-R5-DIFFERENTIAL-V3;WF-R5-NUMERIC-EVIDENCE; argument 0 of DistanceToPoint	opaque	API_CONTRACT	semantic-sdk:lua:method:AvatarOrEntity:DistanceToPoint; confidence=STOCK_BYTECODE; status=CONFIRMED; evidence=WF-R5-CALLSHAPE-CORPUS;WF-R5-DIFFERENTIAL-V3;WF-R5-NUMERIC-EVIDENCE; argument type 0 of DistanceToPoint
38	11	v38_11	number_luau_facing	API_CONTRACT	semantic-sdk:lua:method:AvatarOrEntity:DistanceToPoint; confidence=STOCK_BYTECODE; status=CONFIRMED; evidence=WF-R5-CALLSHAPE-CORPUS;WF-R5-DIFFERENTIAL-V3;WF-R5-NUMERIC-EVIDENCE; result of DistanceToPoint	number_luau_facing	API_CONTRACT	semantic-sdk:lua:method:AvatarOrEntity:DistanceToPoint; confidence=STOCK_BYTECODE; status=CONFIRMED; evidence=WF-R5-CALLSHAPE-CORPUS;WF-R5-DIFFERENTIAL-V3;WF-R5-NUMERIC-EVIDENCE; result of DistanceToPoint
38	13	v38_13	value	API_CONTRACT	semantic-sdk:lua:global_function:_GLOBAL:IsNull; confidence=STOCK_BYTECODE; status=CONFIRMED; evidence=WF-STOCK-BARD-BOXLOOP; argument 0 of IsNull			
38	15	v38_15	isNull	API_CONTRACT	semantic-sdk:lua:global_function:_GLOBAL:IsNull; confidence=STOCK_BYTECODE; status=CONFIRMED; evidence=WF-STOCK-BARD-BOXLOOP; result of IsNull	boolean	API_CONTRACT	semantic-sdk:lua:global_function:_GLOBAL:IsNull; confidence=STOCK_BYTECODE; status=CONFIRMED; evidence=WF-STOCK-BARD-BOXLOOP; result of IsNull
38	19	v38_19	randomInt	STRUCTURAL	call result of RandomInt			
39	1	v39_1	region	STRUCTURAL	exact engine global gRegion	Region	EXACT_EXPORT	exact engine global gRegion
39	4	v39_4	isMaster	CORPUS_CATALOG	semantic-sdk:lua:method:RegionOrEngineObject:IsMaster; confidence=OBSERVED_STABLE_SHAPE; status=CATALOG_ONLY; evidence=; result of IsMaster	boolean	CORPUS_CATALOG	semantic-sdk:lua:method:RegionOrEngineObject:IsMaster; confidence=OBSERVED_STABLE_SHAPE; status=CATALOG_ONLY; evidence=; result of IsMaster
39	14	v39_14	tostring2	STRUCTURAL	call result of tostring			
39	20	v39_20	netPersistentVar	STRUCTURAL	call result of GetNetPersistentVar			
39	34	v39_34	avatarOrEntity	CORPUS_CATALOG	semantic-sdk:lua:method:AvatarOrEntity:GetPosition; confidence=OBSERVED_STABLE_ARGS; status=CATALOG_ONLY; evidence=; receiver of GetPosition	AvatarOrEntity	CORPUS_CATALOG	semantic-sdk:lua:method:AvatarOrEntity:GetPosition; confidence=OBSERVED_STABLE_ARGS; status=CATALOG_ONLY; evidence=; receiver of GetPosition
39	35	v39_35	value	API_CONTRACT	semantic-sdk:lua:global_function:_GLOBAL:IsNull; confidence=STOCK_BYTECODE; status=CONFIRMED; evidence=WF-STOCK-BARD-BOXLOOP; argument 0 of IsNull			
39	37	v39_37	isNull	API_CONTRACT	semantic-sdk:lua:global_function:_GLOBAL:IsNull; confidence=STOCK_BYTECODE; status=CONFIRMED; evidence=WF-STOCK-BARD-BOXLOOP; result of IsNull	boolean	API_CONTRACT	semantic-sdk:lua:global_function:_GLOBAL:IsNull; confidence=STOCK_BYTECODE; status=CONFIRMED; evidence=WF-STOCK-BARD-BOXLOOP; result of IsNull
39	38	v39_38	region2	STRUCTURAL	exact engine global gRegion	Region	EXACT_EXPORT	exact engine global gRegion
39	42	v39_42	tagged	STRUCTURAL	call result of FindTagged			
39	46	v39_46	engineObject	CORPUS_CATALOG	semantic-sdk:lua:method:EngineObject:IsVisible; confidence=OBSERVED_STABLE_SHAPE; status=CATALOG_ONLY; evidence=; receiver of IsVisible	EngineObject	CORPUS_CATALOG	semantic-sdk:lua:method:EngineObject:IsVisible; confidence=OBSERVED_STABLE_SHAPE; status=CATALOG_ONLY; evidence=; receiver of IsVisible
39	49	v39_49	isVisible	CORPUS_CATALOG	semantic-sdk:lua:method:EngineObject:IsVisible; confidence=OBSERVED_STABLE_SHAPE; status=CATALOG_ONLY; evidence=; result of IsVisible	boolean	CORPUS_CATALOG	semantic-sdk:lua:method:EngineObject:IsVisible; confidence=OBSERVED_STABLE_SHAPE; status=CATALOG_ONLY; evidence=; result of IsVisible
39	54	v39_54	vector3	CORPUS_CATALOG	semantic-sdk:lua:method:AvatarOrEntity:GetPosition; confidence=OBSERVED_STABLE_ARGS; status=CATALOG_ONLY; evidence=; result of GetPosition	Vector3	CORPUS_CATALOG	semantic-sdk:lua:method:AvatarOrEntity:GetPosition; confidence=OBSERVED_STABLE_ARGS; status=CATALOG_ONLY; evidence=; result of GetPosition
39	56	v39_56	region3	STRUCTURAL	exact engine global gRegion	Region	EXACT_EXPORT	exact engine global gRegion
39	59	v39_59	isGameModeInProgress	STRUCTURAL	call result of IsGameModeInProgress	boolean	CORPUS_CATALOG	semantic-sdk:lua:method:RegionOrEngineObject:IsMaster; confidence=OBSERVED_STABLE_SHAPE; status=CATALOG_ONLY; evidence=; result of IsMaster
39	61	v39_61	isGameModeInProgressValue	STRUCTURAL	field read IsGameModeInProgress			
39	66	v39_66	netPersistentVar2	STRUCTURAL	call result of GetNetPersistentVar			
39	74	v39_74	netPersistentVar3	STRUCTURAL	call result of GetNetPersistentVar			
39	76	v39_76	region4	STRUCTURAL	exact engine global gRegion	Region	EXACT_EXPORT	exact engine global gRegion
39	80	v39_80	tagged2	STRUCTURAL	call result of FindTagged			
39	82	v39_82	region5	STRUCTURAL	exact engine global gRegion	Region	EXACT_EXPORT	exact engine global gRegion
39	86	v39_86	tagged3	STRUCTURAL	call result of FindTagged			
39	91	v39_91	engineObject2	CORPUS_CATALOG	semantic-sdk:lua:method:EngineObject:IsEnabled; confidence=OBSERVED_STABLE_SHAPE; status=CATALOG_ONLY; evidence=; receiver of IsEnabled	EngineObject	CORPUS_CATALOG	semantic-sdk:lua:method:EngineObject:IsEnabled; confidence=OBSERVED_STABLE_SHAPE; status=CATALOG_ONLY; evidence=; receiver of IsEnabled
39	94	v39_94	isEnabled	CORPUS_CATALOG	semantic-sdk:lua:method:EngineObject:IsEnabled; confidence=OBSERVED_STABLE_SHAPE; status=CATALOG_ONLY; evidence=; result of IsEnabled	boolean	CORPUS_CATALOG	semantic-sdk:lua:method:EngineObject:IsEnabled; confidence=OBSERVED_STABLE_SHAPE; status=CATALOG_ONLY; evidence=; result of IsEnabled
39	100	v39_100	netPersistentVar4	STRUCTURAL	call result of GetNetPersistentVar			
39	112	v39_112	tostring3	STRUCTURAL	call result of tostring			
39	119	v39_119	randomInt	STRUCTURAL	call result of RandomInt			
39	147	v39_147	playGlobalTransmissionValue	STRUCTURAL	field read PlayGlobalTransmission			
39	151	v39_151	symbol	STRUCTURAL	call result of Symbol			
39	152	v39_152	symbol2	STRUCTURAL	call result of Symbol			
39	153	v39_153	symbol3	STRUCTURAL	call result of Symbol			
39	154	v39_154	symbol4	STRUCTURAL	call result of Symbol			
39	155	v39_155	symbol5	STRUCTURAL	call result of Symbol			
39	156	v39_156	symbol6	STRUCTURAL	call result of Symbol			
39	157	v39_157	symbol7	STRUCTURAL	call result of Symbol			
39	158	v39_158	symbol8	STRUCTURAL	call result of Symbol			
39	159	v39_159	symbol9	STRUCTURAL	call result of Symbol			
39	160	v39_160	symbol10	STRUCTURAL	call result of Symbol			
39	161	v39_161	symbol11	STRUCTURAL	call result of Symbol			
39	162	v39_162	symbol12	STRUCTURAL	call result of Symbol			
39	163	v39_163	symbol13	STRUCTURAL	call result of Symbol			
39	164	v39_164	symbol14	STRUCTURAL	call result of Symbol			
39	165	v39_165	symbol15	STRUCTURAL	call result of Symbol			
39	166	v39_166	symbol16	STRUCTURAL	call result of Symbol			
39	167	v39_167	symbol17	STRUCTURAL	call result of Symbol			
39	168	v39_168	symbol18	STRUCTURAL	call result of Symbol			
39	169	v39_169	region6	STRUCTURAL	exact engine global gRegion	Region	EXACT_EXPORT	exact engine global gRegion
39	172	v39_172	humanPlayerAvatars	STRUCTURAL	call result of GetHumanPlayerAvatars			
39	176	v39_176	engineObject3	CORPUS_CATALOG	semantic-sdk:lua:method:EngineObject:IsA; confidence=OBSERVED_VARIABLE_OR_OPEN; status=CATALOG_ONLY; evidence=; receiver of IsA	EngineObject	CORPUS_CATALOG	semantic-sdk:lua:method:EngineObject:IsA; confidence=OBSERVED_VARIABLE_OR_OPEN; status=CATALOG_ONLY; evidence=; receiver of IsA
39	180	v39_180	isA	CORPUS_CATALOG	semantic-sdk:lua:method:EngineObject:IsA; confidence=OBSERVED_VARIABLE_OR_OPEN; status=CATALOG_ONLY; evidence=; result of IsA	boolean	CORPUS_CATALOG	semantic-sdk:lua:method:EngineObject:IsA; confidence=OBSERVED_VARIABLE_OR_OPEN; status=CATALOG_ONLY; evidence=; result of IsA
39	183	v39_183	isHoverboard	STRUCTURAL	call result of IsHoverboard			
39	186	v39_186	rider	STRUCTURAL	call result of GetRider			
39	189	v39_189	rider2	STRUCTURAL	call result of GetRider			
39	190	v39_190	avatar	CORPUS_CATALOG	semantic-sdk:lua:method:Avatar:InventoryControl; confidence=OBSERVED_STABLE_ARGS; status=CATALOG_ONLY; evidence=; receiver of InventoryControl	Avatar	CORPUS_CATALOG	semantic-sdk:lua:method:Avatar:InventoryControl; confidence=OBSERVED_STABLE_ARGS; status=CATALOG_ONLY; evidence=; receiver of InventoryControl
39	194	v39_194	hasItem	STRUCTURAL	call result of HasItem			
39	198	v39_198	avatarOrEntity2	CORPUS_CATALOG	semantic-sdk:lua:method:AvatarOrEntity:GetPosition; confidence=OBSERVED_STABLE_ARGS; status=CATALOG_ONLY; evidence=; receiver of GetPosition	AvatarOrEntity	CORPUS_CATALOG	semantic-sdk:lua:method:AvatarOrEntity:GetPosition; confidence=OBSERVED_STABLE_ARGS; status=CATALOG_ONLY; evidence=; receiver of GetPosition
39	201	v39_201	vector32	CORPUS_CATALOG	semantic-sdk:lua:method:AvatarOrEntity:GetPosition; confidence=OBSERVED_STABLE_ARGS; status=CATALOG_ONLY; evidence=; result of GetPosition	Vector3	CORPUS_CATALOG	semantic-sdk:lua:method:AvatarOrEntity:GetPosition; confidence=OBSERVED_STABLE_ARGS; status=CATALOG_ONLY; evidence=; result of GetPosition
39	202	v39_202	xValue	STRUCTURAL	field read x			
39	203	v39_203	xValue2	STRUCTURAL	field read x			
39	205	v39_205	xValue3	STRUCTURAL	field read x			
39	206	v39_206	xValue4	STRUCTURAL	field read x			
39	209	v39_209	zValue	STRUCTURAL	field read z			
39	210	v39_210	zValue2	STRUCTURAL	field read z			
39	212	v39_212	zValue3	STRUCTURAL	field read z			
39	213	v39_213	zValue4	STRUCTURAL	field read z			
39	218	v39_218	avatar2	API_CONTRACT	semantic-sdk:lua:method:Avatar:GetPlayer; confidence=LIVE_CONFIRMED; status=CONFIRMED; evidence=WF-LIVE-MALLET-2026-08-23; receiver of GetPlayer	Avatar	API_CONTRACT	semantic-sdk:lua:method:Avatar:GetPlayer; confidence=LIVE_CONFIRMED; status=CONFIRMED; evidence=WF-LIVE-MALLET-2026-08-23; receiver of GetPlayer
39	221	v39_221	playerHandle	API_CONTRACT	semantic-sdk:lua:method:Avatar:GetPlayer; confidence=LIVE_CONFIRMED; status=CONFIRMED; evidence=WF-LIVE-MALLET-2026-08-23; result of GetPlayer	PlayerHandle|unknown	API_CONTRACT	semantic-sdk:lua:method:Avatar:GetPlayer; confidence=LIVE_CONFIRMED; status=CONFIRMED; evidence=WF-LIVE-MALLET-2026-08-23; result of GetPlayer
39	224	v39_224	inventoryControl	CORPUS_CATALOG	semantic-sdk:lua:method:Avatar:InventoryControl; confidence=OBSERVED_STABLE_ARGS; status=CATALOG_ONLY; evidence=; result of InventoryControl	InventoryControl	CORPUS_CATALOG	semantic-sdk:lua:method:Avatar:InventoryControl; confidence=OBSERVED_STABLE_ARGS; status=CATALOG_ONLY; evidence=; result of InventoryControl
39	229	v39_229	roundValue	STRUCTURAL	field read Round			
39	235	v39_235	mathMin	STRUCTURAL	call result of math.min			
39	236	v39_236	round	STRUCTURAL	call result of Round			
39	247	v39_247	tostring4	STRUCTURAL	call result of tostring			
39	250	v39_250	avatarOrEntity3	CORPUS_CATALOG	semantic-sdk:lua:method:AvatarOrEntity:PlaySound; confidence=OBSERVED_VARIABLE_OR_OPEN; status=CATALOG_ONLY; evidence=; receiver of PlaySound	AvatarOrEntity	CORPUS_CATALOG	semantic-sdk:lua:method:AvatarOrEntity:PlaySound; confidence=OBSERVED_VARIABLE_OR_OPEN; status=CATALOG_ONLY; evidence=; receiver of PlaySound
39	258	v39_258	sharedState	STRUCTURAL	exact engine global _T			
39	260	v39_260	value2	API_CONTRACT	semantic-sdk:lua:global_function:_GLOBAL:IsNull; confidence=STOCK_BYTECODE; status=CONFIRMED; evidence=WF-STOCK-BARD-BOXLOOP; argument 0 of IsNull			
39	262	v39_262	isNull2	API_CONTRACT	semantic-sdk:lua:global_function:_GLOBAL:IsNull; confidence=STOCK_BYTECODE; status=CONFIRMED; evidence=WF-STOCK-BARD-BOXLOOP; result of IsNull	boolean	API_CONTRACT	semantic-sdk:lua:global_function:_GLOBAL:IsNull; confidence=STOCK_BYTECODE; status=CONFIRMED; evidence=WF-STOCK-BARD-BOXLOOP; result of IsNull
39	265	v39_265	stats	STRUCTURAL	call result of GetStats			
39	266	v39_266	value3	API_CONTRACT	semantic-sdk:lua:global_function:_GLOBAL:IsNull; confidence=STOCK_BYTECODE; status=CONFIRMED; evidence=WF-STOCK-BARD-BOXLOOP; argument 0 of IsNull			
39	268	v39_268	isNull3	API_CONTRACT	semantic-sdk:lua:global_function:_GLOBAL:IsNull; confidence=STOCK_BYTECODE; status=CONFIRMED; evidence=WF-STOCK-BARD-BOXLOOP; result of IsNull	boolean	API_CONTRACT	semantic-sdk:lua:global_function:_GLOBAL:IsNull; confidence=STOCK_BYTECODE; status=CONFIRMED; evidence=WF-STOCK-BARD-BOXLOOP; result of IsNull
39	276	v39_276	mathMax	STRUCTURAL	call result of math.max			
39	279	v39_279	playGlobalTransmissionValue2	STRUCTURAL	field read PlayGlobalTransmission			
39	283	v39_283	symbol19	STRUCTURAL	call result of Symbol			
39	284	v39_284	symbol20	STRUCTURAL	call result of Symbol			
39	285	v39_285	symbol21	STRUCTURAL	call result of Symbol			
39	286	v39_286	symbol22	STRUCTURAL	call result of Symbol			
39	287	v39_287	symbol23	STRUCTURAL	call result of Symbol			
39	288	v39_288	symbol24	STRUCTURAL	call result of Symbol			
39	289	v39_289	symbol25	STRUCTURAL	call result of Symbol			
39	290	v39_290	symbol26	STRUCTURAL	call result of Symbol			
39	291	v39_291	symbol27	STRUCTURAL	call result of Symbol			
39	292	v39_292	symbol28	STRUCTURAL	call result of Symbol			
39	293	v39_293	symbol29	STRUCTURAL	call result of Symbol			
39	294	v39_294	symbol30	STRUCTURAL	call result of Symbol			
39	295	v39_295	symbol31	STRUCTURAL	call result of Symbol			
39	296	v39_296	symbol32	STRUCTURAL	call result of Symbol			
39	297	v39_297	symbol33	STRUCTURAL	call result of Symbol			
39	298	v39_298	symbol34	STRUCTURAL	call result of Symbol			
39	299	v39_299	symbol35	STRUCTURAL	call result of Symbol			
39	300	v39_300	symbol36	STRUCTURAL	call result of Symbol			
39	327	v39_327	mathCeil	STRUCTURAL	call result of math.ceil			
41	10	v41_10	avatar	API_CONTRACT	semantic-sdk:lua:method:Avatar:GetPlayer; confidence=LIVE_CONFIRMED; status=CONFIRMED; evidence=WF-LIVE-MALLET-2026-08-23; receiver of GetPlayer	Avatar	API_CONTRACT	semantic-sdk:lua:method:Avatar:GetPlayer; confidence=LIVE_CONFIRMED; status=CONFIRMED; evidence=WF-LIVE-MALLET-2026-08-23; receiver of GetPlayer
41	13	v41_13	playerHandle	API_CONTRACT	semantic-sdk:lua:method:Avatar:GetPlayer; confidence=LIVE_CONFIRMED; status=CONFIRMED; evidence=WF-LIVE-MALLET-2026-08-23; result of GetPlayer	PlayerHandle|unknown	API_CONTRACT	semantic-sdk:lua:method:Avatar:GetPlayer; confidence=LIVE_CONFIRMED; status=CONFIRMED; evidence=WF-LIVE-MALLET-2026-08-23; result of GetPlayer
41	16	v41_16	missionData	STRUCTURAL	call result of GetMissionData			
41	17	v41_17	avatarOrEntity	API_CONTRACT	semantic-sdk:lua:method:AvatarOrEntity:DistanceToPoint; confidence=STOCK_BYTECODE; status=CONFIRMED; evidence=WF-R5-CALLSHAPE-CORPUS;WF-R5-DIFFERENTIAL-V3;WF-R5-NUMERIC-EVIDENCE; receiver of DistanceToPoint	AvatarOrEntity	API_CONTRACT	semantic-sdk:lua:method:AvatarOrEntity:DistanceToPoint; confidence=STOCK_BYTECODE; status=CONFIRMED; evidence=WF-R5-CALLSHAPE-CORPUS;WF-R5-DIFFERENTIAL-V3;WF-R5-NUMERIC-EVIDENCE; receiver of DistanceToPoint
41	18	v41_18	point_or_ref	API_CONTRACT	semantic-sdk:lua:method:AvatarOrEntity:DistanceToPoint; confidence=STOCK_BYTECODE; status=CONFIRMED; evidence=WF-R5-CALLSHAPE-CORPUS;WF-R5-DIFFERENTIAL-V3;WF-R5-NUMERIC-EVIDENCE; argument 0 of DistanceToPoint	opaque	API_CONTRACT	semantic-sdk:lua:method:AvatarOrEntity:DistanceToPoint; confidence=STOCK_BYTECODE; status=CONFIRMED; evidence=WF-R5-CALLSHAPE-CORPUS;WF-R5-DIFFERENTIAL-V3;WF-R5-NUMERIC-EVIDENCE; argument type 0 of DistanceToPoint
41	21	v41_21	number_luau_facing	API_CONTRACT	semantic-sdk:lua:method:AvatarOrEntity:DistanceToPoint; confidence=STOCK_BYTECODE; status=CONFIRMED; evidence=WF-R5-CALLSHAPE-CORPUS;WF-R5-DIFFERENTIAL-V3;WF-R5-NUMERIC-EVIDENCE; result of DistanceToPoint	number_luau_facing	API_CONTRACT	semantic-sdk:lua:method:AvatarOrEntity:DistanceToPoint; confidence=STOCK_BYTECODE; status=CONFIRMED; evidence=WF-R5-CALLSHAPE-CORPUS;WF-R5-DIFFERENTIAL-V3;WF-R5-NUMERIC-EVIDENCE; result of DistanceToPoint
41	28	v41_28	avatar2	API_CONTRACT	semantic-sdk:lua:method:Avatar:DamageControl; confidence=LIVE_CONFIRMED; status=CONFIRMED; evidence=WF-LIVE-MALLET-2026-08-23;WF-STOCK-BARD-BOXLOOP; receiver of DamageControl	Avatar	API_CONTRACT	semantic-sdk:lua:method:Avatar:DamageControl; confidence=LIVE_CONFIRMED; status=CONFIRMED; evidence=WF-LIVE-MALLET-2026-08-23;WF-STOCK-BARD-BOXLOOP; receiver of DamageControl
41	31	v41_31	damageControl	API_CONTRACT	semantic-sdk:lua:method:Avatar:DamageControl; confidence=LIVE_CONFIRMED; status=CONFIRMED; evidence=WF-LIVE-MALLET-2026-08-23;WF-STOCK-BARD-BOXLOOP; result of DamageControl	DamageControl	API_CONTRACT	semantic-sdk:lua:method:Avatar:DamageControl; confidence=LIVE_CONFIRMED; status=CONFIRMED; evidence=WF-LIVE-MALLET-2026-08-23;WF-STOCK-BARD-BOXLOOP; result of DamageControl
41	34	v41_34	shield	CORPUS_CATALOG	semantic-sdk:lua:method:AvatarOrDamageControl:GetShield; confidence=OBSERVED_STABLE_SHAPE; status=CATALOG_ONLY; evidence=; result of GetShield	number	CORPUS_CATALOG	semantic-sdk:lua:method:AvatarOrDamageControl:GetShield; confidence=OBSERVED_STABLE_SHAPE; status=CATALOG_ONLY; evidence=; result of GetShield
41	37	v41_37	maxShield	CORPUS_CATALOG	semantic-sdk:lua:method:AvatarOrDamageControl:GetMaxShield; confidence=OBSERVED_VARIABLE_OR_OPEN; status=CATALOG_ONLY; evidence=; result of GetMaxShield	number	CORPUS_CATALOG	semantic-sdk:lua:method:AvatarOrDamageControl:GetMaxShield; confidence=OBSERVED_VARIABLE_OR_OPEN; status=CATALOG_ONLY; evidence=; result of GetMaxShield
41	38	v41_38	avatarOrDamageControl	CORPUS_CATALOG	semantic-sdk:lua:method:AvatarOrDamageControl:GetHealth; confidence=OBSERVED_STABLE_ARGS; status=CATALOG_ONLY; evidence=; receiver of GetHealth	AvatarOrDamageControl	CORPUS_CATALOG	semantic-sdk:lua:method:AvatarOrDamageControl:GetHealth; confidence=OBSERVED_STABLE_ARGS; status=CATALOG_ONLY; evidence=; receiver of GetHealth
41	41	v41_41	health	CORPUS_CATALOG	semantic-sdk:lua:method:AvatarOrDamageControl:GetHealth; confidence=OBSERVED_STABLE_ARGS; status=CATALOG_ONLY; evidence=; result of GetHealth	number	CORPUS_CATALOG	semantic-sdk:lua:method:AvatarOrDamageControl:GetHealth; confidence=OBSERVED_STABLE_ARGS; status=CATALOG_ONLY; evidence=; result of GetHealth
41	43	v41_43	region	STRUCTURAL	exact engine global gRegion	Region	EXACT_EXPORT	exact engine global gRegion
41	46	v41_46	isMaster	CORPUS_CATALOG	semantic-sdk:lua:method:RegionOrEngineObject:IsMaster; confidence=OBSERVED_STABLE_SHAPE; status=CATALOG_ONLY; evidence=; result of IsMaster	boolean	CORPUS_CATALOG	semantic-sdk:lua:method:RegionOrEngineObject:IsMaster; confidence=OBSERVED_STABLE_SHAPE; status=CATALOG_ONLY; evidence=; result of IsMaster
41	50	v41_50	mathMax	STRUCTURAL	call result of math.max			
41	55	v41_55	region2	STRUCTURAL	exact engine global gRegion	Region	EXACT_EXPORT	exact engine global gRegion
41	58	v41_58	isMaster2	CORPUS_CATALOG	semantic-sdk:lua:method:RegionOrEngineObject:IsMaster; confidence=OBSERVED_STABLE_SHAPE; status=CATALOG_ONLY; evidence=; result of IsMaster	boolean	CORPUS_CATALOG	semantic-sdk:lua:method:RegionOrEngineObject:IsMaster; confidence=OBSERVED_STABLE_SHAPE; status=CATALOG_ONLY; evidence=; result of IsMaster
41	62	v41_62	mathMax2	STRUCTURAL	call result of math.max			
41	63	v41_63	avatarOrDamageControl2	CORPUS_CATALOG	semantic-sdk:lua:method:AvatarOrDamageControl:SetHealth; confidence=OBSERVED_VARIABLE_OR_OPEN; status=CATALOG_ONLY; evidence=; receiver of SetHealth	AvatarOrDamageControl	CORPUS_CATALOG	semantic-sdk:lua:method:AvatarOrDamageControl:SetHealth; confidence=OBSERVED_VARIABLE_OR_OPEN; status=CATALOG_ONLY; evidence=; receiver of SetHealth
41	67	v41_67	avatarOrEntity2	CORPUS_CATALOG	semantic-sdk:lua:method:AvatarOrEntity:GetAttachment; confidence=OBSERVED_VARIABLE_OR_OPEN; status=CATALOG_ONLY; evidence=; receiver of GetAttachment	AvatarOrEntity	CORPUS_CATALOG	semantic-sdk:lua:method:AvatarOrEntity:GetAttachment; confidence=OBSERVED_VARIABLE_OR_OPEN; status=CATALOG_ONLY; evidence=; receiver of GetAttachment
41	71	v41_71	attachment	CORPUS_CATALOG	semantic-sdk:lua:method:AvatarOrEntity:GetAttachment; confidence=OBSERVED_VARIABLE_OR_OPEN; status=CATALOG_ONLY; evidence=; result of GetAttachment	AttachmentOrNil	CORPUS_CATALOG	semantic-sdk:lua:method:AvatarOrEntity:GetAttachment; confidence=OBSERVED_VARIABLE_OR_OPEN; status=CATALOG_ONLY; evidence=; result of GetAttachment
41	72	v41_72	attachment2	CORPUS_CATALOG	semantic-sdk:lua:method:AvatarOrEntity:GetAttachment; confidence=OBSERVED_VARIABLE_OR_OPEN; status=CATALOG_ONLY; evidence=; result of GetAttachment	AttachmentOrNil	CORPUS_CATALOG	semantic-sdk:lua:method:AvatarOrEntity:GetAttachment; confidence=OBSERVED_VARIABLE_OR_OPEN; status=CATALOG_ONLY; evidence=; result of GetAttachment
41	73	v41_73	attachment3	CORPUS_CATALOG	semantic-sdk:lua:method:AvatarOrEntity:GetAttachment; confidence=OBSERVED_VARIABLE_OR_OPEN; status=CATALOG_ONLY; evidence=; result of GetAttachment	AttachmentOrNil	CORPUS_CATALOG	semantic-sdk:lua:method:AvatarOrEntity:GetAttachment; confidence=OBSERVED_VARIABLE_OR_OPEN; status=CATALOG_ONLY; evidence=; result of GetAttachment
41	74	v41_74	attachment4	CORPUS_CATALOG	semantic-sdk:lua:method:AvatarOrEntity:GetAttachment; confidence=OBSERVED_VARIABLE_OR_OPEN; status=CATALOG_ONLY; evidence=; result of GetAttachment	AttachmentOrNil	CORPUS_CATALOG	semantic-sdk:lua:method:AvatarOrEntity:GetAttachment; confidence=OBSERVED_VARIABLE_OR_OPEN; status=CATALOG_ONLY; evidence=; result of GetAttachment
41	75	v41_75	attachment5	CORPUS_CATALOG	semantic-sdk:lua:method:AvatarOrEntity:GetAttachment; confidence=OBSERVED_VARIABLE_OR_OPEN; status=CATALOG_ONLY; evidence=; result of GetAttachment	AttachmentOrNil	CORPUS_CATALOG	semantic-sdk:lua:method:AvatarOrEntity:GetAttachment; confidence=OBSERVED_VARIABLE_OR_OPEN; status=CATALOG_ONLY; evidence=; result of GetAttachment
41	76	v41_76	attachment6	CORPUS_CATALOG	semantic-sdk:lua:method:AvatarOrEntity:GetAttachment; confidence=OBSERVED_VARIABLE_OR_OPEN; status=CATALOG_ONLY; evidence=; result of GetAttachment	AttachmentOrNil	CORPUS_CATALOG	semantic-sdk:lua:method:AvatarOrEntity:GetAttachment; confidence=OBSERVED_VARIABLE_OR_OPEN; status=CATALOG_ONLY; evidence=; result of GetAttachment
41	77	v41_77	attachment7	CORPUS_CATALOG	semantic-sdk:lua:method:AvatarOrEntity:GetAttachment; confidence=OBSERVED_VARIABLE_OR_OPEN; status=CATALOG_ONLY; evidence=; result of GetAttachment	AttachmentOrNil	CORPUS_CATALOG	semantic-sdk:lua:method:AvatarOrEntity:GetAttachment; confidence=OBSERVED_VARIABLE_OR_OPEN; status=CATALOG_ONLY; evidence=; result of GetAttachment
41	78	v41_78	attachment8	CORPUS_CATALOG	semantic-sdk:lua:method:AvatarOrEntity:GetAttachment; confidence=OBSERVED_VARIABLE_OR_OPEN; status=CATALOG_ONLY; evidence=; result of GetAttachment	AttachmentOrNil	CORPUS_CATALOG	semantic-sdk:lua:method:AvatarOrEntity:GetAttachment; confidence=OBSERVED_VARIABLE_OR_OPEN; status=CATALOG_ONLY; evidence=; result of GetAttachment
41	80	v41_80	isNull	API_CONTRACT	semantic-sdk:lua:global_function:_GLOBAL:IsNull; confidence=STOCK_BYTECODE; status=CONFIRMED; evidence=WF-STOCK-BARD-BOXLOOP; result of IsNull	boolean	API_CONTRACT	semantic-sdk:lua:global_function:_GLOBAL:IsNull; confidence=STOCK_BYTECODE; status=CONFIRMED; evidence=WF-STOCK-BARD-BOXLOOP; result of IsNull
41	92	v41_92	vector	STRUCTURAL	call result of Vector			
41	93	v41_93	vector2	STRUCTURAL	call result of Vector			
41	94	v41_94	vector3	STRUCTURAL	call result of Vector			
41	95	v41_95	vector4	STRUCTURAL	call result of Vector			
41	98	v41_98	attach	STRUCTURAL	call result of Attach			
41	103	v41_103	vector5	STRUCTURAL	call result of Vector			
41	115	v41_115	value	API_CONTRACT	semantic-sdk:lua:global_function:_GLOBAL:IsNull; confidence=STOCK_BYTECODE; status=CONFIRMED; evidence=WF-STOCK-BARD-BOXLOOP; argument 0 of IsNull			
41	117	v41_117	isNull2	API_CONTRACT	semantic-sdk:lua:global_function:_GLOBAL:IsNull; confidence=STOCK_BYTECODE; status=CONFIRMED; evidence=WF-STOCK-BARD-BOXLOOP; result of IsNull	boolean	API_CONTRACT	semantic-sdk:lua:global_function:_GLOBAL:IsNull; confidence=STOCK_BYTECODE; status=CONFIRMED; evidence=WF-STOCK-BARD-BOXLOOP; result of IsNull
41	123	v41_123	xValue	STRUCTURAL	field read x			
41	127	v41_127	yValue	STRUCTURAL	field read y			
41	132	v41_132	zValue	STRUCTURAL	field read z			
41	139	v41_139	value2	API_CONTRACT	semantic-sdk:lua:global_function:_GLOBAL:IsNull; confidence=STOCK_BYTECODE; status=CONFIRMED; evidence=WF-STOCK-BARD-BOXLOOP; argument 0 of IsNull			
41	141	v41_141	isNull3	API_CONTRACT	semantic-sdk:lua:global_function:_GLOBAL:IsNull; confidence=STOCK_BYTECODE; status=CONFIRMED; evidence=WF-STOCK-BARD-BOXLOOP; result of IsNull	boolean	API_CONTRACT	semantic-sdk:lua:global_function:_GLOBAL:IsNull; confidence=STOCK_BYTECODE; status=CONFIRMED; evidence=WF-STOCK-BARD-BOXLOOP; result of IsNull
42	2	v42_2	showTutorialHintValue	STRUCTURAL	field read ShowTutorialHint			
42	5	v42_5	sharedState	STRUCTURAL	exact engine global _T			
43	1	v43_1	value	API_CONTRACT	semantic-sdk:lua:global_function:_GLOBAL:IsNull; confidence=STOCK_BYTECODE; status=CONFIRMED; evidence=WF-STOCK-BARD-BOXLOOP; argument 0 of IsNull			
43	3	v43_3	isNull	API_CONTRACT	semantic-sdk:lua:global_function:_GLOBAL:IsNull; confidence=STOCK_BYTECODE; status=CONFIRMED; evidence=WF-STOCK-BARD-BOXLOOP; result of IsNull	boolean	API_CONTRACT	semantic-sdk:lua:global_function:_GLOBAL:IsNull; confidence=STOCK_BYTECODE; status=CONFIRMED; evidence=WF-STOCK-BARD-BOXLOOP; result of IsNull
43	6	v43_6	engineObject	CORPUS_CATALOG	semantic-sdk:lua:method:EngineObject:IsA; confidence=OBSERVED_VARIABLE_OR_OPEN; status=CATALOG_ONLY; evidence=; receiver of IsA	EngineObject	CORPUS_CATALOG	semantic-sdk:lua:method:EngineObject:IsA; confidence=OBSERVED_VARIABLE_OR_OPEN; status=CATALOG_ONLY; evidence=; receiver of IsA
43	10	v43_10	isA	CORPUS_CATALOG	semantic-sdk:lua:method:EngineObject:IsA; confidence=OBSERVED_VARIABLE_OR_OPEN; status=CATALOG_ONLY; evidence=; result of IsA	boolean	CORPUS_CATALOG	semantic-sdk:lua:method:EngineObject:IsA; confidence=OBSERVED_VARIABLE_OR_OPEN; status=CATALOG_ONLY; evidence=; result of IsA
43	14	v43_14	mission	STRUCTURAL	call result of GetMission			
43	15	v43_15	region	STRUCTURAL	exact engine global gRegion	Region	EXACT_EXPORT	exact engine global gRegion
43	18	v43_18	npcManager	CORPUS_CATALOG	semantic-sdk:lua:method:Region:GetNpcMgr; confidence=OBSERVED_STABLE_SHAPE; status=CATALOG_ONLY; evidence=; result of GetNpcMgr	NpcManager	CORPUS_CATALOG	semantic-sdk:lua:method:Region:GetNpcMgr; confidence=OBSERVED_STABLE_SHAPE; status=CATALOG_ONLY; evidence=; result of GetNpcMgr
43	21	v43_21	aiDirector	CORPUS_CATALOG	semantic-sdk:lua:method:Region:GetAiDirector; confidence=OBSERVED_STABLE_SHAPE; status=CATALOG_ONLY; evidence=; result of GetAiDirector	AiDirector	CORPUS_CATALOG	semantic-sdk:lua:method:Region:GetAiDirector; confidence=OBSERVED_STABLE_SHAPE; status=CATALOG_ONLY; evidence=; result of GetAiDirector
43	22	v43_22	goalTagValue	STRUCTURAL	field read goalTag			
43	26	v43_26	symbol	STRUCTURAL	call result of Symbol			
43	29	v43_29	symbol2	STRUCTURAL	call result of Symbol			
43	34	v43_34	playerProfile	STRUCTURAL	call result of GetPlayerProfile			
43	39	v43_39	filter	API_CONTRACT	semantic-sdk:lua:method:AvatarOrEntity:GetAllAttachments; confidence=STOCK_BYTECODE; status=CONFIRMED; evidence=WF-R5-CALLSHAPE-CORPUS;WF-R5-DIFFERENTIAL-V3; argument 0 of GetAllAttachments	opaque	API_CONTRACT	semantic-sdk:lua:method:AvatarOrEntity:GetAllAttachments; confidence=STOCK_BYTECODE; status=CONFIRMED; evidence=WF-R5-CALLSHAPE-CORPUS;WF-R5-DIFFERENTIAL-V3; argument type 0 of GetAllAttachments
43	42	v43_42	list_like_table	API_CONTRACT	semantic-sdk:lua:method:AvatarOrEntity:GetAllAttachments; confidence=STOCK_BYTECODE; status=CONFIRMED; evidence=WF-R5-CALLSHAPE-CORPUS;WF-R5-DIFFERENTIAL-V3; result of GetAllAttachments	list_like_table	API_CONTRACT	semantic-sdk:lua:method:AvatarOrEntity:GetAllAttachments; confidence=STOCK_BYTECODE; status=CONFIRMED; evidence=WF-R5-CALLSHAPE-CORPUS;WF-R5-DIFFERENTIAL-V3; result of GetAllAttachments
43	45	v43_45	ipairs1	STRUCTURAL	call result of ipairs			
43	46	v43_46	ipairs2	STRUCTURAL	call result of ipairs			
43	47	v43_47	ipairs3	STRUCTURAL	call result of ipairs			
43	58	v43_58	attach	STRUCTURAL	call result of Attach	EntityOrDecoration	CORPUS_CATALOG	semantic-sdk:lua:method:EntityOrDecoration:SetMeshScale; confidence=OBSERVED_VARIABLE_OR_OPEN; status=CATALOG_ONLY; evidence=; receiver of SetMeshScale
43	64	v43_64	isInGamePlayValue	STRUCTURAL	field read IsInGamePlay			
43	65	v43_65	isInGamePlay	STRUCTURAL	call result of IsInGamePlay			
43	74	v43_74	goalIdValue	STRUCTURAL	field read goalId			
43	76	v43_76	levelOverrideValue	STRUCTURAL	field read levelOverride			
43	78	v43_78	value2	API_CONTRACT	semantic-sdk:lua:global_function:_GLOBAL:IsNull; confidence=STOCK_BYTECODE; status=CONFIRMED; evidence=WF-STOCK-BARD-BOXLOOP; argument 0 of IsNull			
43	80	v43_80	isNull2	API_CONTRACT	semantic-sdk:lua:global_function:_GLOBAL:IsNull; confidence=STOCK_BYTECODE; status=CONFIRMED; evidence=WF-STOCK-BARD-BOXLOOP; result of IsNull	boolean	API_CONTRACT	semantic-sdk:lua:global_function:_GLOBAL:IsNull; confidence=STOCK_BYTECODE; status=CONFIRMED; evidence=WF-STOCK-BARD-BOXLOOP; result of IsNull
43	83	v43_83	fullName	STRUCTURAL	call result of GetFullName			
43	88	v43_88	stringFind	STRUCTURAL	call result of string.find			
43	93	v43_93	stringFind2	STRUCTURAL	call result of string.find			
43	95	v43_95	goalTagValue2	STRUCTURAL	field read goalTag			
43	97	v43_97	tostring2	STRUCTURAL	call result of tostring			
43	99	v43_99	stringFind3	STRUCTURAL	call result of string.find			
43	102	v43_102	region2	STRUCTURAL	exact engine global gRegion	Region	EXACT_EXPORT	exact engine global gRegion
43	122	v43_122	netPersistentVar	STRUCTURAL	call result of GetNetPersistentVar			
43	124	v43_124	playGlobalTransmissionValue	STRUCTURAL	field read PlayGlobalTransmission			
43	128	v43_128	symbol3	STRUCTURAL	call result of Symbol			
43	129	v43_129	symbol4	STRUCTURAL	call result of Symbol			
43	130	v43_130	symbol5	STRUCTURAL	call result of Symbol			
43	131	v43_131	symbol6	STRUCTURAL	call result of Symbol			
43	132	v43_132	symbol7	STRUCTURAL	call result of Symbol			
43	133	v43_133	symbol8	STRUCTURAL	call result of Symbol			
43	134	v43_134	symbol9	STRUCTURAL	call result of Symbol			
43	135	v43_135	symbol10	STRUCTURAL	call result of Symbol			
43	136	v43_136	symbol11	STRUCTURAL	call result of Symbol			
43	137	v43_137	symbol12	STRUCTURAL	call result of Symbol			
43	138	v43_138	symbol13	STRUCTURAL	call result of Symbol			
43	139	v43_139	symbol14	STRUCTURAL	call result of Symbol			
43	140	v43_140	symbol15	STRUCTURAL	call result of Symbol			
43	141	v43_141	symbol16	STRUCTURAL	call result of Symbol			
43	142	v43_142	symbol17	STRUCTURAL	call result of Symbol			
43	143	v43_143	symbol18	STRUCTURAL	call result of Symbol			
43	144	v43_144	symbol19	STRUCTURAL	call result of Symbol			
43	145	v43_145	symbol20	STRUCTURAL	call result of Symbol			
43	146	v43_146	symbol21	STRUCTURAL	call result of Symbol			
43	147	v43_147	symbol22	STRUCTURAL	call result of Symbol			
43	148	v43_148	symbol23	STRUCTURAL	call result of Symbol			
43	149	v43_149	symbol24	STRUCTURAL	call result of Symbol			
43	150	v43_150	symbol25	STRUCTURAL	call result of Symbol			
43	151	v43_151	symbol26	STRUCTURAL	call result of Symbol			
43	152	v43_152	symbol27	STRUCTURAL	call result of Symbol			
43	153	v43_153	symbol28	STRUCTURAL	call result of Symbol			
43	154	v43_154	symbol29	STRUCTURAL	call result of Symbol			
43	155	v43_155	symbol30	STRUCTURAL	call result of Symbol			
43	156	v43_156	symbol31	STRUCTURAL	call result of Symbol			
43	157	v43_157	symbol32	STRUCTURAL	call result of Symbol			
43	158	v43_158	symbol33	STRUCTURAL	call result of Symbol			
43	159	v43_159	symbol34	STRUCTURAL	call result of Symbol			
43	160	v43_160	symbol35	STRUCTURAL	call result of Symbol			
43	161	v43_161	symbol36	STRUCTURAL	call result of Symbol			
43	162	v43_162	symbol37	STRUCTURAL	call result of Symbol			
43	163	v43_163	symbol38	STRUCTURAL	call result of Symbol			
43	164	v43_164	symbol39	STRUCTURAL	call result of Symbol			
43	165	v43_165	symbol40	STRUCTURAL	call result of Symbol			
43	166	v43_166	symbol41	STRUCTURAL	call result of Symbol			
43	167	v43_167	symbol42	STRUCTURAL	call result of Symbol			
43	168	v43_168	symbol43	STRUCTURAL	call result of Symbol			
43	169	v43_169	symbol44	STRUCTURAL	call result of Symbol			
43	170	v43_170	symbol45	STRUCTURAL	call result of Symbol			
43	171	v43_171	symbol46	STRUCTURAL	call result of Symbol			
43	172	v43_172	symbol47	STRUCTURAL	call result of Symbol			
43	174	v43_174	playGlobalTransmissionValue2	STRUCTURAL	field read PlayGlobalTransmission			
43	178	v43_178	symbol48	STRUCTURAL	call result of Symbol			
43	179	v43_179	symbol49	STRUCTURAL	call result of Symbol			
43	180	v43_180	symbol50	STRUCTURAL	call result of Symbol			
43	181	v43_181	symbol51	STRUCTURAL	call result of Symbol			
43	182	v43_182	symbol52	STRUCTURAL	call result of Symbol			
43	183	v43_183	symbol53	STRUCTURAL	call result of Symbol			
43	184	v43_184	symbol54	STRUCTURAL	call result of Symbol			
43	185	v43_185	symbol55	STRUCTURAL	call result of Symbol			
43	186	v43_186	symbol56	STRUCTURAL	call result of Symbol			
43	187	v43_187	symbol57	STRUCTURAL	call result of Symbol			
43	188	v43_188	symbol58	STRUCTURAL	call result of Symbol			
43	189	v43_189	symbol59	STRUCTURAL	call result of Symbol			
43	190	v43_190	symbol60	STRUCTURAL	call result of Symbol			
43	191	v43_191	symbol61	STRUCTURAL	call result of Symbol			
43	192	v43_192	symbol62	STRUCTURAL	call result of Symbol			
43	193	v43_193	symbol63	STRUCTURAL	call result of Symbol			
43	194	v43_194	symbol64	STRUCTURAL	call result of Symbol			
43	195	v43_195	symbol65	STRUCTURAL	call result of Symbol			
43	196	v43_196	symbol66	STRUCTURAL	call result of Symbol			
43	197	v43_197	symbol67	STRUCTURAL	call result of Symbol			
43	198	v43_198	symbol68	STRUCTURAL	call result of Symbol			
43	199	v43_199	symbol69	STRUCTURAL	call result of Symbol			
43	200	v43_200	symbol70	STRUCTURAL	call result of Symbol			
43	201	v43_201	symbol71	STRUCTURAL	call result of Symbol			
43	202	v43_202	symbol72	STRUCTURAL	call result of Symbol			
43	203	v43_203	symbol73	STRUCTURAL	call result of Symbol			
43	204	v43_204	symbol74	STRUCTURAL	call result of Symbol			
43	205	v43_205	symbol75	STRUCTURAL	call result of Symbol			
43	206	v43_206	symbol76	STRUCTURAL	call result of Symbol			
43	207	v43_207	symbol77	STRUCTURAL	call result of Symbol			
43	208	v43_208	symbol78	STRUCTURAL	call result of Symbol			
43	209	v43_209	symbol79	STRUCTURAL	call result of Symbol			
43	210	v43_210	symbol80	STRUCTURAL	call result of Symbol			
43	211	v43_211	symbol81	STRUCTURAL	call result of Symbol			
43	212	v43_212	symbol82	STRUCTURAL	call result of Symbol			
43	213	v43_213	symbol83	STRUCTURAL	call result of Symbol			
43	214	v43_214	symbol84	STRUCTURAL	call result of Symbol			
43	215	v43_215	symbol85	STRUCTURAL	call result of Symbol			
43	216	v43_216	symbol86	STRUCTURAL	call result of Symbol			
43	217	v43_217	symbol87	STRUCTURAL	call result of Symbol			
43	218	v43_218	symbol88	STRUCTURAL	call result of Symbol			
43	219	v43_219	symbol89	STRUCTURAL	call result of Symbol			
43	220	v43_220	symbol90	STRUCTURAL	call result of Symbol			
43	221	v43_221	symbol91	STRUCTURAL	call result of Symbol			
43	222	v43_222	symbol92	STRUCTURAL	call result of Symbol			
43	231	v43_231	maxEnemyLevel	STRUCTURAL	call result of GetMaxEnemyLevel			
43	232	v43_232	region3	STRUCTURAL	exact engine global gRegion	Region	EXACT_EXPORT	exact engine global gRegion
43	246	v43_246	netPersistentVar2	STRUCTURAL	call result of GetNetPersistentVar			
43	268	v43_268	isKilled	CORPUS_CATALOG	semantic-sdk:lua:method:AvatarOrEntity:IsKilled; confidence=OBSERVED_STABLE_SHAPE; status=CATALOG_ONLY; evidence=; result of IsKilled	boolean	CORPUS_CATALOG	semantic-sdk:lua:method:AvatarOrEntity:IsKilled; confidence=OBSERVED_STABLE_SHAPE; status=CATALOG_ONLY; evidence=; result of IsKilled
43	271	v43_271	maxHealth	CORPUS_CATALOG	semantic-sdk:lua:method:AvatarOrDamageControl:GetMaxHealth; confidence=OBSERVED_VARIABLE_OR_OPEN; status=CATALOG_ONLY; evidence=; result of GetMaxHealth	number	CORPUS_CATALOG	semantic-sdk:lua:method:AvatarOrDamageControl:GetMaxHealth; confidence=OBSERVED_VARIABLE_OR_OPEN; status=CATALOG_ONLY; evidence=; result of GetMaxHealth
43	277	v43_277	damageControl	API_CONTRACT	semantic-sdk:lua:method:Avatar:DamageControl; confidence=LIVE_CONFIRMED; status=CONFIRMED; evidence=WF-LIVE-MALLET-2026-08-23;WF-STOCK-BARD-BOXLOOP; result of DamageControl	DamageControl	API_CONTRACT	semantic-sdk:lua:method:Avatar:DamageControl; confidence=LIVE_CONFIRMED; status=CONFIRMED; evidence=WF-LIVE-MALLET-2026-08-23;WF-STOCK-BARD-BOXLOOP; result of DamageControl
43	283	v43_283	damageControl2	API_CONTRACT	semantic-sdk:lua:method:Avatar:DamageControl; confidence=LIVE_CONFIRMED; status=CONFIRMED; evidence=WF-LIVE-MALLET-2026-08-23;WF-STOCK-BARD-BOXLOOP; result of DamageControl	DamageControl	API_CONTRACT	semantic-sdk:lua:method:Avatar:DamageControl; confidence=LIVE_CONFIRMED; status=CONFIRMED; evidence=WF-LIVE-MALLET-2026-08-23;WF-STOCK-BARD-BOXLOOP; result of DamageControl
43	286	v43_286	damageControl3	API_CONTRACT	semantic-sdk:lua:method:Avatar:DamageControl; confidence=LIVE_CONFIRMED; status=CONFIRMED; evidence=WF-LIVE-MALLET-2026-08-23;WF-STOCK-BARD-BOXLOOP; result of DamageControl	DamageControl	API_CONTRACT	semantic-sdk:lua:method:Avatar:DamageControl; confidence=LIVE_CONFIRMED; status=CONFIRMED; evidence=WF-LIVE-MALLET-2026-08-23;WF-STOCK-BARD-BOXLOOP; result of DamageControl
43	289	v43_289	maxShield	CORPUS_CATALOG	semantic-sdk:lua:method:AvatarOrDamageControl:GetMaxShield; confidence=OBSERVED_VARIABLE_OR_OPEN; status=CATALOG_ONLY; evidence=; result of GetMaxShield	number	CORPUS_CATALOG	semantic-sdk:lua:method:AvatarOrDamageControl:GetMaxShield; confidence=OBSERVED_VARIABLE_OR_OPEN; status=CATALOG_ONLY; evidence=; result of GetMaxShield
43	290	v43_290	maxShield2	CORPUS_CATALOG	semantic-sdk:lua:method:AvatarOrDamageControl:GetMaxShield; confidence=OBSERVED_VARIABLE_OR_OPEN; status=CATALOG_ONLY; evidence=; result of GetMaxShield	number	CORPUS_CATALOG	semantic-sdk:lua:method:AvatarOrDamageControl:GetMaxShield; confidence=OBSERVED_VARIABLE_OR_OPEN; status=CATALOG_ONLY; evidence=; result of GetMaxShield
43	291	v43_291	maxShield3	CORPUS_CATALOG	semantic-sdk:lua:method:AvatarOrDamageControl:GetMaxShield; confidence=OBSERVED_VARIABLE_OR_OPEN; status=CATALOG_ONLY; evidence=; result of GetMaxShield	number	CORPUS_CATALOG	semantic-sdk:lua:method:AvatarOrDamageControl:GetMaxShield; confidence=OBSERVED_VARIABLE_OR_OPEN; status=CATALOG_ONLY; evidence=; result of GetMaxShield
43	292	v43_292	maxShield4	CORPUS_CATALOG	semantic-sdk:lua:method:AvatarOrDamageControl:GetMaxShield; confidence=OBSERVED_VARIABLE_OR_OPEN; status=CATALOG_ONLY; evidence=; result of GetMaxShield	number	CORPUS_CATALOG	semantic-sdk:lua:method:AvatarOrDamageControl:GetMaxShield; confidence=OBSERVED_VARIABLE_OR_OPEN; status=CATALOG_ONLY; evidence=; result of GetMaxShield
43	293	v43_293	maxShield5	CORPUS_CATALOG	semantic-sdk:lua:method:AvatarOrDamageControl:GetMaxShield; confidence=OBSERVED_VARIABLE_OR_OPEN; status=CATALOG_ONLY; evidence=; result of GetMaxShield	number	CORPUS_CATALOG	semantic-sdk:lua:method:AvatarOrDamageControl:GetMaxShield; confidence=OBSERVED_VARIABLE_OR_OPEN; status=CATALOG_ONLY; evidence=; result of GetMaxShield
43	294	v43_294	maxShield6	CORPUS_CATALOG	semantic-sdk:lua:method:AvatarOrDamageControl:GetMaxShield; confidence=OBSERVED_VARIABLE_OR_OPEN; status=CATALOG_ONLY; evidence=; result of GetMaxShield	number	CORPUS_CATALOG	semantic-sdk:lua:method:AvatarOrDamageControl:GetMaxShield; confidence=OBSERVED_VARIABLE_OR_OPEN; status=CATALOG_ONLY; evidence=; result of GetMaxShield
43	295	v43_295	maxShield7	CORPUS_CATALOG	semantic-sdk:lua:method:AvatarOrDamageControl:GetMaxShield; confidence=OBSERVED_VARIABLE_OR_OPEN; status=CATALOG_ONLY; evidence=; result of GetMaxShield	number	CORPUS_CATALOG	semantic-sdk:lua:method:AvatarOrDamageControl:GetMaxShield; confidence=OBSERVED_VARIABLE_OR_OPEN; status=CATALOG_ONLY; evidence=; result of GetMaxShield
43	296	v43_296	maxShield8	CORPUS_CATALOG	semantic-sdk:lua:method:AvatarOrDamageControl:GetMaxShield; confidence=OBSERVED_VARIABLE_OR_OPEN; status=CATALOG_ONLY; evidence=; result of GetMaxShield	number	CORPUS_CATALOG	semantic-sdk:lua:method:AvatarOrDamageControl:GetMaxShield; confidence=OBSERVED_VARIABLE_OR_OPEN; status=CATALOG_ONLY; evidence=; result of GetMaxShield
43	297	v43_297	maxShield9	CORPUS_CATALOG	semantic-sdk:lua:method:AvatarOrDamageControl:GetMaxShield; confidence=OBSERVED_VARIABLE_OR_OPEN; status=CATALOG_ONLY; evidence=; result of GetMaxShield	number	CORPUS_CATALOG	semantic-sdk:lua:method:AvatarOrDamageControl:GetMaxShield; confidence=OBSERVED_VARIABLE_OR_OPEN; status=CATALOG_ONLY; evidence=; result of GetMaxShield
43	298	v43_298	maxShield10	CORPUS_CATALOG	semantic-sdk:lua:method:AvatarOrDamageControl:GetMaxShield; confidence=OBSERVED_VARIABLE_OR_OPEN; status=CATALOG_ONLY; evidence=; result of GetMaxShield	number	CORPUS_CATALOG	semantic-sdk:lua:method:AvatarOrDamageControl:GetMaxShield; confidence=OBSERVED_VARIABLE_OR_OPEN; status=CATALOG_ONLY; evidence=; result of GetMaxShield
43	299	v43_299	maxShield11	CORPUS_CATALOG	semantic-sdk:lua:method:AvatarOrDamageControl:GetMaxShield; confidence=OBSERVED_VARIABLE_OR_OPEN; status=CATALOG_ONLY; evidence=; result of GetMaxShield	number	CORPUS_CATALOG	semantic-sdk:lua:method:AvatarOrDamageControl:GetMaxShield; confidence=OBSERVED_VARIABLE_OR_OPEN; status=CATALOG_ONLY; evidence=; result of GetMaxShield
43	300	v43_300	maxShield12	CORPUS_CATALOG	semantic-sdk:lua:method:AvatarOrDamageControl:GetMaxShield; confidence=OBSERVED_VARIABLE_OR_OPEN; status=CATALOG_ONLY; evidence=; result of GetMaxShield	number	CORPUS_CATALOG	semantic-sdk:lua:method:AvatarOrDamageControl:GetMaxShield; confidence=OBSERVED_VARIABLE_OR_OPEN; status=CATALOG_ONLY; evidence=; result of GetMaxShield
43	301	v43_301	maxShield13	CORPUS_CATALOG	semantic-sdk:lua:method:AvatarOrDamageControl:GetMaxShield; confidence=OBSERVED_VARIABLE_OR_OPEN; status=CATALOG_ONLY; evidence=; result of GetMaxShield	number	CORPUS_CATALOG	semantic-sdk:lua:method:AvatarOrDamageControl:GetMaxShield; confidence=OBSERVED_VARIABLE_OR_OPEN; status=CATALOG_ONLY; evidence=; result of GetMaxShield
43	302	v43_302	maxShield14	CORPUS_CATALOG	semantic-sdk:lua:method:AvatarOrDamageControl:GetMaxShield; confidence=OBSERVED_VARIABLE_OR_OPEN; status=CATALOG_ONLY; evidence=; result of GetMaxShield	number	CORPUS_CATALOG	semantic-sdk:lua:method:AvatarOrDamageControl:GetMaxShield; confidence=OBSERVED_VARIABLE_OR_OPEN; status=CATALOG_ONLY; evidence=; result of GetMaxShield
43	303	v43_303	maxShield15	CORPUS_CATALOG	semantic-sdk:lua:method:AvatarOrDamageControl:GetMaxShield; confidence=OBSERVED_VARIABLE_OR_OPEN; status=CATALOG_ONLY; evidence=; result of GetMaxShield	number	CORPUS_CATALOG	semantic-sdk:lua:method:AvatarOrDamageControl:GetMaxShield; confidence=OBSERVED_VARIABLE_OR_OPEN; status=CATALOG_ONLY; evidence=; result of GetMaxShield
43	304	v43_304	maxShield16	CORPUS_CATALOG	semantic-sdk:lua:method:AvatarOrDamageControl:GetMaxShield; confidence=OBSERVED_VARIABLE_OR_OPEN; status=CATALOG_ONLY; evidence=; result of GetMaxShield	number	CORPUS_CATALOG	semantic-sdk:lua:method:AvatarOrDamageControl:GetMaxShield; confidence=OBSERVED_VARIABLE_OR_OPEN; status=CATALOG_ONLY; evidence=; result of GetMaxShield
43	305	v43_305	maxShield17	CORPUS_CATALOG	semantic-sdk:lua:method:AvatarOrDamageControl:GetMaxShield; confidence=OBSERVED_VARIABLE_OR_OPEN; status=CATALOG_ONLY; evidence=; result of GetMaxShield	number	CORPUS_CATALOG	semantic-sdk:lua:method:AvatarOrDamageControl:GetMaxShield; confidence=OBSERVED_VARIABLE_OR_OPEN; status=CATALOG_ONLY; evidence=; result of GetMaxShield
43	306	v43_306	maxShield18	CORPUS_CATALOG	semantic-sdk:lua:method:AvatarOrDamageControl:GetMaxShield; confidence=OBSERVED_VARIABLE_OR_OPEN; status=CATALOG_ONLY; evidence=; result of GetMaxShield	number	CORPUS_CATALOG	semantic-sdk:lua:method:AvatarOrDamageControl:GetMaxShield; confidence=OBSERVED_VARIABLE_OR_OPEN; status=CATALOG_ONLY; evidence=; result of GetMaxShield
43	307	v43_307	maxShield19	CORPUS_CATALOG	semantic-sdk:lua:method:AvatarOrDamageControl:GetMaxShield; confidence=OBSERVED_VARIABLE_OR_OPEN; status=CATALOG_ONLY; evidence=; result of GetMaxShield	number	CORPUS_CATALOG	semantic-sdk:lua:method:AvatarOrDamageControl:GetMaxShield; confidence=OBSERVED_VARIABLE_OR_OPEN; status=CATALOG_ONLY; evidence=; result of GetMaxShield
43	308	v43_308	maxShield20	CORPUS_CATALOG	semantic-sdk:lua:method:AvatarOrDamageControl:GetMaxShield; confidence=OBSERVED_VARIABLE_OR_OPEN; status=CATALOG_ONLY; evidence=; result of GetMaxShield	number	CORPUS_CATALOG	semantic-sdk:lua:method:AvatarOrDamageControl:GetMaxShield; confidence=OBSERVED_VARIABLE_OR_OPEN; status=CATALOG_ONLY; evidence=; result of GetMaxShield
43	309	v43_309	maxShield21	CORPUS_CATALOG	semantic-sdk:lua:method:AvatarOrDamageControl:GetMaxShield; confidence=OBSERVED_VARIABLE_OR_OPEN; status=CATALOG_ONLY; evidence=; result of GetMaxShield	number	CORPUS_CATALOG	semantic-sdk:lua:method:AvatarOrDamageControl:GetMaxShield; confidence=OBSERVED_VARIABLE_OR_OPEN; status=CATALOG_ONLY; evidence=; result of GetMaxShield
43	310	v43_310	maxShield22	CORPUS_CATALOG	semantic-sdk:lua:method:AvatarOrDamageControl:GetMaxShield; confidence=OBSERVED_VARIABLE_OR_OPEN; status=CATALOG_ONLY; evidence=; result of GetMaxShield	number	CORPUS_CATALOG	semantic-sdk:lua:method:AvatarOrDamageControl:GetMaxShield; confidence=OBSERVED_VARIABLE_OR_OPEN; status=CATALOG_ONLY; evidence=; result of GetMaxShield
43	311	v43_311	maxShield23	CORPUS_CATALOG	semantic-sdk:lua:method:AvatarOrDamageControl:GetMaxShield; confidence=OBSERVED_VARIABLE_OR_OPEN; status=CATALOG_ONLY; evidence=; result of GetMaxShield	number	CORPUS_CATALOG	semantic-sdk:lua:method:AvatarOrDamageControl:GetMaxShield; confidence=OBSERVED_VARIABLE_OR_OPEN; status=CATALOG_ONLY; evidence=; result of GetMaxShield
43	312	v43_312	maxShield24	CORPUS_CATALOG	semantic-sdk:lua:method:AvatarOrDamageControl:GetMaxShield; confidence=OBSERVED_VARIABLE_OR_OPEN; status=CATALOG_ONLY; evidence=; result of GetMaxShield	number	CORPUS_CATALOG	semantic-sdk:lua:method:AvatarOrDamageControl:GetMaxShield; confidence=OBSERVED_VARIABLE_OR_OPEN; status=CATALOG_ONLY; evidence=; result of GetMaxShield
43	313	v43_313	maxShield25	CORPUS_CATALOG	semantic-sdk:lua:method:AvatarOrDamageControl:GetMaxShield; confidence=OBSERVED_VARIABLE_OR_OPEN; status=CATALOG_ONLY; evidence=; result of GetMaxShield	number	CORPUS_CATALOG	semantic-sdk:lua:method:AvatarOrDamageControl:GetMaxShield; confidence=OBSERVED_VARIABLE_OR_OPEN; status=CATALOG_ONLY; evidence=; result of GetMaxShield
43	314	v43_314	maxShield26	CORPUS_CATALOG	semantic-sdk:lua:method:AvatarOrDamageControl:GetMaxShield; confidence=OBSERVED_VARIABLE_OR_OPEN; status=CATALOG_ONLY; evidence=; result of GetMaxShield	number	CORPUS_CATALOG	semantic-sdk:lua:method:AvatarOrDamageControl:GetMaxShield; confidence=OBSERVED_VARIABLE_OR_OPEN; status=CATALOG_ONLY; evidence=; result of GetMaxShield
43	315	v43_315	maxShield27	CORPUS_CATALOG	semantic-sdk:lua:method:AvatarOrDamageControl:GetMaxShield; confidence=OBSERVED_VARIABLE_OR_OPEN; status=CATALOG_ONLY; evidence=; result of GetMaxShield	number	CORPUS_CATALOG	semantic-sdk:lua:method:AvatarOrDamageControl:GetMaxShield; confidence=OBSERVED_VARIABLE_OR_OPEN; status=CATALOG_ONLY; evidence=; result of GetMaxShield
43	316	v43_316	maxShield28	CORPUS_CATALOG	semantic-sdk:lua:method:AvatarOrDamageControl:GetMaxShield; confidence=OBSERVED_VARIABLE_OR_OPEN; status=CATALOG_ONLY; evidence=; result of GetMaxShield	number	CORPUS_CATALOG	semantic-sdk:lua:method:AvatarOrDamageControl:GetMaxShield; confidence=OBSERVED_VARIABLE_OR_OPEN; status=CATALOG_ONLY; evidence=; result of GetMaxShield
43	317	v43_317	maxShield29	CORPUS_CATALOG	semantic-sdk:lua:method:AvatarOrDamageControl:GetMaxShield; confidence=OBSERVED_VARIABLE_OR_OPEN; status=CATALOG_ONLY; evidence=; result of GetMaxShield	number	CORPUS_CATALOG	semantic-sdk:lua:method:AvatarOrDamageControl:GetMaxShield; confidence=OBSERVED_VARIABLE_OR_OPEN; status=CATALOG_ONLY; evidence=; result of GetMaxShield
43	318	v43_318	maxShield30	CORPUS_CATALOG	semantic-sdk:lua:method:AvatarOrDamageControl:GetMaxShield; confidence=OBSERVED_VARIABLE_OR_OPEN; status=CATALOG_ONLY; evidence=; result of GetMaxShield	number	CORPUS_CATALOG	semantic-sdk:lua:method:AvatarOrDamageControl:GetMaxShield; confidence=OBSERVED_VARIABLE_OR_OPEN; status=CATALOG_ONLY; evidence=; result of GetMaxShield
43	319	v43_319	maxShield31	CORPUS_CATALOG	semantic-sdk:lua:method:AvatarOrDamageControl:GetMaxShield; confidence=OBSERVED_VARIABLE_OR_OPEN; status=CATALOG_ONLY; evidence=; result of GetMaxShield	number	CORPUS_CATALOG	semantic-sdk:lua:method:AvatarOrDamageControl:GetMaxShield; confidence=OBSERVED_VARIABLE_OR_OPEN; status=CATALOG_ONLY; evidence=; result of GetMaxShield
43	320	v43_320	maxShield32	CORPUS_CATALOG	semantic-sdk:lua:method:AvatarOrDamageControl:GetMaxShield; confidence=OBSERVED_VARIABLE_OR_OPEN; status=CATALOG_ONLY; evidence=; result of GetMaxShield	number	CORPUS_CATALOG	semantic-sdk:lua:method:AvatarOrDamageControl:GetMaxShield; confidence=OBSERVED_VARIABLE_OR_OPEN; status=CATALOG_ONLY; evidence=; result of GetMaxShield
43	321	v43_321	maxShield33	CORPUS_CATALOG	semantic-sdk:lua:method:AvatarOrDamageControl:GetMaxShield; confidence=OBSERVED_VARIABLE_OR_OPEN; status=CATALOG_ONLY; evidence=; result of GetMaxShield	number	CORPUS_CATALOG	semantic-sdk:lua:method:AvatarOrDamageControl:GetMaxShield; confidence=OBSERVED_VARIABLE_OR_OPEN; status=CATALOG_ONLY; evidence=; result of GetMaxShield
43	322	v43_322	maxShield34	CORPUS_CATALOG	semantic-sdk:lua:method:AvatarOrDamageControl:GetMaxShield; confidence=OBSERVED_VARIABLE_OR_OPEN; status=CATALOG_ONLY; evidence=; result of GetMaxShield	number	CORPUS_CATALOG	semantic-sdk:lua:method:AvatarOrDamageControl:GetMaxShield; confidence=OBSERVED_VARIABLE_OR_OPEN; status=CATALOG_ONLY; evidence=; result of GetMaxShield
43	323	v43_323	maxShield35	CORPUS_CATALOG	semantic-sdk:lua:method:AvatarOrDamageControl:GetMaxShield; confidence=OBSERVED_VARIABLE_OR_OPEN; status=CATALOG_ONLY; evidence=; result of GetMaxShield	number	CORPUS_CATALOG	semantic-sdk:lua:method:AvatarOrDamageControl:GetMaxShield; confidence=OBSERVED_VARIABLE_OR_OPEN; status=CATALOG_ONLY; evidence=; result of GetMaxShield
43	324	v43_324	maxShield36	CORPUS_CATALOG	semantic-sdk:lua:method:AvatarOrDamageControl:GetMaxShield; confidence=OBSERVED_VARIABLE_OR_OPEN; status=CATALOG_ONLY; evidence=; result of GetMaxShield	number	CORPUS_CATALOG	semantic-sdk:lua:method:AvatarOrDamageControl:GetMaxShield; confidence=OBSERVED_VARIABLE_OR_OPEN; status=CATALOG_ONLY; evidence=; result of GetMaxShield
43	325	v43_325	maxShield37	CORPUS_CATALOG	semantic-sdk:lua:method:AvatarOrDamageControl:GetMaxShield; confidence=OBSERVED_VARIABLE_OR_OPEN; status=CATALOG_ONLY; evidence=; result of GetMaxShield	number	CORPUS_CATALOG	semantic-sdk:lua:method:AvatarOrDamageControl:GetMaxShield; confidence=OBSERVED_VARIABLE_OR_OPEN; status=CATALOG_ONLY; evidence=; result of GetMaxShield
43	326	v43_326	maxShield38	CORPUS_CATALOG	semantic-sdk:lua:method:AvatarOrDamageControl:GetMaxShield; confidence=OBSERVED_VARIABLE_OR_OPEN; status=CATALOG_ONLY; evidence=; result of GetMaxShield	number	CORPUS_CATALOG	semantic-sdk:lua:method:AvatarOrDamageControl:GetMaxShield; confidence=OBSERVED_VARIABLE_OR_OPEN; status=CATALOG_ONLY; evidence=; result of GetMaxShield
43	333	v43_333	damageControl4	API_CONTRACT	semantic-sdk:lua:method:Avatar:DamageControl; confidence=LIVE_CONFIRMED; status=CONFIRMED; evidence=WF-LIVE-MALLET-2026-08-23;WF-STOCK-BARD-BOXLOOP; result of DamageControl	DamageControl	API_CONTRACT	semantic-sdk:lua:method:Avatar:DamageControl; confidence=LIVE_CONFIRMED; status=CONFIRMED; evidence=WF-LIVE-MALLET-2026-08-23;WF-STOCK-BARD-BOXLOOP; result of DamageControl
43	343	v43_343	region4	STRUCTURAL	exact engine global gRegion	Region	EXACT_EXPORT	exact engine global gRegion
43	347	v43_347	vector3	CORPUS_CATALOG	semantic-sdk:lua:method:AvatarOrEntity:GetPosition; confidence=OBSERVED_STABLE_ARGS; status=CATALOG_ONLY; evidence=; result of GetPosition	Vector3	CORPUS_CATALOG	semantic-sdk:lua:method:AvatarOrEntity:GetPosition; confidence=OBSERVED_STABLE_ARGS; status=CATALOG_ONLY; evidence=; result of GetPosition
43	351	v43_351	nearest	STRUCTURAL	call result of FindNearest			
43	352	v43_352	value3	API_CONTRACT	semantic-sdk:lua:global_function:_GLOBAL:IsNull; confidence=STOCK_BYTECODE; status=CONFIRMED; evidence=WF-STOCK-BARD-BOXLOOP; argument 0 of IsNull			
43	354	v43_354	isNull3	API_CONTRACT	semantic-sdk:lua:global_function:_GLOBAL:IsNull; confidence=STOCK_BYTECODE; status=CONFIRMED; evidence=WF-STOCK-BARD-BOXLOOP; result of IsNull	boolean	API_CONTRACT	semantic-sdk:lua:global_function:_GLOBAL:IsNull; confidence=STOCK_BYTECODE; status=CONFIRMED; evidence=WF-STOCK-BARD-BOXLOOP; result of IsNull
43	371	v43_371	fullName2	STRUCTURAL	call result of GetFullName			
43	388	v43_388	filter2	API_CONTRACT	semantic-sdk:lua:method:AvatarOrEntity:GetAllAttachments; confidence=STOCK_BYTECODE; status=CONFIRMED; evidence=WF-R5-CALLSHAPE-CORPUS;WF-R5-DIFFERENTIAL-V3; argument 0 of GetAllAttachments	opaque	API_CONTRACT	semantic-sdk:lua:method:AvatarOrEntity:GetAllAttachments; confidence=STOCK_BYTECODE; status=CONFIRMED; evidence=WF-R5-CALLSHAPE-CORPUS;WF-R5-DIFFERENTIAL-V3; argument type 0 of GetAllAttachments
43	391	v43_391	list_like_table2	API_CONTRACT	semantic-sdk:lua:method:AvatarOrEntity:GetAllAttachments; confidence=STOCK_BYTECODE; status=CONFIRMED; evidence=WF-R5-CALLSHAPE-CORPUS;WF-R5-DIFFERENTIAL-V3; result of GetAllAttachments	list_like_table	API_CONTRACT	semantic-sdk:lua:method:AvatarOrEntity:GetAllAttachments; confidence=STOCK_BYTECODE; status=CONFIRMED; evidence=WF-R5-CALLSHAPE-CORPUS;WF-R5-DIFFERENTIAL-V3; result of GetAllAttachments
43	392	v43_392	filter3	API_CONTRACT	semantic-sdk:lua:method:AvatarOrEntity:GetAllAttachments; confidence=STOCK_BYTECODE; status=CONFIRMED; evidence=WF-R5-CALLSHAPE-CORPUS;WF-R5-DIFFERENTIAL-V3; argument 0 of GetAllAttachments	opaque	API_CONTRACT	semantic-sdk:lua:method:AvatarOrEntity:GetAllAttachments; confidence=STOCK_BYTECODE; status=CONFIRMED; evidence=WF-R5-CALLSHAPE-CORPUS;WF-R5-DIFFERENTIAL-V3; argument type 0 of GetAllAttachments
43	395	v43_395	list_like_table3	API_CONTRACT	semantic-sdk:lua:method:AvatarOrEntity:GetAllAttachments; confidence=STOCK_BYTECODE; status=CONFIRMED; evidence=WF-R5-CALLSHAPE-CORPUS;WF-R5-DIFFERENTIAL-V3; result of GetAllAttachments	list_like_table	API_CONTRACT	semantic-sdk:lua:method:AvatarOrEntity:GetAllAttachments; confidence=STOCK_BYTECODE; status=CONFIRMED; evidence=WF-R5-CALLSHAPE-CORPUS;WF-R5-DIFFERENTIAL-V3; result of GetAllAttachments
43	399	v43_399	attachment	CORPUS_CATALOG	semantic-sdk:lua:method:AvatarOrEntity:GetAttachment; confidence=OBSERVED_VARIABLE_OR_OPEN; status=CATALOG_ONLY; evidence=; result of GetAttachment	AttachmentOrNil	CORPUS_CATALOG	semantic-sdk:lua:method:AvatarOrEntity:GetAttachment; confidence=OBSERVED_VARIABLE_OR_OPEN; status=CATALOG_ONLY; evidence=; result of GetAttachment
43	409	v43_409	damageControl5	API_CONTRACT	semantic-sdk:lua:method:Avatar:DamageControl; confidence=LIVE_CONFIRMED; status=CONFIRMED; evidence=WF-LIVE-MALLET-2026-08-23;WF-STOCK-BARD-BOXLOOP; result of DamageControl	DamageControl	API_CONTRACT	semantic-sdk:lua:method:Avatar:DamageControl; confidence=LIVE_CONFIRMED; status=CONFIRMED; evidence=WF-LIVE-MALLET-2026-08-23;WF-STOCK-BARD-BOXLOOP; result of DamageControl
43	414	v43_414	region5	STRUCTURAL	exact engine global gRegion	Region	EXACT_EXPORT	exact engine global gRegion
43	418	v43_418	vector32	CORPUS_CATALOG	semantic-sdk:lua:method:AvatarOrEntity:GetPosition; confidence=OBSERVED_STABLE_ARGS; status=CATALOG_ONLY; evidence=; result of GetPosition	Vector3	CORPUS_CATALOG	semantic-sdk:lua:method:AvatarOrEntity:GetPosition; confidence=OBSERVED_STABLE_ARGS; status=CATALOG_ONLY; evidence=; result of GetPosition
43	423	v43_423	firstTaggedInRadius	STRUCTURAL	call result of FindFirstTaggedInRadius			
43	424	v43_424	value4	API_CONTRACT	semantic-sdk:lua:global_function:_GLOBAL:IsNull; confidence=STOCK_BYTECODE; status=CONFIRMED; evidence=WF-STOCK-BARD-BOXLOOP; argument 0 of IsNull			
43	426	v43_426	isNull4	API_CONTRACT	semantic-sdk:lua:global_function:_GLOBAL:IsNull; confidence=STOCK_BYTECODE; status=CONFIRMED; evidence=WF-STOCK-BARD-BOXLOOP; result of IsNull	boolean	API_CONTRACT	semantic-sdk:lua:global_function:_GLOBAL:IsNull; confidence=STOCK_BYTECODE; status=CONFIRMED; evidence=WF-STOCK-BARD-BOXLOOP; result of IsNull
43	436	v43_436	vector	STRUCTURAL	call result of Vector			
43	437	v43_437	vector2	STRUCTURAL	call result of Vector			
43	438	v43_438	vector4	STRUCTURAL	call result of Vector			
43	439	v43_439	vector5	STRUCTURAL	call result of Vector			
43	440	v43_440	vector6	STRUCTURAL	call result of Vector			
43	441	v43_441	vector7	STRUCTURAL	call result of Vector			
43	442	v43_442	vector8	STRUCTURAL	call result of Vector			
43	443	v43_443	vector9	STRUCTURAL	call result of Vector			
43	444	v43_444	vector10	STRUCTURAL	call result of Vector			
43	445	v43_445	vector11	STRUCTURAL	call result of Vector			
43	446	v43_446	vector12	STRUCTURAL	call result of Vector			
43	447	v43_447	vector13	STRUCTURAL	call result of Vector			
43	448	v43_448	vector14	STRUCTURAL	call result of Vector			
43	449	v43_449	vector15	STRUCTURAL	call result of Vector			
43	450	v43_450	vector16	STRUCTURAL	call result of Vector			
43	451	v43_451	vector17	STRUCTURAL	call result of Vector			
43	452	v43_452	vector18	STRUCTURAL	call result of Vector			
43	453	v43_453	vector19	STRUCTURAL	call result of Vector			
43	454	v43_454	vector20	STRUCTURAL	call result of Vector			
43	455	v43_455	vector21	STRUCTURAL	call result of Vector			
43	456	v43_456	vector22	STRUCTURAL	call result of Vector			
43	457	v43_457	vector23	STRUCTURAL	call result of Vector			
43	458	v43_458	vector24	STRUCTURAL	call result of Vector			
43	459	v43_459	vector25	STRUCTURAL	call result of Vector			
43	460	v43_460	vector26	STRUCTURAL	call result of Vector			
43	461	v43_461	vector27	STRUCTURAL	call result of Vector			
43	462	v43_462	vector28	STRUCTURAL	call result of Vector			
43	465	v43_465	sharedState	STRUCTURAL	exact engine global _T			
43	470	v43_470	missionTimeLeft	STRUCTURAL	call result of GetMissionTimeLeft			
43	472	v43_472	region6	STRUCTURAL	exact engine global gRegion	Region	EXACT_EXPORT	exact engine global gRegion
43	475	v43_475	isGameModeInProgress	STRUCTURAL	call result of IsGameModeInProgress	boolean	CORPUS_CATALOG	semantic-sdk:lua:method:RegionOrEngineObject:IsMaster; confidence=OBSERVED_STABLE_SHAPE; status=CATALOG_ONLY; evidence=; result of IsMaster
43	477	v43_477	isGameModeInProgressValue	STRUCTURAL	field read IsGameModeInProgress			
43	480	v43_480	power	STRUCTURAL	call result of GetPower			
43	483	v43_483	timer	STRUCTURAL	call result of GetTimer			
43	487	v43_487	mathRandom	STRUCTURAL	call result of math.random			
43	489	v43_489	symbol93	STRUCTURAL	call result of Symbol			
43	493	v43_493	value5	API_CONTRACT	semantic-sdk:lua:global_function:_GLOBAL:IsNull; confidence=STOCK_BYTECODE; status=CONFIRMED; evidence=WF-STOCK-BARD-BOXLOOP; argument 0 of IsNull			
43	495	v43_495	isNull5	API_CONTRACT	semantic-sdk:lua:global_function:_GLOBAL:IsNull; confidence=STOCK_BYTECODE; status=CONFIRMED; evidence=WF-STOCK-BARD-BOXLOOP; result of IsNull	boolean	API_CONTRACT	semantic-sdk:lua:global_function:_GLOBAL:IsNull; confidence=STOCK_BYTECODE; status=CONFIRMED; evidence=WF-STOCK-BARD-BOXLOOP; result of IsNull
43	496	v43_496	sharedState2	STRUCTURAL	exact engine global _T			
43	497	v43_497	tableValue	STRUCTURAL	verified NEWTABLE value			
43	501	v43_501	instanceNumber	STRUCTURAL	call result of GetInstanceNumber			
43	505	v43_505	createTimerMgrValue	STRUCTURAL	field read CreateTimerMgr			
43	506	v43_506	timerMgr	STRUCTURAL	call result of CreateTimerMgr			
43	512	v43_512	value6	API_CONTRACT	semantic-sdk:lua:global_function:_GLOBAL:IsNull; confidence=STOCK_BYTECODE; status=CONFIRMED; evidence=WF-STOCK-BARD-BOXLOOP; argument 0 of IsNull			
43	514	v43_514	isNull6	API_CONTRACT	semantic-sdk:lua:global_function:_GLOBAL:IsNull; confidence=STOCK_BYTECODE; status=CONFIRMED; evidence=WF-STOCK-BARD-BOXLOOP; result of IsNull	boolean	API_CONTRACT	semantic-sdk:lua:global_function:_GLOBAL:IsNull; confidence=STOCK_BYTECODE; status=CONFIRMED; evidence=WF-STOCK-BARD-BOXLOOP; result of IsNull
43	517	v43_517	isKilled2	CORPUS_CATALOG	semantic-sdk:lua:method:AvatarOrEntity:IsKilled; confidence=OBSERVED_STABLE_SHAPE; status=CATALOG_ONLY; evidence=; result of IsKilled	boolean	CORPUS_CATALOG	semantic-sdk:lua:method:AvatarOrEntity:IsKilled; confidence=OBSERVED_STABLE_SHAPE; status=CATALOG_ONLY; evidence=; result of IsKilled
43	518	v43_518	value7	API_CONTRACT	semantic-sdk:lua:global_function:_GLOBAL:IsNull; confidence=STOCK_BYTECODE; status=CONFIRMED; evidence=WF-STOCK-BARD-BOXLOOP; argument 0 of IsNull			
43	520	v43_520	isNull7	API_CONTRACT	semantic-sdk:lua:global_function:_GLOBAL:IsNull; confidence=STOCK_BYTECODE; status=CONFIRMED; evidence=WF-STOCK-BARD-BOXLOOP; result of IsNull	boolean	API_CONTRACT	semantic-sdk:lua:global_function:_GLOBAL:IsNull; confidence=STOCK_BYTECODE; status=CONFIRMED; evidence=WF-STOCK-BARD-BOXLOOP; result of IsNull
43	521	v43_521	region7	STRUCTURAL	exact engine global gRegion	Region	EXACT_EXPORT	exact engine global gRegion
43	524	v43_524	humanPlayerAvatars	STRUCTURAL	call result of GetHumanPlayerAvatars			
43	527	v43_527	vector33	CORPUS_CATALOG	semantic-sdk:lua:method:AvatarOrEntity:GetPosition; confidence=OBSERVED_STABLE_ARGS; status=CATALOG_ONLY; evidence=; result of GetPosition	Vector3	CORPUS_CATALOG	semantic-sdk:lua:method:AvatarOrEntity:GetPosition; confidence=OBSERVED_STABLE_ARGS; status=CATALOG_ONLY; evidence=; result of GetPosition
43	542	v43_542	mathMin	STRUCTURAL	call result of math.min			
43	548	v43_548	attachment2	CORPUS_CATALOG	semantic-sdk:lua:method:AvatarOrEntity:GetAttachment; confidence=OBSERVED_VARIABLE_OR_OPEN; status=CATALOG_ONLY; evidence=; result of GetAttachment	AttachmentOrNil	CORPUS_CATALOG	semantic-sdk:lua:method:AvatarOrEntity:GetAttachment; confidence=OBSERVED_VARIABLE_OR_OPEN; status=CATALOG_ONLY; evidence=; result of GetAttachment
43	549	v43_549	value8	API_CONTRACT	semantic-sdk:lua:global_function:_GLOBAL:IsNull; confidence=STOCK_BYTECODE; status=CONFIRMED; evidence=WF-STOCK-BARD-BOXLOOP; argument 0 of IsNull			
43	551	v43_551	isNull8	API_CONTRACT	semantic-sdk:lua:global_function:_GLOBAL:IsNull; confidence=STOCK_BYTECODE; status=CONFIRMED; evidence=WF-STOCK-BARD-BOXLOOP; result of IsNull	boolean	API_CONTRACT	semantic-sdk:lua:global_function:_GLOBAL:IsNull; confidence=STOCK_BYTECODE; status=CONFIRMED; evidence=WF-STOCK-BARD-BOXLOOP; result of IsNull
43	555	v43_555	roundValue	STRUCTURAL	field read Round			
43	558	v43_558	power2	STRUCTURAL	call result of GetPower			
43	559	v43_559	power3	STRUCTURAL	call result of GetPower			
43	560	v43_560	power4	STRUCTURAL	call result of GetPower			
43	561	v43_561	power5	STRUCTURAL	call result of GetPower			
43	562	v43_562	power6	STRUCTURAL	call result of GetPower			
43	563	v43_563	power7	STRUCTURAL	call result of GetPower			
43	564	v43_564	power8	STRUCTURAL	call result of GetPower			
43	565	v43_565	power9	STRUCTURAL	call result of GetPower			
43	566	v43_566	power10	STRUCTURAL	call result of GetPower			
43	567	v43_567	power11	STRUCTURAL	call result of GetPower			
43	568	v43_568	power12	STRUCTURAL	call result of GetPower			
43	569	v43_569	power13	STRUCTURAL	call result of GetPower			
43	570	v43_570	power14	STRUCTURAL	call result of GetPower			
43	571	v43_571	power15	STRUCTURAL	call result of GetPower			
43	572	v43_572	power16	STRUCTURAL	call result of GetPower			
43	573	v43_573	power17	STRUCTURAL	call result of GetPower			
43	574	v43_574	power18	STRUCTURAL	call result of GetPower			
43	575	v43_575	power19	STRUCTURAL	call result of GetPower			
43	576	v43_576	power20	STRUCTURAL	call result of GetPower			
43	577	v43_577	power21	STRUCTURAL	call result of GetPower			
43	578	v43_578	power22	STRUCTURAL	call result of GetPower			
43	579	v43_579	power23	STRUCTURAL	call result of GetPower			
43	580	v43_580	power24	STRUCTURAL	call result of GetPower			
43	581	v43_581	power25	STRUCTURAL	call result of GetPower			
43	582	v43_582	round	STRUCTURAL	call result of Round			
43	585	v43_585	timer2	STRUCTURAL	call result of GetTimer			
43	587	v43_587	mathFloor	STRUCTURAL	call result of math.floor			
43	590	v43_590	shield	CORPUS_CATALOG	semantic-sdk:lua:method:AvatarOrDamageControl:GetShield; confidence=OBSERVED_STABLE_SHAPE; status=CATALOG_ONLY; evidence=; result of GetShield	number	CORPUS_CATALOG	semantic-sdk:lua:method:AvatarOrDamageControl:GetShield; confidence=OBSERVED_STABLE_SHAPE; status=CATALOG_ONLY; evidence=; result of GetShield
43	593	v43_593	maxShield39	CORPUS_CATALOG	semantic-sdk:lua:method:AvatarOrDamageControl:GetMaxShield; confidence=OBSERVED_VARIABLE_OR_OPEN; status=CATALOG_ONLY; evidence=; result of GetMaxShield	number	CORPUS_CATALOG	semantic-sdk:lua:method:AvatarOrDamageControl:GetMaxShield; confidence=OBSERVED_VARIABLE_OR_OPEN; status=CATALOG_ONLY; evidence=; result of GetMaxShield
43	596	v43_596	ipairs12	STRUCTURAL	call result of ipairs			
43	597	v43_597	ipairs22	STRUCTURAL	call result of ipairs			
43	598	v43_598	ipairs32	STRUCTURAL	call result of ipairs			
43	602	v43_602	isA2	CORPUS_CATALOG	semantic-sdk:lua:method:EngineObject:IsA; confidence=OBSERVED_VARIABLE_OR_OPEN; status=CATALOG_ONLY; evidence=; result of IsA	boolean	CORPUS_CATALOG	semantic-sdk:lua:method:EngineObject:IsA; confidence=OBSERVED_VARIABLE_OR_OPEN; status=CATALOG_ONLY; evidence=; result of IsA
43	605	v43_605	isHoverboard	STRUCTURAL	call result of IsHoverboard			
43	608	v43_608	rider	STRUCTURAL	call result of GetRider			
43	611	v43_611	rider2	STRUCTURAL	call result of GetRider	Avatar	CORPUS_CATALOG	semantic-sdk:lua:method:Avatar:InventoryControl; confidence=OBSERVED_STABLE_ARGS; status=CATALOG_ONLY; evidence=; receiver of InventoryControl
43	615	v43_615	hasItem	STRUCTURAL	call result of HasItem			
43	616	v43_616	point_or_ref	API_CONTRACT	semantic-sdk:lua:method:AvatarOrEntity:DistanceToPoint; confidence=STOCK_BYTECODE; status=CONFIRMED; evidence=WF-R5-CALLSHAPE-CORPUS;WF-R5-DIFFERENTIAL-V3;WF-R5-NUMERIC-EVIDENCE; argument 0 of DistanceToPoint	opaque	API_CONTRACT	semantic-sdk:lua:method:AvatarOrEntity:DistanceToPoint; confidence=STOCK_BYTECODE; status=CONFIRMED; evidence=WF-R5-CALLSHAPE-CORPUS;WF-R5-DIFFERENTIAL-V3;WF-R5-NUMERIC-EVIDENCE; argument type 0 of DistanceToPoint
43	619	v43_619	number_luau_facing	API_CONTRACT	semantic-sdk:lua:method:AvatarOrEntity:DistanceToPoint; confidence=STOCK_BYTECODE; status=CONFIRMED; evidence=WF-R5-CALLSHAPE-CORPUS;WF-R5-DIFFERENTIAL-V3;WF-R5-NUMERIC-EVIDENCE; result of DistanceToPoint	number_luau_facing	API_CONTRACT	semantic-sdk:lua:method:AvatarOrEntity:DistanceToPoint; confidence=STOCK_BYTECODE; status=CONFIRMED; evidence=WF-R5-CALLSHAPE-CORPUS;WF-R5-DIFFERENTIAL-V3;WF-R5-NUMERIC-EVIDENCE; result of DistanceToPoint
43	624	v43_624	playerHandle	API_CONTRACT	semantic-sdk:lua:method:Avatar:GetPlayer; confidence=LIVE_CONFIRMED; status=CONFIRMED; evidence=WF-LIVE-MALLET-2026-08-23; result of GetPlayer	PlayerHandle|unknown	API_CONTRACT	semantic-sdk:lua:method:Avatar:GetPlayer; confidence=LIVE_CONFIRMED; status=CONFIRMED; evidence=WF-LIVE-MALLET-2026-08-23; result of GetPlayer
43	627	v43_627	inventoryControl	CORPUS_CATALOG	semantic-sdk:lua:method:Avatar:InventoryControl; confidence=OBSERVED_STABLE_ARGS; status=CATALOG_ONLY; evidence=; result of InventoryControl	InventoryControl	CORPUS_CATALOG	semantic-sdk:lua:method:Avatar:InventoryControl; confidence=OBSERVED_STABLE_ARGS; status=CATALOG_ONLY; evidence=; result of InventoryControl
43	632	v43_632	roundValue2	STRUCTURAL	field read Round			
43	638	v43_638	mathMin2	STRUCTURAL	call result of math.min			
43	639	v43_639	round2	STRUCTURAL	call result of Round			
43	650	v43_650	tostring3	STRUCTURAL	call result of tostring			
43	654	v43_654	playGlobalTransmissionValue3	STRUCTURAL	field read PlayGlobalTransmission			
43	658	v43_658	symbol94	STRUCTURAL	call result of Symbol			
43	659	v43_659	symbol95	STRUCTURAL	call result of Symbol			
43	660	v43_660	symbol96	STRUCTURAL	call result of Symbol			
43	661	v43_661	symbol97	STRUCTURAL	call result of Symbol			
43	662	v43_662	symbol98	STRUCTURAL	call result of Symbol			
43	663	v43_663	symbol99	STRUCTURAL	call result of Symbol			
43	664	v43_664	symbol100	STRUCTURAL	call result of Symbol			
43	665	v43_665	symbol101	STRUCTURAL	call result of Symbol			
43	666	v43_666	symbol102	STRUCTURAL	call result of Symbol			
43	674	v43_674	sharedState3	STRUCTURAL	exact engine global _T			
43	676	v43_676	sharedState4	STRUCTURAL	exact engine global _T			
43	681	v43_681	missionTimeLeft2	STRUCTURAL	call result of GetMissionTimeLeft			
43	682	v43_682	value9	API_CONTRACT	semantic-sdk:lua:global_function:_GLOBAL:IsNull; confidence=STOCK_BYTECODE; status=CONFIRMED; evidence=WF-STOCK-BARD-BOXLOOP; argument 0 of IsNull			
43	684	v43_684	isNull9	API_CONTRACT	semantic-sdk:lua:global_function:_GLOBAL:IsNull; confidence=STOCK_BYTECODE; status=CONFIRMED; evidence=WF-STOCK-BARD-BOXLOOP; result of IsNull	boolean	API_CONTRACT	semantic-sdk:lua:global_function:_GLOBAL:IsNull; confidence=STOCK_BYTECODE; status=CONFIRMED; evidence=WF-STOCK-BARD-BOXLOOP; result of IsNull
43	687	v43_687	stats	STRUCTURAL	call result of GetStats			
43	688	v43_688	value10	API_CONTRACT	semantic-sdk:lua:global_function:_GLOBAL:IsNull; confidence=STOCK_BYTECODE; status=CONFIRMED; evidence=WF-STOCK-BARD-BOXLOOP; argument 0 of IsNull			
43	690	v43_690	isNull10	API_CONTRACT	semantic-sdk:lua:global_function:_GLOBAL:IsNull; confidence=STOCK_BYTECODE; status=CONFIRMED; evidence=WF-STOCK-BARD-BOXLOOP; result of IsNull	boolean	API_CONTRACT	semantic-sdk:lua:global_function:_GLOBAL:IsNull; confidence=STOCK_BYTECODE; status=CONFIRMED; evidence=WF-STOCK-BARD-BOXLOOP; result of IsNull
43	696	v43_696	hasAttachment	CORPUS_CATALOG	semantic-sdk:lua:method:EngineObject:HasAttachment; confidence=OBSERVED_STABLE_ARGS; status=CATALOG_ONLY; evidence=; result of HasAttachment	boolean	CORPUS_CATALOG	semantic-sdk:lua:method:EngineObject:HasAttachment; confidence=OBSERVED_STABLE_ARGS; status=CATALOG_ONLY; evidence=; result of HasAttachment
43	707	v43_707	hasAttachment2	CORPUS_CATALOG	semantic-sdk:lua:method:EngineObject:HasAttachment; confidence=OBSERVED_STABLE_ARGS; status=CATALOG_ONLY; evidence=; result of HasAttachment	boolean	CORPUS_CATALOG	semantic-sdk:lua:method:EngineObject:HasAttachment; confidence=OBSERVED_STABLE_ARGS; status=CATALOG_ONLY; evidence=; result of HasAttachment
43	710	v43_710	damageControl6	API_CONTRACT	semantic-sdk:lua:method:Avatar:DamageControl; confidence=LIVE_CONFIRMED; status=CONFIRMED; evidence=WF-LIVE-MALLET-2026-08-23;WF-STOCK-BARD-BOXLOOP; result of DamageControl	DamageControl	API_CONTRACT	semantic-sdk:lua:method:Avatar:DamageControl; confidence=LIVE_CONFIRMED; status=CONFIRMED; evidence=WF-LIVE-MALLET-2026-08-23;WF-STOCK-BARD-BOXLOOP; result of DamageControl
43	723	v43_723	healthPercentage	CORPUS_CATALOG	semantic-sdk:lua:method:AvatarOrEntity:GetHealthPercentage; confidence=OBSERVED_STABLE_ARGS; status=CATALOG_ONLY; evidence=; result of GetHealthPercentage	number	CORPUS_CATALOG	semantic-sdk:lua:method:AvatarOrEntity:GetHealthPercentage; confidence=OBSERVED_STABLE_ARGS; status=CATALOG_ONLY; evidence=; result of GetHealthPercentage
43	727	v43_727	instanceNumber2	STRUCTURAL	call result of GetInstanceNumber			
43	730	v43_730	heavyDamageValue	STRUCTURAL	field read heavyDamage			
43	732	v43_732	playGlobalTransmissionValue4	STRUCTURAL	field read PlayGlobalTransmission			
43	736	v43_736	symbol103	STRUCTURAL	call result of Symbol			
43	737	v43_737	symbol104	STRUCTURAL	call result of Symbol			
43	738	v43_738	symbol105	STRUCTURAL	call result of Symbol			
43	739	v43_739	symbol106	STRUCTURAL	call result of Symbol			
43	740	v43_740	symbol107	STRUCTURAL	call result of Symbol			
43	741	v43_741	symbol108	STRUCTURAL	call result of Symbol			
43	742	v43_742	symbol109	STRUCTURAL	call result of Symbol			
43	743	v43_743	symbol110	STRUCTURAL	call result of Symbol			
43	744	v43_744	symbol111	STRUCTURAL	call result of Symbol			
43	745	v43_745	symbol112	STRUCTURAL	call result of Symbol			
43	746	v43_746	symbol113	STRUCTURAL	call result of Symbol			
43	747	v43_747	symbol114	STRUCTURAL	call result of Symbol			
43	748	v43_748	symbol115	STRUCTURAL	call result of Symbol			
43	749	v43_749	symbol116	STRUCTURAL	call result of Symbol			
43	750	v43_750	symbol117	STRUCTURAL	call result of Symbol			
43	751	v43_751	symbol118	STRUCTURAL	call result of Symbol			
43	752	v43_752	symbol119	STRUCTURAL	call result of Symbol			
43	755	v43_755	damagedValue	STRUCTURAL	field read damaged			
43	757	v43_757	playGlobalTransmissionValue5	STRUCTURAL	field read PlayGlobalTransmission			
43	761	v43_761	symbol120	STRUCTURAL	call result of Symbol			
43	762	v43_762	symbol121	STRUCTURAL	call result of Symbol			
43	763	v43_763	symbol122	STRUCTURAL	call result of Symbol			
43	764	v43_764	symbol123	STRUCTURAL	call result of Symbol			
43	765	v43_765	symbol124	STRUCTURAL	call result of Symbol			
43	766	v43_766	symbol125	STRUCTURAL	call result of Symbol			
43	767	v43_767	symbol126	STRUCTURAL	call result of Symbol			
43	768	v43_768	symbol127	STRUCTURAL	call result of Symbol			
43	769	v43_769	symbol128	STRUCTURAL	call result of Symbol			
43	770	v43_770	symbol129	STRUCTURAL	call result of Symbol			
43	771	v43_771	symbol130	STRUCTURAL	call result of Symbol			
43	772	v43_772	symbol131	STRUCTURAL	call result of Symbol			
43	773	v43_773	symbol132	STRUCTURAL	call result of Symbol			
43	774	v43_774	symbol133	STRUCTURAL	call result of Symbol			
43	775	v43_775	symbol134	STRUCTURAL	call result of Symbol			
43	776	v43_776	symbol135	STRUCTURAL	call result of Symbol			
43	777	v43_777	symbol136	STRUCTURAL	call result of Symbol			
43	792	v43_792	playGlobalTransmissionValue6	STRUCTURAL	field read PlayGlobalTransmission			
43	796	v43_796	symbol137	STRUCTURAL	call result of Symbol			
43	797	v43_797	symbol138	STRUCTURAL	call result of Symbol			
43	798	v43_798	symbol139	STRUCTURAL	call result of Symbol			
43	799	v43_799	symbol140	STRUCTURAL	call result of Symbol			
43	800	v43_800	symbol141	STRUCTURAL	call result of Symbol			
43	801	v43_801	symbol142	STRUCTURAL	call result of Symbol			
43	802	v43_802	symbol143	STRUCTURAL	call result of Symbol			
43	803	v43_803	symbol144	STRUCTURAL	call result of Symbol			
43	804	v43_804	symbol145	STRUCTURAL	call result of Symbol			
43	805	v43_805	symbol146	STRUCTURAL	call result of Symbol			
43	806	v43_806	symbol147	STRUCTURAL	call result of Symbol			
43	807	v43_807	symbol148	STRUCTURAL	call result of Symbol			
43	808	v43_808	symbol149	STRUCTURAL	call result of Symbol			
43	809	v43_809	symbol150	STRUCTURAL	call result of Symbol			
43	810	v43_810	symbol151	STRUCTURAL	call result of Symbol			
43	811	v43_811	symbol152	STRUCTURAL	call result of Symbol			
43	812	v43_812	symbol153	STRUCTURAL	call result of Symbol			
43	813	v43_813	symbol154	STRUCTURAL	call result of Symbol			
43	814	v43_814	symbol155	STRUCTURAL	call result of Symbol			
43	815	v43_815	symbol156	STRUCTURAL	call result of Symbol			
43	816	v43_816	symbol157	STRUCTURAL	call result of Symbol			
43	817	v43_817	symbol158	STRUCTURAL	call result of Symbol			
43	818	v43_818	symbol159	STRUCTURAL	call result of Symbol			
43	820	v43_820	playGlobalTransmissionValue7	STRUCTURAL	field read PlayGlobalTransmission			
43	824	v43_824	symbol160	STRUCTURAL	call result of Symbol			
43	825	v43_825	symbol161	STRUCTURAL	call result of Symbol			
43	826	v43_826	symbol162	STRUCTURAL	call result of Symbol			
43	827	v43_827	symbol163	STRUCTURAL	call result of Symbol			
43	828	v43_828	symbol164	STRUCTURAL	call result of Symbol			
43	829	v43_829	symbol165	STRUCTURAL	call result of Symbol			
43	830	v43_830	symbol166	STRUCTURAL	call result of Symbol			
43	831	v43_831	symbol167	STRUCTURAL	call result of Symbol			
43	832	v43_832	symbol168	STRUCTURAL	call result of Symbol			
43	833	v43_833	symbol169	STRUCTURAL	call result of Symbol			
43	834	v43_834	symbol170	STRUCTURAL	call result of Symbol			
43	835	v43_835	symbol171	STRUCTURAL	call result of Symbol			
43	836	v43_836	symbol172	STRUCTURAL	call result of Symbol			
43	837	v43_837	symbol173	STRUCTURAL	call result of Symbol			
43	838	v43_838	symbol174	STRUCTURAL	call result of Symbol			
43	839	v43_839	symbol175	STRUCTURAL	call result of Symbol			
43	840	v43_840	symbol176	STRUCTURAL	call result of Symbol			
43	841	v43_841	symbol177	STRUCTURAL	call result of Symbol			
43	842	v43_842	symbol178	STRUCTURAL	call result of Symbol			
43	843	v43_843	symbol179	STRUCTURAL	call result of Symbol			
43	844	v43_844	symbol180	STRUCTURAL	call result of Symbol			
43	845	v43_845	symbol181	STRUCTURAL	call result of Symbol			
43	846	v43_846	symbol182	STRUCTURAL	call result of Symbol			
43	872	v43_872	mathMax	STRUCTURAL	call result of math.max			
43	873	v43_873	value11	API_CONTRACT	semantic-sdk:lua:global_function:_GLOBAL:IsNull; confidence=STOCK_BYTECODE; status=CONFIRMED; evidence=WF-STOCK-BARD-BOXLOOP; argument 0 of IsNull			
43	875	v43_875	isNull11	API_CONTRACT	semantic-sdk:lua:global_function:_GLOBAL:IsNull; confidence=STOCK_BYTECODE; status=CONFIRMED; evidence=WF-STOCK-BARD-BOXLOOP; result of IsNull	boolean	API_CONTRACT	semantic-sdk:lua:global_function:_GLOBAL:IsNull; confidence=STOCK_BYTECODE; status=CONFIRMED; evidence=WF-STOCK-BARD-BOXLOOP; result of IsNull
43	878	v43_878	settings	STRUCTURAL	call result of Settings			
43	881	v43_881	enableTutorialTransmissions	STRUCTURAL	call result of EnableTutorialTransmissions			
43	894	v43_894	value12	API_CONTRACT	semantic-sdk:lua:global_function:_GLOBAL:IsNull; confidence=STOCK_BYTECODE; status=CONFIRMED; evidence=WF-STOCK-BARD-BOXLOOP; argument 0 of IsNull			
43	896	v43_896	isNull12	API_CONTRACT	semantic-sdk:lua:global_function:_GLOBAL:IsNull; confidence=STOCK_BYTECODE; status=CONFIRMED; evidence=WF-STOCK-BARD-BOXLOOP; result of IsNull	boolean	API_CONTRACT	semantic-sdk:lua:global_function:_GLOBAL:IsNull; confidence=STOCK_BYTECODE; status=CONFIRMED; evidence=WF-STOCK-BARD-BOXLOOP; result of IsNull
43	908	v43_908	netPersistentVar3	STRUCTURAL	call result of GetNetPersistentVar			
43	920	v43_920	netPersistentVar4	STRUCTURAL	call result of GetNetPersistentVar			
43	932	v43_932	netPersistentVar5	STRUCTURAL	call result of GetNetPersistentVar			
43	939	v43_939	netPersistentVar6	STRUCTURAL	call result of GetNetPersistentVar			
43	953	v43_953	symbol183	STRUCTURAL	call result of Symbol			
43	954	v43_954	symbol184	STRUCTURAL	call result of Symbol			
43	955	v43_955	symbol185	STRUCTURAL	call result of Symbol			
43	956	v43_956	symbol186	STRUCTURAL	call result of Symbol			
43	957	v43_957	symbol187	STRUCTURAL	call result of Symbol			
43	958	v43_958	symbol188	STRUCTURAL	call result of Symbol			
43	959	v43_959	symbol189	STRUCTURAL	call result of Symbol			
43	960	v43_960	symbol190	STRUCTURAL	call result of Symbol			
43	961	v43_961	symbol191	STRUCTURAL	call result of Symbol			
43	962	v43_962	symbol192	STRUCTURAL	call result of Symbol			
43	963	v43_963	symbol193	STRUCTURAL	call result of Symbol			
43	964	v43_964	symbol194	STRUCTURAL	call result of Symbol			
43	965	v43_965	symbol195	STRUCTURAL	call result of Symbol			
43	966	v43_966	symbol196	STRUCTURAL	call result of Symbol			
43	967	v43_967	symbol197	STRUCTURAL	call result of Symbol			
43	968	v43_968	symbol198	STRUCTURAL	call result of Symbol			
43	969	v43_969	symbol199	STRUCTURAL	call result of Symbol			
43	970	v43_970	symbol200	STRUCTURAL	call result of Symbol			
43	971	v43_971	symbol201	STRUCTURAL	call result of Symbol			
43	972	v43_972	symbol202	STRUCTURAL	call result of Symbol			
43	973	v43_973	symbol203	STRUCTURAL	call result of Symbol			
43	974	v43_974	symbol204	STRUCTURAL	call result of Symbol			
43	978	v43_978	roundValue3	STRUCTURAL	field read Round			
43	982	v43_982	round3	STRUCTURAL	call result of Round			
43	984	v43_984	playGlobalTransmissionValue8	STRUCTURAL	field read PlayGlobalTransmission			
43	988	v43_988	symbol205	STRUCTURAL	call result of Symbol			
43	989	v43_989	symbol206	STRUCTURAL	call result of Symbol			
43	990	v43_990	symbol207	STRUCTURAL	call result of Symbol			
43	991	v43_991	symbol208	STRUCTURAL	call result of Symbol			
43	992	v43_992	symbol209	STRUCTURAL	call result of Symbol			
43	993	v43_993	symbol210	STRUCTURAL	call result of Symbol			
43	994	v43_994	symbol211	STRUCTURAL	call result of Symbol			
43	995	v43_995	symbol212	STRUCTURAL	call result of Symbol			
43	996	v43_996	symbol213	STRUCTURAL	call result of Symbol			
43	997	v43_997	symbol214	STRUCTURAL	call result of Symbol			
43	998	v43_998	symbol215	STRUCTURAL	call result of Symbol			
43	999	v43_999	symbol216	STRUCTURAL	call result of Symbol			
43	1000	v43_1000	symbol217	STRUCTURAL	call result of Symbol			
43	1001	v43_1001	symbol218	STRUCTURAL	call result of Symbol			
43	1002	v43_1002	symbol219	STRUCTURAL	call result of Symbol			
43	1003	v43_1003	symbol220	STRUCTURAL	call result of Symbol			
43	1004	v43_1004	symbol221	STRUCTURAL	call result of Symbol			
43	1005	v43_1005	symbol222	STRUCTURAL	call result of Symbol			
43	1006	v43_1006	symbol223	STRUCTURAL	call result of Symbol			
43	1007	v43_1007	symbol224	STRUCTURAL	call result of Symbol			
43	1008	v43_1008	symbol225	STRUCTURAL	call result of Symbol			
43	1009	v43_1009	symbol226	STRUCTURAL	call result of Symbol			
43	1010	v43_1010	symbol227	STRUCTURAL	call result of Symbol			
43	1011	v43_1011	region8	STRUCTURAL	exact engine global gRegion	Region	EXACT_EXPORT	exact engine global gRegion
43	1014	v43_1014	humanPlayerAvatars2	STRUCTURAL	call result of GetHumanPlayerAvatars			
43	1017	v43_1017	ipairs13	STRUCTURAL	call result of ipairs			
43	1018	v43_1018	ipairs23	STRUCTURAL	call result of ipairs			
43	1019	v43_1019	ipairs33	STRUCTURAL	call result of ipairs			
43	1029	v43_1029	mathMax2	STRUCTURAL	call result of math.max			
43	1036	v43_1036	netPersistentVar7	STRUCTURAL	call result of GetNetPersistentVar			
43	1048	v43_1048	netPersistentVar8	STRUCTURAL	call result of GetNetPersistentVar			
43	1058	v43_1058	maxWaveNumValue	STRUCTURAL	field read maxWaveNum			
43	1061	v43_1061	value13	API_CONTRACT	semantic-sdk:lua:global_function:_GLOBAL:IsNull; confidence=STOCK_BYTECODE; status=CONFIRMED; evidence=WF-STOCK-BARD-BOXLOOP; argument 0 of IsNull			
43	1063	v43_1063	isNull13	API_CONTRACT	semantic-sdk:lua:global_function:_GLOBAL:IsNull; confidence=STOCK_BYTECODE; status=CONFIRMED; evidence=WF-STOCK-BARD-BOXLOOP; result of IsNull	boolean	API_CONTRACT	semantic-sdk:lua:global_function:_GLOBAL:IsNull; confidence=STOCK_BYTECODE; status=CONFIRMED; evidence=WF-STOCK-BARD-BOXLOOP; result of IsNull
43	1064	v43_1064	sharedState5	STRUCTURAL	exact engine global _T			
43	1068	v43_1068	sharedState6	STRUCTURAL	exact engine global _T			
43	1071	v43_1071	playGlobalTransmissionValue9	STRUCTURAL	field read PlayGlobalTransmission			
43	1075	v43_1075	symbol228	STRUCTURAL	call result of Symbol			
43	1076	v43_1076	symbol229	STRUCTURAL	call result of Symbol			
43	1077	v43_1077	symbol230	STRUCTURAL	call result of Symbol			
43	1078	v43_1078	symbol231	STRUCTURAL	call result of Symbol			
43	1079	v43_1079	symbol232	STRUCTURAL	call result of Symbol			
43	1080	v43_1080	symbol233	STRUCTURAL	call result of Symbol			
43	1081	v43_1081	symbol234	STRUCTURAL	call result of Symbol			
43	1082	v43_1082	symbol235	STRUCTURAL	call result of Symbol			
43	1083	v43_1083	symbol236	STRUCTURAL	call result of Symbol			
43	1084	v43_1084	symbol237	STRUCTURAL	call result of Symbol			
43	1085	v43_1085	symbol238	STRUCTURAL	call result of Symbol			
43	1086	v43_1086	symbol239	STRUCTURAL	call result of Symbol			
43	1087	v43_1087	symbol240	STRUCTURAL	call result of Symbol			
43	1088	v43_1088	symbol241	STRUCTURAL	call result of Symbol			
43	1089	v43_1089	symbol242	STRUCTURAL	call result of Symbol			
43	1090	v43_1090	symbol243	STRUCTURAL	call result of Symbol			
43	1091	v43_1091	symbol244	STRUCTURAL	call result of Symbol			
43	1092	v43_1092	symbol245	STRUCTURAL	call result of Symbol			
43	1093	v43_1093	symbol246	STRUCTURAL	call result of Symbol			
43	1095	v43_1095	sharedState7	STRUCTURAL	exact engine global _T			
43	1104	v43_1104	sharedState8	STRUCTURAL	exact engine global _T			
43	1106	v43_1106	sharedState9	STRUCTURAL	exact engine global _T			
43	1109	v43_1109	sharedState10	STRUCTURAL	exact engine global _T			
43	1113	v43_1113	sharedState11	STRUCTURAL	exact engine global _T			
43	1118	v43_1118	mission2	STRUCTURAL	call result of GetMission			
43	1119	v43_1119	periodicMissionTagValue	STRUCTURAL	field read periodicMissionTag			
43	1121	v43_1121	eLITE_ALERT_PERIODIC_MISSION_TAGValue	STRUCTURAL	field read ELITE_ALERT_PERIODIC_MISSION_TAG			
43	1125	v43_1125	mission3	STRUCTURAL	call result of GetMission			
43	1126	v43_1126	periodicMissionTagValue2	STRUCTURAL	field read periodicMissionTag			
43	1128	v43_1128	eLITE_ALERT_PERIODIC_MISSION_TAG_ALTValue	STRUCTURAL	field read ELITE_ALERT_PERIODIC_MISSION_TAG_ALT			
43	1137	v43_1137	mathMax3	STRUCTURAL	call result of math.max			
43	1140	v43_1140	ternaryValue	STRUCTURAL	field read Ternary			
43	1144	v43_1144	ternary	STRUCTURAL	call result of Ternary			
43	1147	v43_1147	ternaryValue2	STRUCTURAL	field read Ternary			
43	1151	v43_1151	ternary2	STRUCTURAL	call result of Ternary			
43	1152	v43_1152	region9	STRUCTURAL	exact engine global gRegion	Region	EXACT_EXPORT	exact engine global gRegion
43	1155	v43_1155	humanPlayerAvatars3	STRUCTURAL	call result of GetHumanPlayerAvatars			
43	1160	v43_1160	avatar	API_CONTRACT	semantic-sdk:lua:method:Avatar:GetPlayer; confidence=LIVE_CONFIRMED; status=CONFIRMED; evidence=WF-LIVE-MALLET-2026-08-23; receiver of GetPlayer	Avatar	API_CONTRACT	semantic-sdk:lua:method:Avatar:GetPlayer; confidence=LIVE_CONFIRMED; status=CONFIRMED; evidence=WF-LIVE-MALLET-2026-08-23; receiver of GetPlayer
43	1163	v43_1163	playerHandle2	API_CONTRACT	semantic-sdk:lua:method:Avatar:GetPlayer; confidence=LIVE_CONFIRMED; status=CONFIRMED; evidence=WF-LIVE-MALLET-2026-08-23; result of GetPlayer	PlayerHandle|unknown	API_CONTRACT	semantic-sdk:lua:method:Avatar:GetPlayer; confidence=LIVE_CONFIRMED; status=CONFIRMED; evidence=WF-LIVE-MALLET-2026-08-23; result of GetPlayer
43	1172	v43_1172	tostring4	STRUCTURAL	call result of tostring			
43	1181	v43_1181	mission4	STRUCTURAL	call result of GetMission			
43	1182	v43_1182	periodicMissionTagValue3	STRUCTURAL	field read periodicMissionTag			
43	1184	v43_1184	eLITE_ALERT_PERIODIC_MISSION_TAGValue2	STRUCTURAL	field read ELITE_ALERT_PERIODIC_MISSION_TAG			
43	1188	v43_1188	mission5	STRUCTURAL	call result of GetMission			
43	1189	v43_1189	periodicMissionTagValue4	STRUCTURAL	field read periodicMissionTag			
43	1191	v43_1191	eLITE_ALERT_PERIODIC_MISSION_TAG_ALTValue2	STRUCTURAL	field read ELITE_ALERT_PERIODIC_MISSION_TAG_ALT			
43	1195	v43_1195	value14	API_CONTRACT	semantic-sdk:lua:global_function:_GLOBAL:IsNull; confidence=STOCK_BYTECODE; status=CONFIRMED; evidence=WF-STOCK-BARD-BOXLOOP; argument 0 of IsNull			
43	1197	v43_1197	isNull14	API_CONTRACT	semantic-sdk:lua:global_function:_GLOBAL:IsNull; confidence=STOCK_BYTECODE; status=CONFIRMED; evidence=WF-STOCK-BARD-BOXLOOP; result of IsNull	boolean	API_CONTRACT	semantic-sdk:lua:global_function:_GLOBAL:IsNull; confidence=STOCK_BYTECODE; status=CONFIRMED; evidence=WF-STOCK-BARD-BOXLOOP; result of IsNull
43	1199	v43_1199	ability	API_CONTRACT	semantic-sdk:lua:method:Ability:GetLocalizeTag; confidence=LIVE_CONFIRMED; status=CONFIRMED; evidence=WF-LIVE-MALLET-EXACT-PIPELINE-2026-08-25; receiver of GetLocalizeTag	Ability	API_CONTRACT	semantic-sdk:lua:method:Ability:GetLocalizeTag; confidence=LIVE_CONFIRMED; status=CONFIRMED; evidence=WF-LIVE-MALLET-EXACT-PIPELINE-2026-08-25; receiver of GetLocalizeTag
43	1202	v43_1202	localizeTag	API_CONTRACT	semantic-sdk:lua:method:LocalizeTag:c_str; confidence=LIVE_CONFIRMED; status=CONFIRMED; evidence=WF-LIVE-MALLET-EXACT-PIPELINE-2026-08-25; receiver of c_str	LocalizeTag	API_CONTRACT	semantic-sdk:lua:method:Ability:GetLocalizeTag; confidence=LIVE_CONFIRMED; status=CONFIRMED; evidence=WF-LIVE-MALLET-EXACT-PIPELINE-2026-08-25; result of GetLocalizeTag
43	1205	v43_1205	c_str	API_CONTRACT	semantic-sdk:lua:method:LocalizeTag:c_str; confidence=LIVE_CONFIRMED; status=CONFIRMED; evidence=WF-LIVE-MALLET-EXACT-PIPELINE-2026-08-25; result of c_str	string	API_CONTRACT	semantic-sdk:lua:method:LocalizeTag:c_str; confidence=LIVE_CONFIRMED; status=CONFIRMED; evidence=WF-LIVE-MALLET-EXACT-PIPELINE-2026-08-25; result of c_str
43	1207	v43_1207	stringFind4	STRUCTURAL	call result of string.find			
43	1210	v43_1210	symbol247	STRUCTURAL	call result of Symbol			
43	1217	v43_1217	region10	STRUCTURAL	exact engine global gRegion	Region	EXACT_EXPORT	exact engine global gRegion
43	1220	v43_1220	humanPlayers	STRUCTURAL	call result of GetHumanPlayers			
43	1225	v43_1225	isFirstTimeInNodeValue	STRUCTURAL	field read IsFirstTimeInNode			
43	1227	v43_1227	isFirstTimeInNode	STRUCTURAL	call result of IsFirstTimeInNode			
43	1230	v43_1230	symbol248	STRUCTURAL	call result of Symbol			
43	1232	v43_1232	playLocalTransmissionValue	STRUCTURAL	field read PlayLocalTransmission			
43	1235	v43_1235	agentOrEngineObject	CORPUS_CATALOG	semantic-sdk:lua:method:AgentOrEngineObject:GetAvatar; confidence=OBSERVED_STABLE_ARGS; status=CATALOG_ONLY; evidence=; receiver of GetAvatar	AgentOrEngineObject	CORPUS_CATALOG	semantic-sdk:lua:method:AgentOrEngineObject:GetAvatar; confidence=OBSERVED_STABLE_ARGS; status=CATALOG_ONLY; evidence=; receiver of GetAvatar
43	1238	v43_1238	avatar2	CORPUS_CATALOG	semantic-sdk:lua:method:AgentOrEngineObject:GetAvatar; confidence=OBSERVED_STABLE_ARGS; status=CATALOG_ONLY; evidence=; result of GetAvatar	Avatar	CORPUS_CATALOG	semantic-sdk:lua:method:AgentOrEngineObject:GetAvatar; confidence=OBSERVED_STABLE_ARGS; status=CATALOG_ONLY; evidence=; result of GetAvatar
43	1239	v43_1239	avatar3	CORPUS_CATALOG	semantic-sdk:lua:method:AgentOrEngineObject:GetAvatar; confidence=OBSERVED_STABLE_ARGS; status=CATALOG_ONLY; evidence=; result of GetAvatar	Avatar	CORPUS_CATALOG	semantic-sdk:lua:method:AgentOrEngineObject:GetAvatar; confidence=OBSERVED_STABLE_ARGS; status=CATALOG_ONLY; evidence=; result of GetAvatar
43	1240	v43_1240	avatar4	CORPUS_CATALOG	semantic-sdk:lua:method:AgentOrEngineObject:GetAvatar; confidence=OBSERVED_STABLE_ARGS; status=CATALOG_ONLY; evidence=; result of GetAvatar	Avatar	CORPUS_CATALOG	semantic-sdk:lua:method:AgentOrEngineObject:GetAvatar; confidence=OBSERVED_STABLE_ARGS; status=CATALOG_ONLY; evidence=; result of GetAvatar
43	1241	v43_1241	avatar5	CORPUS_CATALOG	semantic-sdk:lua:method:AgentOrEngineObject:GetAvatar; confidence=OBSERVED_STABLE_ARGS; status=CATALOG_ONLY; evidence=; result of GetAvatar	Avatar	CORPUS_CATALOG	semantic-sdk:lua:method:AgentOrEngineObject:GetAvatar; confidence=OBSERVED_STABLE_ARGS; status=CATALOG_ONLY; evidence=; result of GetAvatar
43	1242	v43_1242	avatar6	CORPUS_CATALOG	semantic-sdk:lua:method:AgentOrEngineObject:GetAvatar; confidence=OBSERVED_STABLE_ARGS; status=CATALOG_ONLY; evidence=; result of GetAvatar	Avatar	CORPUS_CATALOG	semantic-sdk:lua:method:AgentOrEngineObject:GetAvatar; confidence=OBSERVED_STABLE_ARGS; status=CATALOG_ONLY; evidence=; result of GetAvatar
43	1243	v43_1243	avatar7	CORPUS_CATALOG	semantic-sdk:lua:method:AgentOrEngineObject:GetAvatar; confidence=OBSERVED_STABLE_ARGS; status=CATALOG_ONLY; evidence=; result of GetAvatar	Avatar	CORPUS_CATALOG	semantic-sdk:lua:method:AgentOrEngineObject:GetAvatar; confidence=OBSERVED_STABLE_ARGS; status=CATALOG_ONLY; evidence=; result of GetAvatar
43	1244	v43_1244	avatar8	CORPUS_CATALOG	semantic-sdk:lua:method:AgentOrEngineObject:GetAvatar; confidence=OBSERVED_STABLE_ARGS; status=CATALOG_ONLY; evidence=; result of GetAvatar	Avatar	CORPUS_CATALOG	semantic-sdk:lua:method:AgentOrEngineObject:GetAvatar; confidence=OBSERVED_STABLE_ARGS; status=CATALOG_ONLY; evidence=; result of GetAvatar
43	1245	v43_1245	avatar9	CORPUS_CATALOG	semantic-sdk:lua:method:AgentOrEngineObject:GetAvatar; confidence=OBSERVED_STABLE_ARGS; status=CATALOG_ONLY; evidence=; result of GetAvatar	Avatar	CORPUS_CATALOG	semantic-sdk:lua:method:AgentOrEngineObject:GetAvatar; confidence=OBSERVED_STABLE_ARGS; status=CATALOG_ONLY; evidence=; result of GetAvatar
43	1246	v43_1246	avatar10	CORPUS_CATALOG	semantic-sdk:lua:method:AgentOrEngineObject:GetAvatar; confidence=OBSERVED_STABLE_ARGS; status=CATALOG_ONLY; evidence=; result of GetAvatar	Avatar	CORPUS_CATALOG	semantic-sdk:lua:method:AgentOrEngineObject:GetAvatar; confidence=OBSERVED_STABLE_ARGS; status=CATALOG_ONLY; evidence=; result of GetAvatar
43	1247	v43_1247	avatar11	CORPUS_CATALOG	semantic-sdk:lua:method:AgentOrEngineObject:GetAvatar; confidence=OBSERVED_STABLE_ARGS; status=CATALOG_ONLY; evidence=; result of GetAvatar	Avatar	CORPUS_CATALOG	semantic-sdk:lua:method:AgentOrEngineObject:GetAvatar; confidence=OBSERVED_STABLE_ARGS; status=CATALOG_ONLY; evidence=; result of GetAvatar
43	1248	v43_1248	avatar12	CORPUS_CATALOG	semantic-sdk:lua:method:AgentOrEngineObject:GetAvatar; confidence=OBSERVED_STABLE_ARGS; status=CATALOG_ONLY; evidence=; result of GetAvatar	Avatar	CORPUS_CATALOG	semantic-sdk:lua:method:AgentOrEngineObject:GetAvatar; confidence=OBSERVED_STABLE_ARGS; status=CATALOG_ONLY; evidence=; result of GetAvatar
43	1249	v43_1249	avatar13	CORPUS_CATALOG	semantic-sdk:lua:method:AgentOrEngineObject:GetAvatar; confidence=OBSERVED_STABLE_ARGS; status=CATALOG_ONLY; evidence=; result of GetAvatar	Avatar	CORPUS_CATALOG	semantic-sdk:lua:method:AgentOrEngineObject:GetAvatar; confidence=OBSERVED_STABLE_ARGS; status=CATALOG_ONLY; evidence=; result of GetAvatar
43	1250	v43_1250	avatar14	CORPUS_CATALOG	semantic-sdk:lua:method:AgentOrEngineObject:GetAvatar; confidence=OBSERVED_STABLE_ARGS; status=CATALOG_ONLY; evidence=; result of GetAvatar	Avatar	CORPUS_CATALOG	semantic-sdk:lua:method:AgentOrEngineObject:GetAvatar; confidence=OBSERVED_STABLE_ARGS; status=CATALOG_ONLY; evidence=; result of GetAvatar
43	1252	v43_1252	playGlobalTransmissionValue10	STRUCTURAL	field read PlayGlobalTransmission			
43	1255	v43_1255	value15	API_CONTRACT	semantic-sdk:lua:global_function:_GLOBAL:IsNull; confidence=STOCK_BYTECODE; status=CONFIRMED; evidence=WF-STOCK-BARD-BOXLOOP; argument 0 of IsNull			
43	1257	v43_1257	isNull15	API_CONTRACT	semantic-sdk:lua:global_function:_GLOBAL:IsNull; confidence=STOCK_BYTECODE; status=CONFIRMED; evidence=WF-STOCK-BARD-BOXLOOP; result of IsNull	boolean	API_CONTRACT	semantic-sdk:lua:global_function:_GLOBAL:IsNull; confidence=STOCK_BYTECODE; status=CONFIRMED; evidence=WF-STOCK-BARD-BOXLOOP; result of IsNull
43	1267	v43_1267	value16	API_CONTRACT	semantic-sdk:lua:global_function:_GLOBAL:IsNull; confidence=STOCK_BYTECODE; status=CONFIRMED; evidence=WF-STOCK-BARD-BOXLOOP; argument 0 of IsNull			
43	1269	v43_1269	isNull16	API_CONTRACT	semantic-sdk:lua:global_function:_GLOBAL:IsNull; confidence=STOCK_BYTECODE; status=CONFIRMED; evidence=WF-STOCK-BARD-BOXLOOP; result of IsNull	boolean	API_CONTRACT	semantic-sdk:lua:global_function:_GLOBAL:IsNull; confidence=STOCK_BYTECODE; status=CONFIRMED; evidence=WF-STOCK-BARD-BOXLOOP; result of IsNull
43	1270	v43_1270	region11	STRUCTURAL	exact engine global gRegion	Region	EXACT_EXPORT	exact engine global gRegion
43	1274	v43_1274	vector34	CORPUS_CATALOG	semantic-sdk:lua:method:AvatarOrEntity:GetSimPosition; confidence=OBSERVED_STABLE_ARGS; status=CATALOG_ONLY; evidence=; result of GetSimPosition	Vector3	CORPUS_CATALOG	semantic-sdk:lua:method:AvatarOrEntity:GetSimPosition; confidence=OBSERVED_STABLE_ARGS; status=CATALOG_ONLY; evidence=; result of GetSimPosition
43	1275	v43_1275	zeroRotation	STRUCTURAL	exact engine global ZERO_ROTATION			
43	1279	v43_1279	radialDamageData	API_CONTRACT	semantic-sdk:lua:method:RadialDamageData:SetDamagePct; confidence=STOCK_BYTECODE; status=CONFIRMED; evidence=WF-STOCK-BARD-BOXLOOP; receiver of SetDamagePct	RadialDamageData	API_CONTRACT	semantic-sdk:lua:method:RadialDamageData:SetDamagePct; confidence=STOCK_BYTECODE; status=CONFIRMED; evidence=WF-STOCK-BARD-BOXLOOP; receiver of SetDamagePct
43	1280	v43_1280	damage_type	API_CONTRACT	semantic-sdk:lua:method:RadialDamageData:SetDamagePct; confidence=STOCK_BYTECODE; status=CONFIRMED; evidence=WF-STOCK-BARD-BOXLOOP; argument 0 of SetDamagePct	number	API_CONTRACT	semantic-sdk:lua:method:RadialDamageData:SetDamagePct; confidence=STOCK_BYTECODE; status=CONFIRMED; evidence=WF-STOCK-BARD-BOXLOOP; argument type 0 of SetDamagePct
43	1281	v43_1281	fraction	API_CONTRACT	semantic-sdk:lua:method:RadialDamageData:SetDamagePct; confidence=STOCK_BYTECODE; status=CONFIRMED; evidence=WF-STOCK-BARD-BOXLOOP; argument 1 of SetDamagePct	number	API_CONTRACT	semantic-sdk:lua:method:RadialDamageData:SetDamagePct; confidence=STOCK_BYTECODE; status=CONFIRMED; evidence=WF-STOCK-BARD-BOXLOOP; argument type 1 of SetDamagePct
43	1285	v43_1285	source	API_CONTRACT	semantic-sdk:lua:method:RadialDamageData:SetSource; confidence=STOCK_BYTECODE; status=CONFIRMED; evidence=WF-STOCK-BARD-BOXLOOP; argument 0 of SetSource	AvatarOrEntity	API_CONTRACT	semantic-sdk:lua:method:RadialDamageData:SetSource; confidence=STOCK_BYTECODE; status=CONFIRMED; evidence=WF-STOCK-BARD-BOXLOOP; argument type 0 of SetSource
44	5	v44_5	netPersistentVar	STRUCTURAL	call result of GetNetPersistentVar			
45	1	v45_1	value	API_CONTRACT	semantic-sdk:lua:global_function:_GLOBAL:IsNull; confidence=STOCK_BYTECODE; status=CONFIRMED; evidence=WF-STOCK-BARD-BOXLOOP; argument 0 of IsNull			
45	3	v45_3	isNull	API_CONTRACT	semantic-sdk:lua:global_function:_GLOBAL:IsNull; confidence=STOCK_BYTECODE; status=CONFIRMED; evidence=WF-STOCK-BARD-BOXLOOP; result of IsNull	boolean	API_CONTRACT	semantic-sdk:lua:global_function:_GLOBAL:IsNull; confidence=STOCK_BYTECODE; status=CONFIRMED; evidence=WF-STOCK-BARD-BOXLOOP; result of IsNull
45	8	v45_8	missionType	STRUCTURAL	call result of GetMissionType			
45	13	v45_13	netPersistentVar	STRUCTURAL	call result of GetNetPersistentVar			
45	18	v45_18	tostring2	STRUCTURAL	call result of tostring			
46	1	v46_1	region	STRUCTURAL	exact engine global gRegion	Region	EXACT_EXPORT	exact engine global gRegion
46	5	v46_5	vector3	CORPUS_CATALOG	semantic-sdk:lua:method:AvatarOrEntity:GetPosition; confidence=OBSERVED_STABLE_ARGS; status=CATALOG_ONLY; evidence=; result of GetPosition	Vector3	CORPUS_CATALOG	semantic-sdk:lua:method:AvatarOrEntity:GetPosition; confidence=OBSERVED_STABLE_ARGS; status=CATALOG_ONLY; evidence=; result of GetPosition
46	6	v46_6	vector32	CORPUS_CATALOG	semantic-sdk:lua:method:AvatarOrEntity:GetPosition; confidence=OBSERVED_STABLE_ARGS; status=CATALOG_ONLY; evidence=; result of GetPosition	Vector3	CORPUS_CATALOG	semantic-sdk:lua:method:AvatarOrEntity:GetPosition; confidence=OBSERVED_STABLE_ARGS; status=CATALOG_ONLY; evidence=; result of GetPosition
46	7	v46_7	vector33	CORPUS_CATALOG	semantic-sdk:lua:method:AvatarOrEntity:GetPosition; confidence=OBSERVED_STABLE_ARGS; status=CATALOG_ONLY; evidence=; result of GetPosition	Vector3	CORPUS_CATALOG	semantic-sdk:lua:method:AvatarOrEntity:GetPosition; confidence=OBSERVED_STABLE_ARGS; status=CATALOG_ONLY; evidence=; result of GetPosition
46	10	v46_10	nearestTagged	STRUCTURAL	call result of FindNearestTagged	AvatarOrEntity	CORPUS_CATALOG	semantic-sdk:lua:method:AvatarOrEntity:GetPosition; confidence=OBSERVED_STABLE_ARGS; status=CATALOG_ONLY; evidence=; receiver of GetPosition
46	13	v46_13	vector34	CORPUS_CATALOG	semantic-sdk:lua:method:AvatarOrEntity:GetPosition; confidence=OBSERVED_STABLE_ARGS; status=CATALOG_ONLY; evidence=; result of GetPosition	Vector3	CORPUS_CATALOG	semantic-sdk:lua:method:AvatarOrEntity:GetPosition; confidence=OBSERVED_STABLE_ARGS; status=CATALOG_ONLY; evidence=; result of GetPosition
46	16	v46_16	value	API_CONTRACT	semantic-sdk:lua:global_function:_GLOBAL:IsNull; confidence=STOCK_BYTECODE; status=CONFIRMED; evidence=WF-STOCK-BARD-BOXLOOP; argument 0 of IsNull			
46	18	v46_18	isNull	API_CONTRACT	semantic-sdk:lua:global_function:_GLOBAL:IsNull; confidence=STOCK_BYTECODE; status=CONFIRMED; evidence=WF-STOCK-BARD-BOXLOOP; result of IsNull	boolean	API_CONTRACT	semantic-sdk:lua:global_function:_GLOBAL:IsNull; confidence=STOCK_BYTECODE; status=CONFIRMED; evidence=WF-STOCK-BARD-BOXLOOP; result of IsNull
46	21	v46_21	vector35	CORPUS_CATALOG	semantic-sdk:lua:method:AvatarOrEntity:GetPosition; confidence=OBSERVED_STABLE_ARGS; status=CATALOG_ONLY; evidence=; result of GetPosition	Vector3	CORPUS_CATALOG	semantic-sdk:lua:method:AvatarOrEntity:GetPosition; confidence=OBSERVED_STABLE_ARGS; status=CATALOG_ONLY; evidence=; result of GetPosition
46	27	v46_27	deltaTime	STRUCTURAL	call result of DeltaTime			
46	30	v46_30	value2	API_CONTRACT	semantic-sdk:lua:global_function:_GLOBAL:IsNull; confidence=STOCK_BYTECODE; status=CONFIRMED; evidence=WF-STOCK-BARD-BOXLOOP; argument 0 of IsNull			
46	32	v46_32	isNull2	API_CONTRACT	semantic-sdk:lua:global_function:_GLOBAL:IsNull; confidence=STOCK_BYTECODE; status=CONFIRMED; evidence=WF-STOCK-BARD-BOXLOOP; result of IsNull	boolean	API_CONTRACT	semantic-sdk:lua:global_function:_GLOBAL:IsNull; confidence=STOCK_BYTECODE; status=CONFIRMED; evidence=WF-STOCK-BARD-BOXLOOP; result of IsNull
47	0	p47_0	avatarOrEntity	CORPUS_CATALOG	semantic-sdk:lua:method:AvatarOrEntity:GetPosition; confidence=OBSERVED_STABLE_ARGS; status=CATALOG_ONLY; evidence=; receiver of GetPosition	AvatarOrEntity	CORPUS_CATALOG	semantic-sdk:lua:method:AvatarOrEntity:GetPosition; confidence=OBSERVED_STABLE_ARGS; status=CATALOG_ONLY; evidence=; receiver of GetPosition
47	1	v47_1	value	API_CONTRACT	semantic-sdk:lua:global_function:_GLOBAL:IsNull; confidence=STOCK_BYTECODE; status=CONFIRMED; evidence=WF-STOCK-BARD-BOXLOOP; argument 0 of IsNull			
47	3	v47_3	isNull	API_CONTRACT	semantic-sdk:lua:global_function:_GLOBAL:IsNull; confidence=STOCK_BYTECODE; status=CONFIRMED; evidence=WF-STOCK-BARD-BOXLOOP; result of IsNull	boolean	API_CONTRACT	semantic-sdk:lua:global_function:_GLOBAL:IsNull; confidence=STOCK_BYTECODE; status=CONFIRMED; evidence=WF-STOCK-BARD-BOXLOOP; result of IsNull
47	4	v47_4	region	STRUCTURAL	exact engine global gRegion	Region	EXACT_EXPORT	exact engine global gRegion
47	7	v47_7	isMaster	CORPUS_CATALOG	semantic-sdk:lua:method:RegionOrEngineObject:IsMaster; confidence=OBSERVED_STABLE_SHAPE; status=CATALOG_ONLY; evidence=; result of IsMaster	boolean	CORPUS_CATALOG	semantic-sdk:lua:method:RegionOrEngineObject:IsMaster; confidence=OBSERVED_STABLE_SHAPE; status=CATALOG_ONLY; evidence=; result of IsMaster
47	8	v47_8	region2	STRUCTURAL	exact engine global gRegion	Region	EXACT_EXPORT	exact engine global gRegion
47	11	v47_11	npcManager	CORPUS_CATALOG	semantic-sdk:lua:method:Region:GetNpcMgr; confidence=OBSERVED_STABLE_SHAPE; status=CATALOG_ONLY; evidence=; result of GetNpcMgr	NpcManager	CORPUS_CATALOG	semantic-sdk:lua:method:Region:GetNpcMgr; confidence=OBSERVED_STABLE_SHAPE; status=CATALOG_ONLY; evidence=; result of GetNpcMgr
47	14	v47_14	aiDirector	CORPUS_CATALOG	semantic-sdk:lua:method:Region:GetAiDirector; confidence=OBSERVED_STABLE_SHAPE; status=CATALOG_ONLY; evidence=; result of GetAiDirector	AiDirector	CORPUS_CATALOG	semantic-sdk:lua:method:Region:GetAiDirector; confidence=OBSERVED_STABLE_SHAPE; status=CATALOG_ONLY; evidence=; result of GetAiDirector
47	18	v47_18	region3	STRUCTURAL	exact engine global gRegion	Region	EXACT_EXPORT	exact engine global gRegion
47	22	v47_22	vector3	CORPUS_CATALOG	semantic-sdk:lua:method:AvatarOrEntity:GetPosition; confidence=OBSERVED_STABLE_ARGS; status=CATALOG_ONLY; evidence=; result of GetPosition	Vector3	CORPUS_CATALOG	semantic-sdk:lua:method:AvatarOrEntity:GetPosition; confidence=OBSERVED_STABLE_ARGS; status=CATALOG_ONLY; evidence=; result of GetPosition
47	26	v47_26	nearest	STRUCTURAL	call result of FindNearest			
47	27	v47_27	value2	API_CONTRACT	semantic-sdk:lua:global_function:_GLOBAL:IsNull; confidence=STOCK_BYTECODE; status=CONFIRMED; evidence=WF-STOCK-BARD-BOXLOOP; argument 0 of IsNull			
47	29	v47_29	isNull2	API_CONTRACT	semantic-sdk:lua:global_function:_GLOBAL:IsNull; confidence=STOCK_BYTECODE; status=CONFIRMED; evidence=WF-STOCK-BARD-BOXLOOP; result of IsNull	boolean	API_CONTRACT	semantic-sdk:lua:global_function:_GLOBAL:IsNull; confidence=STOCK_BYTECODE; status=CONFIRMED; evidence=WF-STOCK-BARD-BOXLOOP; result of IsNull
48	1	v48_1	sharedState	STRUCTURAL	exact engine global _T			
48	22	v48_22	ipairs1	STRUCTURAL	call result of ipairs			
48	23	v48_23	ipairs2	STRUCTURAL	call result of ipairs			
48	24	v48_24	ipairs3	STRUCTURAL	call result of ipairs			
48	28	v48_28	avatar	API_CONTRACT	semantic-sdk:lua:method:Avatar:DamageControl; confidence=LIVE_CONFIRMED; status=CONFIRMED; evidence=WF-LIVE-MALLET-2026-08-23;WF-STOCK-BARD-BOXLOOP; receiver of DamageControl	Avatar	API_CONTRACT	semantic-sdk:lua:method:Avatar:DamageControl; confidence=LIVE_CONFIRMED; status=CONFIRMED; evidence=WF-LIVE-MALLET-2026-08-23;WF-STOCK-BARD-BOXLOOP; receiver of DamageControl
48	31	v48_31	value	API_CONTRACT	semantic-sdk:lua:global_function:_GLOBAL:IsNull; confidence=STOCK_BYTECODE; status=CONFIRMED; evidence=WF-STOCK-BARD-BOXLOOP; argument 0 of IsNull			
48	33	v48_33	isNull	API_CONTRACT	semantic-sdk:lua:global_function:_GLOBAL:IsNull; confidence=STOCK_BYTECODE; status=CONFIRMED; evidence=WF-STOCK-BARD-BOXLOOP; result of IsNull	boolean	API_CONTRACT	semantic-sdk:lua:global_function:_GLOBAL:IsNull; confidence=STOCK_BYTECODE; status=CONFIRMED; evidence=WF-STOCK-BARD-BOXLOOP; result of IsNull
48	37	v48_37	nameOrString	CORPUS_CATALOG	semantic-sdk:lua:method:EngineObject:GetName; confidence=OBSERVED_STABLE_ARGS; status=CATALOG_ONLY; evidence=; result of GetName	NameOrString	CORPUS_CATALOG	semantic-sdk:lua:method:EngineObject:GetName; confidence=OBSERVED_STABLE_ARGS; status=CATALOG_ONLY; evidence=; result of GetName
48	38	v48_38	nameOrString2	CORPUS_CATALOG	semantic-sdk:lua:method:EngineObject:GetName; confidence=OBSERVED_STABLE_ARGS; status=CATALOG_ONLY; evidence=; result of GetName	NameOrString	CORPUS_CATALOG	semantic-sdk:lua:method:EngineObject:GetName; confidence=OBSERVED_STABLE_ARGS; status=CATALOG_ONLY; evidence=; result of GetName
48	39	v48_39	nameOrString3	CORPUS_CATALOG	semantic-sdk:lua:method:EngineObject:GetName; confidence=OBSERVED_STABLE_ARGS; status=CATALOG_ONLY; evidence=; result of GetName	NameOrString	CORPUS_CATALOG	semantic-sdk:lua:method:EngineObject:GetName; confidence=OBSERVED_STABLE_ARGS; status=CATALOG_ONLY; evidence=; result of GetName
48	40	v48_40	nameOrString4	CORPUS_CATALOG	semantic-sdk:lua:method:EngineObject:GetName; confidence=OBSERVED_STABLE_ARGS; status=CATALOG_ONLY; evidence=; result of GetName	NameOrString	CORPUS_CATALOG	semantic-sdk:lua:method:EngineObject:GetName; confidence=OBSERVED_STABLE_ARGS; status=CATALOG_ONLY; evidence=; result of GetName
48	41	v48_41	nameOrString5	CORPUS_CATALOG	semantic-sdk:lua:method:EngineObject:GetName; confidence=OBSERVED_STABLE_ARGS; status=CATALOG_ONLY; evidence=; result of GetName	NameOrString	CORPUS_CATALOG	semantic-sdk:lua:method:EngineObject:GetName; confidence=OBSERVED_STABLE_ARGS; status=CATALOG_ONLY; evidence=; result of GetName
48	42	v48_42	nameOrString6	CORPUS_CATALOG	semantic-sdk:lua:method:EngineObject:GetName; confidence=OBSERVED_STABLE_ARGS; status=CATALOG_ONLY; evidence=; result of GetName	NameOrString	CORPUS_CATALOG	semantic-sdk:lua:method:EngineObject:GetName; confidence=OBSERVED_STABLE_ARGS; status=CATALOG_ONLY; evidence=; result of GetName
48	44	v48_44	tostring2	STRUCTURAL	call result of tostring			
48	47	v48_47	value2	API_CONTRACT	semantic-sdk:lua:global_function:_GLOBAL:IsNull; confidence=STOCK_BYTECODE; status=CONFIRMED; evidence=WF-STOCK-BARD-BOXLOOP; argument 0 of IsNull			
48	49	v48_49	isNull2	API_CONTRACT	semantic-sdk:lua:global_function:_GLOBAL:IsNull; confidence=STOCK_BYTECODE; status=CONFIRMED; evidence=WF-STOCK-BARD-BOXLOOP; result of IsNull	boolean	API_CONTRACT	semantic-sdk:lua:global_function:_GLOBAL:IsNull; confidence=STOCK_BYTECODE; status=CONFIRMED; evidence=WF-STOCK-BARD-BOXLOOP; result of IsNull
48	57	v48_57	damageControl	API_CONTRACT	semantic-sdk:lua:method:Avatar:DamageControl; confidence=LIVE_CONFIRMED; status=CONFIRMED; evidence=WF-LIVE-MALLET-2026-08-23;WF-STOCK-BARD-BOXLOOP; result of DamageControl	DamageControl	API_CONTRACT	semantic-sdk:lua:method:Avatar:DamageControl; confidence=LIVE_CONFIRMED; status=CONFIRMED; evidence=WF-LIVE-MALLET-2026-08-23;WF-STOCK-BARD-BOXLOOP; result of DamageControl
48	60	v48_60	shield	CORPUS_CATALOG	semantic-sdk:lua:method:AvatarOrDamageControl:GetShield; confidence=OBSERVED_STABLE_SHAPE; status=CATALOG_ONLY; evidence=; result of GetShield	number	CORPUS_CATALOG	semantic-sdk:lua:method:AvatarOrDamageControl:GetShield; confidence=OBSERVED_STABLE_SHAPE; status=CATALOG_ONLY; evidence=; result of GetShield
48	61	v48_61	shield2	CORPUS_CATALOG	semantic-sdk:lua:method:AvatarOrDamageControl:GetShield; confidence=OBSERVED_STABLE_SHAPE; status=CATALOG_ONLY; evidence=; result of GetShield	number	CORPUS_CATALOG	semantic-sdk:lua:method:AvatarOrDamageControl:GetShield; confidence=OBSERVED_STABLE_SHAPE; status=CATALOG_ONLY; evidence=; result of GetShield
48	63	v48_63	tostring3	STRUCTURAL	call result of tostring			
48	72	v48_72	health	CORPUS_CATALOG	semantic-sdk:lua:method:AvatarOrDamageControl:GetHealth; confidence=OBSERVED_STABLE_ARGS; status=CATALOG_ONLY; evidence=; result of GetHealth	number	CORPUS_CATALOG	semantic-sdk:lua:method:AvatarOrDamageControl:GetHealth; confidence=OBSERVED_STABLE_ARGS; status=CATALOG_ONLY; evidence=; result of GetHealth
48	73	v48_73	health2	CORPUS_CATALOG	semantic-sdk:lua:method:AvatarOrDamageControl:GetHealth; confidence=OBSERVED_STABLE_ARGS; status=CATALOG_ONLY; evidence=; result of GetHealth	number	CORPUS_CATALOG	semantic-sdk:lua:method:AvatarOrDamageControl:GetHealth; confidence=OBSERVED_STABLE_ARGS; status=CATALOG_ONLY; evidence=; result of GetHealth
48	75	v48_75	tostring4	STRUCTURAL	call result of tostring			
48	80	v48_80	timer	STRUCTURAL	call result of GetTimer			
48	81	v48_81	timer2	STRUCTURAL	call result of GetTimer			
48	82	v48_82	timer3	STRUCTURAL	call result of GetTimer			
48	83	v48_83	timer4	STRUCTURAL	call result of GetTimer			
48	84	v48_84	timer5	STRUCTURAL	call result of GetTimer			
48	85	v48_85	timer6	STRUCTURAL	call result of GetTimer			
48	86	v48_86	timer7	STRUCTURAL	call result of GetTimer			
48	88	v48_88	tonumber2	STRUCTURAL	call result of tonumber			
48	93	v48_93	stringFormat	STRUCTURAL	call result of string.format			
48	94	v48_94	stringFormat2	STRUCTURAL	call result of string.format			
48	95	v48_95	stringFormat3	STRUCTURAL	call result of string.format			
48	96	v48_96	stringFormat4	STRUCTURAL	call result of string.format			
48	97	v48_97	stringFormat5	STRUCTURAL	call result of string.format			
48	99	v48_99	tostring5	STRUCTURAL	call result of tostring			
48	104	v48_104	power	STRUCTURAL	call result of GetPower			
48	105	v48_105	power2	STRUCTURAL	call result of GetPower			
48	106	v48_106	power3	STRUCTURAL	call result of GetPower			
48	107	v48_107	power4	STRUCTURAL	call result of GetPower			
48	108	v48_108	power5	STRUCTURAL	call result of GetPower			
48	109	v48_109	power6	STRUCTURAL	call result of GetPower			
48	111	v48_111	tonumber3	STRUCTURAL	call result of tonumber			
48	116	v48_116	stringFormat6	STRUCTURAL	call result of string.format			
48	117	v48_117	stringFormat7	STRUCTURAL	call result of string.format			
48	118	v48_118	stringFormat8	STRUCTURAL	call result of string.format			
48	119	v48_119	stringFormat9	STRUCTURAL	call result of string.format			
48	121	v48_121	tostring6	STRUCTURAL	call result of tostring			
48	123	v48_123	agentOrEngineObject	CORPUS_CATALOG	semantic-sdk:lua:method:AgentOrEngineObject:GetAvatar; confidence=OBSERVED_STABLE_ARGS; status=CATALOG_ONLY; evidence=; receiver of GetAvatar	AgentOrEngineObject	CORPUS_CATALOG	semantic-sdk:lua:method:AgentOrEngineObject:GetAvatar; confidence=OBSERVED_STABLE_ARGS; status=CATALOG_ONLY; evidence=; receiver of GetAvatar
48	130	v48_130	region	STRUCTURAL	exact engine global gRegion	Region	API_CONTRACT	semantic-sdk:lua:method:Region:GetLocalPlayerAvatar; confidence=LIVE_CONFIRMED; status=CONFIRMED; evidence=WF-LIVE-OCTAVIA-FLOAT-2026-08-27;WF-STOCK-GRAVITY-PAIR-CENSUS; receiver of GetLocalPlayerAvatar
48	133	v48_133	avatar_ref_or_null_unresolved	API_CONTRACT	semantic-sdk:lua:method:Region:GetLocalPlayerAvatar; confidence=LIVE_CONFIRMED; status=CONFIRMED; evidence=WF-LIVE-OCTAVIA-FLOAT-2026-08-27;WF-STOCK-GRAVITY-PAIR-CENSUS; result of GetLocalPlayerAvatar	Avatar_ref_or_null_unresolved	API_CONTRACT	semantic-sdk:lua:method:Region:GetLocalPlayerAvatar; confidence=LIVE_CONFIRMED; status=CONFIRMED; evidence=WF-LIVE-OCTAVIA-FLOAT-2026-08-27;WF-STOCK-GRAVITY-PAIR-CENSUS; result of GetLocalPlayerAvatar
48	134	v48_134	value3	API_CONTRACT	semantic-sdk:lua:global_function:_GLOBAL:IsNull; confidence=STOCK_BYTECODE; status=CONFIRMED; evidence=WF-STOCK-BARD-BOXLOOP; argument 0 of IsNull			
48	136	v48_136	isNull3	API_CONTRACT	semantic-sdk:lua:global_function:_GLOBAL:IsNull; confidence=STOCK_BYTECODE; status=CONFIRMED; evidence=WF-STOCK-BARD-BOXLOOP; result of IsNull	boolean	API_CONTRACT	semantic-sdk:lua:global_function:_GLOBAL:IsNull; confidence=STOCK_BYTECODE; status=CONFIRMED; evidence=WF-STOCK-BARD-BOXLOOP; result of IsNull
48	137	v48_137	region2	STRUCTURAL	exact engine global gRegion	Region	EXACT_EXPORT	exact engine global gRegion
48	140	v48_140	typeValue	STRUCTURAL	call result of Type			
48	143	v48_143	vector3	CORPUS_CATALOG	semantic-sdk:lua:method:AvatarOrEntity:GetSimPosition; confidence=OBSERVED_STABLE_ARGS; status=CATALOG_ONLY; evidence=; result of GetSimPosition	Vector3	CORPUS_CATALOG	semantic-sdk:lua:method:AvatarOrEntity:GetSimPosition; confidence=OBSERVED_STABLE_ARGS; status=CATALOG_ONLY; evidence=; result of GetSimPosition
48	146	v48_146	rotation	CORPUS_CATALOG	semantic-sdk:lua:method:AvatarOrEntity:GetSimRotation; confidence=OBSERVED_STABLE_ARGS; status=CATALOG_ONLY; evidence=; result of GetSimRotation	Rotation	CORPUS_CATALOG	semantic-sdk:lua:method:AvatarOrEntity:GetSimRotation; confidence=OBSERVED_STABLE_ARGS; status=CATALOG_ONLY; evidence=; result of GetSimRotation
48	147	v48_147	rotation2	CORPUS_CATALOG	semantic-sdk:lua:method:AvatarOrEntity:GetSimRotation; confidence=OBSERVED_STABLE_ARGS; status=CATALOG_ONLY; evidence=; result of GetSimRotation	Rotation	CORPUS_CATALOG	semantic-sdk:lua:method:AvatarOrEntity:GetSimRotation; confidence=OBSERVED_STABLE_ARGS; status=CATALOG_ONLY; evidence=; result of GetSimRotation
48	148	v48_148	rotation3	CORPUS_CATALOG	semantic-sdk:lua:method:AvatarOrEntity:GetSimRotation; confidence=OBSERVED_STABLE_ARGS; status=CATALOG_ONLY; evidence=; result of GetSimRotation	Rotation	CORPUS_CATALOG	semantic-sdk:lua:method:AvatarOrEntity:GetSimRotation; confidence=OBSERVED_STABLE_ARGS; status=CATALOG_ONLY; evidence=; result of GetSimRotation
48	149	v48_149	rotation4	CORPUS_CATALOG	semantic-sdk:lua:method:AvatarOrEntity:GetSimRotation; confidence=OBSERVED_STABLE_ARGS; status=CATALOG_ONLY; evidence=; result of GetSimRotation	Rotation	CORPUS_CATALOG	semantic-sdk:lua:method:AvatarOrEntity:GetSimRotation; confidence=OBSERVED_STABLE_ARGS; status=CATALOG_ONLY; evidence=; result of GetSimRotation
48	150	v48_150	rotation5	CORPUS_CATALOG	semantic-sdk:lua:method:AvatarOrEntity:GetSimRotation; confidence=OBSERVED_STABLE_ARGS; status=CATALOG_ONLY; evidence=; result of GetSimRotation	Rotation	CORPUS_CATALOG	semantic-sdk:lua:method:AvatarOrEntity:GetSimRotation; confidence=OBSERVED_STABLE_ARGS; status=CATALOG_ONLY; evidence=; result of GetSimRotation
48	151	v48_151	rotation6	CORPUS_CATALOG	semantic-sdk:lua:method:AvatarOrEntity:GetSimRotation; confidence=OBSERVED_STABLE_ARGS; status=CATALOG_ONLY; evidence=; result of GetSimRotation	Rotation	CORPUS_CATALOG	semantic-sdk:lua:method:AvatarOrEntity:GetSimRotation; confidence=OBSERVED_STABLE_ARGS; status=CATALOG_ONLY; evidence=; result of GetSimRotation
48	152	v48_152	rotation7	CORPUS_CATALOG	semantic-sdk:lua:method:AvatarOrEntity:GetSimRotation; confidence=OBSERVED_STABLE_ARGS; status=CATALOG_ONLY; evidence=; result of GetSimRotation	Rotation	CORPUS_CATALOG	semantic-sdk:lua:method:AvatarOrEntity:GetSimRotation; confidence=OBSERVED_STABLE_ARGS; status=CATALOG_ONLY; evidence=; result of GetSimRotation
48	153	v48_153	rotation8	CORPUS_CATALOG	semantic-sdk:lua:method:AvatarOrEntity:GetSimRotation; confidence=OBSERVED_STABLE_ARGS; status=CATALOG_ONLY; evidence=; result of GetSimRotation	Rotation	CORPUS_CATALOG	semantic-sdk:lua:method:AvatarOrEntity:GetSimRotation; confidence=OBSERVED_STABLE_ARGS; status=CATALOG_ONLY; evidence=; result of GetSimRotation
48	154	v48_154	rotation9	CORPUS_CATALOG	semantic-sdk:lua:method:AvatarOrEntity:GetSimRotation; confidence=OBSERVED_STABLE_ARGS; status=CATALOG_ONLY; evidence=; result of GetSimRotation	Rotation	CORPUS_CATALOG	semantic-sdk:lua:method:AvatarOrEntity:GetSimRotation; confidence=OBSERVED_STABLE_ARGS; status=CATALOG_ONLY; evidence=; result of GetSimRotation
48	158	v48_158	tooltipExValue	STRUCTURAL	field read TooltipEx			
48	177	v48_177	timer8	STRUCTURAL	call result of GetTimer			
48	193	v48_193	region3	STRUCTURAL	exact engine global gRegion	Region	API_CONTRACT	semantic-sdk:lua:method:Region:GetLocalPlayerAvatar; confidence=LIVE_CONFIRMED; status=CONFIRMED; evidence=WF-LIVE-OCTAVIA-FLOAT-2026-08-27;WF-STOCK-GRAVITY-PAIR-CENSUS; receiver of GetLocalPlayerAvatar
48	196	v48_196	avatar_ref_or_null_unresolved2	API_CONTRACT	semantic-sdk:lua:method:Region:GetLocalPlayerAvatar; confidence=LIVE_CONFIRMED; status=CONFIRMED; evidence=WF-LIVE-OCTAVIA-FLOAT-2026-08-27;WF-STOCK-GRAVITY-PAIR-CENSUS; result of GetLocalPlayerAvatar	Avatar_ref_or_null_unresolved	API_CONTRACT	semantic-sdk:lua:method:Region:GetLocalPlayerAvatar; confidence=LIVE_CONFIRMED; status=CONFIRMED; evidence=WF-LIVE-OCTAVIA-FLOAT-2026-08-27;WF-STOCK-GRAVITY-PAIR-CENSUS; result of GetLocalPlayerAvatar
48	197	v48_197	value4	API_CONTRACT	semantic-sdk:lua:global_function:_GLOBAL:IsNull; confidence=STOCK_BYTECODE; status=CONFIRMED; evidence=WF-STOCK-BARD-BOXLOOP; argument 0 of IsNull			
48	199	v48_199	isNull4	API_CONTRACT	semantic-sdk:lua:global_function:_GLOBAL:IsNull; confidence=STOCK_BYTECODE; status=CONFIRMED; evidence=WF-STOCK-BARD-BOXLOOP; result of IsNull	boolean	API_CONTRACT	semantic-sdk:lua:global_function:_GLOBAL:IsNull; confidence=STOCK_BYTECODE; status=CONFIRMED; evidence=WF-STOCK-BARD-BOXLOOP; result of IsNull
48	201	v48_201	closestValue	STRUCTURAL	field read Closest			
48	205	v48_205	vector32	CORPUS_CATALOG	semantic-sdk:lua:method:AvatarOrEntity:GetPosition; confidence=OBSERVED_STABLE_ARGS; status=CATALOG_ONLY; evidence=; result of GetPosition	Vector3	CORPUS_CATALOG	semantic-sdk:lua:method:AvatarOrEntity:GetPosition; confidence=OBSERVED_STABLE_ARGS; status=CATALOG_ONLY; evidence=; result of GetPosition
48	206	v48_206	vector33	CORPUS_CATALOG	semantic-sdk:lua:method:AvatarOrEntity:GetPosition; confidence=OBSERVED_STABLE_ARGS; status=CATALOG_ONLY; evidence=; result of GetPosition	Vector3	CORPUS_CATALOG	semantic-sdk:lua:method:AvatarOrEntity:GetPosition; confidence=OBSERVED_STABLE_ARGS; status=CATALOG_ONLY; evidence=; result of GetPosition
48	207	v48_207	vector34	CORPUS_CATALOG	semantic-sdk:lua:method:AvatarOrEntity:GetPosition; confidence=OBSERVED_STABLE_ARGS; status=CATALOG_ONLY; evidence=; result of GetPosition	Vector3	CORPUS_CATALOG	semantic-sdk:lua:method:AvatarOrEntity:GetPosition; confidence=OBSERVED_STABLE_ARGS; status=CATALOG_ONLY; evidence=; result of GetPosition
48	208	v48_208	vector35	CORPUS_CATALOG	semantic-sdk:lua:method:AvatarOrEntity:GetPosition; confidence=OBSERVED_STABLE_ARGS; status=CATALOG_ONLY; evidence=; result of GetPosition	Vector3	CORPUS_CATALOG	semantic-sdk:lua:method:AvatarOrEntity:GetPosition; confidence=OBSERVED_STABLE_ARGS; status=CATALOG_ONLY; evidence=; result of GetPosition
48	209	v48_209	vector36	CORPUS_CATALOG	semantic-sdk:lua:method:AvatarOrEntity:GetPosition; confidence=OBSERVED_STABLE_ARGS; status=CATALOG_ONLY; evidence=; result of GetPosition	Vector3	CORPUS_CATALOG	semantic-sdk:lua:method:AvatarOrEntity:GetPosition; confidence=OBSERVED_STABLE_ARGS; status=CATALOG_ONLY; evidence=; result of GetPosition
48	210	v48_210	vector37	CORPUS_CATALOG	semantic-sdk:lua:method:AvatarOrEntity:GetPosition; confidence=OBSERVED_STABLE_ARGS; status=CATALOG_ONLY; evidence=; result of GetPosition	Vector3	CORPUS_CATALOG	semantic-sdk:lua:method:AvatarOrEntity:GetPosition; confidence=OBSERVED_STABLE_ARGS; status=CATALOG_ONLY; evidence=; result of GetPosition
48	211	v48_211	vector38	CORPUS_CATALOG	semantic-sdk:lua:method:AvatarOrEntity:GetPosition; confidence=OBSERVED_STABLE_ARGS; status=CATALOG_ONLY; evidence=; result of GetPosition	Vector3	CORPUS_CATALOG	semantic-sdk:lua:method:AvatarOrEntity:GetPosition; confidence=OBSERVED_STABLE_ARGS; status=CATALOG_ONLY; evidence=; result of GetPosition
48	212	v48_212	vector39	CORPUS_CATALOG	semantic-sdk:lua:method:AvatarOrEntity:GetPosition; confidence=OBSERVED_STABLE_ARGS; status=CATALOG_ONLY; evidence=; result of GetPosition	Vector3	CORPUS_CATALOG	semantic-sdk:lua:method:AvatarOrEntity:GetPosition; confidence=OBSERVED_STABLE_ARGS; status=CATALOG_ONLY; evidence=; result of GetPosition
48	213	v48_213	vector310	CORPUS_CATALOG	semantic-sdk:lua:method:AvatarOrEntity:GetPosition; confidence=OBSERVED_STABLE_ARGS; status=CATALOG_ONLY; evidence=; result of GetPosition	Vector3	CORPUS_CATALOG	semantic-sdk:lua:method:AvatarOrEntity:GetPosition; confidence=OBSERVED_STABLE_ARGS; status=CATALOG_ONLY; evidence=; result of GetPosition
48	214	v48_214	vector311	CORPUS_CATALOG	semantic-sdk:lua:method:AvatarOrEntity:GetPosition; confidence=OBSERVED_STABLE_ARGS; status=CATALOG_ONLY; evidence=; result of GetPosition	Vector3	CORPUS_CATALOG	semantic-sdk:lua:method:AvatarOrEntity:GetPosition; confidence=OBSERVED_STABLE_ARGS; status=CATALOG_ONLY; evidence=; result of GetPosition
48	215	v48_215	closest	STRUCTURAL	call result of Closest	AvatarOrEntity	CORPUS_CATALOG	semantic-sdk:lua:method:AvatarOrEntity:GetPosition; confidence=OBSERVED_STABLE_ARGS; status=CATALOG_ONLY; evidence=; receiver of GetPosition
48	216	v48_216	value5	API_CONTRACT	semantic-sdk:lua:global_function:_GLOBAL:IsNull; confidence=STOCK_BYTECODE; status=CONFIRMED; evidence=WF-STOCK-BARD-BOXLOOP; argument 0 of IsNull			
48	218	v48_218	isNull5	API_CONTRACT	semantic-sdk:lua:global_function:_GLOBAL:IsNull; confidence=STOCK_BYTECODE; status=CONFIRMED; evidence=WF-STOCK-BARD-BOXLOOP; result of IsNull	boolean	API_CONTRACT	semantic-sdk:lua:global_function:_GLOBAL:IsNull; confidence=STOCK_BYTECODE; status=CONFIRMED; evidence=WF-STOCK-BARD-BOXLOOP; result of IsNull
48	219	v48_219	region4	STRUCTURAL	exact engine global gRegion	Region	EXACT_EXPORT	exact engine global gRegion
48	223	v48_223	tagged	STRUCTURAL	call result of FindTagged			
48	227	v48_227	engineObject	CORPUS_CATALOG	semantic-sdk:lua:method:EngineObject:IsEnabled; confidence=OBSERVED_STABLE_SHAPE; status=CATALOG_ONLY; evidence=; receiver of IsEnabled	EngineObject	CORPUS_CATALOG	semantic-sdk:lua:method:EngineObject:IsEnabled; confidence=OBSERVED_STABLE_SHAPE; status=CATALOG_ONLY; evidence=; receiver of IsEnabled
48	230	v48_230	isEnabled	CORPUS_CATALOG	semantic-sdk:lua:method:EngineObject:IsEnabled; confidence=OBSERVED_STABLE_SHAPE; status=CATALOG_ONLY; evidence=; result of IsEnabled	boolean	CORPUS_CATALOG	semantic-sdk:lua:method:EngineObject:IsEnabled; confidence=OBSERVED_STABLE_SHAPE; status=CATALOG_ONLY; evidence=; result of IsEnabled
48	235	v48_235	closestValue2	STRUCTURAL	field read Closest			
48	239	v48_239	vector312	CORPUS_CATALOG	semantic-sdk:lua:method:AvatarOrEntity:GetPosition; confidence=OBSERVED_STABLE_ARGS; status=CATALOG_ONLY; evidence=; result of GetPosition	Vector3	CORPUS_CATALOG	semantic-sdk:lua:method:AvatarOrEntity:GetPosition; confidence=OBSERVED_STABLE_ARGS; status=CATALOG_ONLY; evidence=; result of GetPosition
48	240	v48_240	vector313	CORPUS_CATALOG	semantic-sdk:lua:method:AvatarOrEntity:GetPosition; confidence=OBSERVED_STABLE_ARGS; status=CATALOG_ONLY; evidence=; result of GetPosition	Vector3	CORPUS_CATALOG	semantic-sdk:lua:method:AvatarOrEntity:GetPosition; confidence=OBSERVED_STABLE_ARGS; status=CATALOG_ONLY; evidence=; result of GetPosition
48	241	v48_241	vector314	CORPUS_CATALOG	semantic-sdk:lua:method:AvatarOrEntity:GetPosition; confidence=OBSERVED_STABLE_ARGS; status=CATALOG_ONLY; evidence=; result of GetPosition	Vector3	CORPUS_CATALOG	semantic-sdk:lua:method:AvatarOrEntity:GetPosition; confidence=OBSERVED_STABLE_ARGS; status=CATALOG_ONLY; evidence=; result of GetPosition
48	242	v48_242	vector315	CORPUS_CATALOG	semantic-sdk:lua:method:AvatarOrEntity:GetPosition; confidence=OBSERVED_STABLE_ARGS; status=CATALOG_ONLY; evidence=; result of GetPosition	Vector3	CORPUS_CATALOG	semantic-sdk:lua:method:AvatarOrEntity:GetPosition; confidence=OBSERVED_STABLE_ARGS; status=CATALOG_ONLY; evidence=; result of GetPosition
48	243	v48_243	vector316	CORPUS_CATALOG	semantic-sdk:lua:method:AvatarOrEntity:GetPosition; confidence=OBSERVED_STABLE_ARGS; status=CATALOG_ONLY; evidence=; result of GetPosition	Vector3	CORPUS_CATALOG	semantic-sdk:lua:method:AvatarOrEntity:GetPosition; confidence=OBSERVED_STABLE_ARGS; status=CATALOG_ONLY; evidence=; result of GetPosition
48	244	v48_244	vector317	CORPUS_CATALOG	semantic-sdk:lua:method:AvatarOrEntity:GetPosition; confidence=OBSERVED_STABLE_ARGS; status=CATALOG_ONLY; evidence=; result of GetPosition	Vector3	CORPUS_CATALOG	semantic-sdk:lua:method:AvatarOrEntity:GetPosition; confidence=OBSERVED_STABLE_ARGS; status=CATALOG_ONLY; evidence=; result of GetPosition
48	245	v48_245	vector318	CORPUS_CATALOG	semantic-sdk:lua:method:AvatarOrEntity:GetPosition; confidence=OBSERVED_STABLE_ARGS; status=CATALOG_ONLY; evidence=; result of GetPosition	Vector3	CORPUS_CATALOG	semantic-sdk:lua:method:AvatarOrEntity:GetPosition; confidence=OBSERVED_STABLE_ARGS; status=CATALOG_ONLY; evidence=; result of GetPosition
48	246	v48_246	vector319	CORPUS_CATALOG	semantic-sdk:lua:method:AvatarOrEntity:GetPosition; confidence=OBSERVED_STABLE_ARGS; status=CATALOG_ONLY; evidence=; result of GetPosition	Vector3	CORPUS_CATALOG	semantic-sdk:lua:method:AvatarOrEntity:GetPosition; confidence=OBSERVED_STABLE_ARGS; status=CATALOG_ONLY; evidence=; result of GetPosition
48	247	v48_247	closest2	STRUCTURAL	call result of Closest			
48	248	v48_248	value6	API_CONTRACT	semantic-sdk:lua:global_function:_GLOBAL:IsNull; confidence=STOCK_BYTECODE; status=CONFIRMED; evidence=WF-STOCK-BARD-BOXLOOP; argument 0 of IsNull			
48	250	v48_250	isNull6	API_CONTRACT	semantic-sdk:lua:global_function:_GLOBAL:IsNull; confidence=STOCK_BYTECODE; status=CONFIRMED; evidence=WF-STOCK-BARD-BOXLOOP; result of IsNull	boolean	API_CONTRACT	semantic-sdk:lua:global_function:_GLOBAL:IsNull; confidence=STOCK_BYTECODE; status=CONFIRMED; evidence=WF-STOCK-BARD-BOXLOOP; result of IsNull
48	251	v48_251	region5	STRUCTURAL	exact engine global gRegion	Region	EXACT_EXPORT	exact engine global gRegion
48	254	v48_254	npcManager	CORPUS_CATALOG	semantic-sdk:lua:method:Region:GetNpcMgr; confidence=OBSERVED_STABLE_SHAPE; status=CATALOG_ONLY; evidence=; result of GetNpcMgr	NpcManager	CORPUS_CATALOG	semantic-sdk:lua:method:Region:GetNpcMgr; confidence=OBSERVED_STABLE_SHAPE; status=CATALOG_ONLY; evidence=; result of GetNpcMgr
48	257	v48_257	aiDirector	CORPUS_CATALOG	semantic-sdk:lua:method:Region:GetAiDirector; confidence=OBSERVED_STABLE_SHAPE; status=CATALOG_ONLY; evidence=; result of GetAiDirector	AiDirector	CORPUS_CATALOG	semantic-sdk:lua:method:Region:GetAiDirector; confidence=OBSERVED_STABLE_SHAPE; status=CATALOG_ONLY; evidence=; result of GetAiDirector
48	260	v48_260	vector320	CORPUS_CATALOG	semantic-sdk:lua:method:AvatarOrEntity:GetPosition; confidence=OBSERVED_STABLE_ARGS; status=CATALOG_ONLY; evidence=; result of GetPosition	Vector3	CORPUS_CATALOG	semantic-sdk:lua:method:AvatarOrEntity:GetPosition; confidence=OBSERVED_STABLE_ARGS; status=CATALOG_ONLY; evidence=; result of GetPosition
48	267	v48_267	randomPointInRangeOnNav	STRUCTURAL	call result of GetRandomPointInRangeOnNav			
48	269	v48_269	zeroRotation	STRUCTURAL	exact engine global ZERO_ROTATION			
49	2	v49_2	require2	STRUCTURAL	call result of require			
49	5	v49_5	require3	STRUCTURAL	call result of require			
49	8	v49_8	require4	STRUCTURAL	call result of require			
49	11	v49_11	require5	STRUCTURAL	call result of require			
49	14	v49_14	require6	STRUCTURAL	call result of require			
49	17	v49_17	require7	STRUCTURAL	call result of require			
49	20	v49_20	require8	STRUCTURAL	call result of require			
49	23	v49_23	require9	STRUCTURAL	call result of require			
49	26	v49_26	require10	STRUCTURAL	call result of require			
49	31	v49_31	tableValue	STRUCTURAL	verified NEWTABLE value			
49	34	v49_34	tableValue2	STRUCTURAL	verified NEWTABLE value			
49	39	v49_39	tableValue3	STRUCTURAL	verified NEWTABLE value			
49	44	v49_44	tableValue4	STRUCTURAL	verified NEWTABLE value			
49	49	v49_49	tableValue5	STRUCTURAL	verified NEWTABLE value			
49	54	v49_54	tableValue6	STRUCTURAL	verified NEWTABLE value			
49	59	v49_59	tableValue7	STRUCTURAL	verified NEWTABLE value			
49	74	v49_74	symbol	STRUCTURAL	call result of Symbol			
49	77	v49_77	symbol2	STRUCTURAL	call result of Symbol			
49	80	v49_80	symbol3	STRUCTURAL	call result of Symbol			
49	83	v49_83	symbol4	STRUCTURAL	call result of Symbol			
49	86	v49_86	symbol5	STRUCTURAL	call result of Symbol			
49	89	v49_89	symbol6	STRUCTURAL	call result of Symbol			
49	92	v49_92	symbol7	STRUCTURAL	call result of Symbol			
49	95	v49_95	symbol8	STRUCTURAL	call result of Symbol			
49	98	v49_98	symbol9	STRUCTURAL	call result of Symbol			
49	101	v49_101	symbol10	STRUCTURAL	call result of Symbol			
49	104	v49_104	symbol11	STRUCTURAL	call result of Symbol			
49	107	v49_107	symbol12	STRUCTURAL	call result of Symbol			
49	110	v49_110	symbol13	STRUCTURAL	call result of Symbol			
49	113	v49_113	symbol14	STRUCTURAL	call result of Symbol			
49	116	v49_116	symbol15	STRUCTURAL	call result of Symbol			
49	119	v49_119	symbol16	STRUCTURAL	call result of Symbol			
49	122	v49_122	symbol17	STRUCTURAL	call result of Symbol			
49	125	v49_125	symbol18	STRUCTURAL	call result of Symbol			
49	128	v49_128	symbol19	STRUCTURAL	call result of Symbol			
49	131	v49_131	symbol20	STRUCTURAL	call result of Symbol			
49	134	v49_134	symbol21	STRUCTURAL	call result of Symbol			
49	137	v49_137	symbol22	STRUCTURAL	call result of Symbol			
49	140	v49_140	symbol23	STRUCTURAL	call result of Symbol			
49	143	v49_143	symbol24	STRUCTURAL	call result of Symbol			
49	146	v49_146	symbol25	STRUCTURAL	call result of Symbol			
49	149	v49_149	symbol26	STRUCTURAL	call result of Symbol			
49	152	v49_152	symbol27	STRUCTURAL	call result of Symbol			
49	155	v49_155	symbol28	STRUCTURAL	call result of Symbol			
49	158	v49_158	symbol29	STRUCTURAL	call result of Symbol			
49	161	v49_161	symbol30	STRUCTURAL	call result of Symbol			
49	164	v49_164	symbol31	STRUCTURAL	call result of Symbol			
49	167	v49_167	symbol32	STRUCTURAL	call result of Symbol			
49	170	v49_170	symbol33	STRUCTURAL	call result of Symbol			
49	173	v49_173	symbol34	STRUCTURAL	call result of Symbol			
49	176	v49_176	symbol35	STRUCTURAL	call result of Symbol			
49	179	v49_179	symbol36	STRUCTURAL	call result of Symbol			
49	182	v49_182	symbol37	STRUCTURAL	call result of Symbol			
49	185	v49_185	symbol38	STRUCTURAL	call result of Symbol			
49	188	v49_188	symbol39	STRUCTURAL	call result of Symbol			
49	192	v49_192	symbol40	STRUCTURAL	call result of Symbol			
49	195	v49_195	symbol41	STRUCTURAL	call result of Symbol			
49	198	v49_198	symbol42	STRUCTURAL	call result of Symbol			
49	201	v49_201	symbol43	STRUCTURAL	call result of Symbol			
49	204	v49_204	typeValue	STRUCTURAL	call result of Type			
49	211	v49_211	symbol44	STRUCTURAL	call result of Symbol			
49	217	v49_217	resource	STRUCTURAL	call result of Resource			
49	220	v49_220	symbol45	STRUCTURAL	call result of Symbol			
49	223	v49_223	weakResource	STRUCTURAL	call result of WeakResource			
49	226	v49_226	weakResource2	STRUCTURAL	call result of WeakResource			
49	229	v49_229	weakResource3	STRUCTURAL	call result of WeakResource			
49	232	v49_232	weakResource4	STRUCTURAL	call result of WeakResource			
49	239	v49_239	showExcavationFXFunction	EXACT_EXPORT	global store ShowExcavationFX			
49	268	v49_268	excavationFunction	EXACT_EXPORT	global store Excavation			
49	269	v49_269	excavationHUDFunction	EXACT_EXPORT	global store ExcavationHUD			
49	273	v49_273	scannerFunction	EXACT_EXPORT	global store Scanner			
49	276	v49_276	excavatorAvatarFunction	EXACT_EXPORT	global store ExcavatorAvatar			
49	277	v49_277	endMissionFunction	EXACT_EXPORT	global store EndMission			
49	278	v49_278	hostMigrationInitFunction	EXACT_EXPORT	global store HostMigrationInit			
49	279	v49_279	batteryBeamFunction	EXACT_EXPORT	global store BatteryBeam			
49	280	v49_280	onExcavatorDeathFunction	EXACT_EXPORT	global store OnExcavatorDeath			
49	281	v49_281	imGuiDebugFunction	EXACT_EXPORT	global store ImGuiDebug			
