prototype	web	canonical	readable	confidence	evidence	semantic_type	type_confidence	type_evidence
0	1	v0_1	tableValue	STRUCTURAL	verified NEWTABLE value			
0	3	v0_3	tableValue2	STRUCTURAL	verified NEWTABLE value			
0	4	v0_4	tableValue3	STRUCTURAL	verified NEWTABLE value			
0	8	v0_8	tableValue4	STRUCTURAL	verified NEWTABLE value			
0	12	v0_12	tableValue5	STRUCTURAL	verified NEWTABLE value			
0	16	v0_16	tableValue6	STRUCTURAL	verified NEWTABLE value			
0	20	v0_20	tableValue7	STRUCTURAL	verified NEWTABLE value			
0	24	v0_24	tableValue8	STRUCTURAL	verified NEWTABLE value			
0	25	v0_25	tableValue9	STRUCTURAL	verified NEWTABLE value			
0	29	v0_29	tableValue10	STRUCTURAL	verified NEWTABLE value			
0	33	v0_33	tableValue11	STRUCTURAL	verified NEWTABLE value			
0	37	v0_37	tableValue12	STRUCTURAL	verified NEWTABLE value			
0	41	v0_41	tableValue13	STRUCTURAL	verified NEWTABLE value			
0	45	v0_45	tableValue14	STRUCTURAL	verified NEWTABLE value			
0	49	v0_49	maxAiValue	STRUCTURAL	field read maxAi			
0	51	v0_51	tableValue15	STRUCTURAL	verified NEWTABLE value			
0	55	v0_55	tableValue16	STRUCTURAL	verified NEWTABLE value			
0	60	v0_60	tableValue17	STRUCTURAL	verified NEWTABLE value			
0	65	v0_65	tableValue18	STRUCTURAL	verified NEWTABLE value			
0	70	v0_70	tableValue19	STRUCTURAL	verified NEWTABLE value			
0	75	v0_75	tableValue20	STRUCTURAL	verified NEWTABLE value			
0	80	v0_80	tableValue21	STRUCTURAL	verified NEWTABLE value			
0	85	v0_85	tableValue22	STRUCTURAL	verified NEWTABLE value			
0	90	v0_90	tableValue23	STRUCTURAL	verified NEWTABLE value			
0	97	v0_97	tableValue24	STRUCTURAL	verified NEWTABLE value			
0	98	v0_98	tableValue25	STRUCTURAL	verified NEWTABLE value			
0	102	v0_102	tableValue26	STRUCTURAL	verified NEWTABLE value			
0	106	v0_106	tableValue27	STRUCTURAL	verified NEWTABLE value			
0	110	v0_110	tableValue28	STRUCTURAL	verified NEWTABLE value			
0	114	v0_114	tableValue29	STRUCTURAL	verified NEWTABLE value			
0	118	v0_118	tableValue30	STRUCTURAL	verified NEWTABLE value			
0	119	v0_119	tableValue31	STRUCTURAL	verified NEWTABLE value			
0	123	v0_123	tableValue32	STRUCTURAL	verified NEWTABLE value			
0	127	v0_127	tableValue33	STRUCTURAL	verified NEWTABLE value			
0	131	v0_131	tableValue34	STRUCTURAL	verified NEWTABLE value			
0	135	v0_135	tableValue35	STRUCTURAL	verified NEWTABLE value			
0	139	v0_139	tableValue36	STRUCTURAL	verified NEWTABLE value			
0	143	v0_143	maxAiValue2	STRUCTURAL	field read maxAi			
0	145	v0_145	tableValue37	STRUCTURAL	verified NEWTABLE value			
0	149	v0_149	tableValue38	STRUCTURAL	verified NEWTABLE value			
0	154	v0_154	tableValue39	STRUCTURAL	verified NEWTABLE value			
0	159	v0_159	tableValue40	STRUCTURAL	verified NEWTABLE value			
0	164	v0_164	tableValue41	STRUCTURAL	verified NEWTABLE value			
0	169	v0_169	tableValue42	STRUCTURAL	verified NEWTABLE value			
0	174	v0_174	tableValue43	STRUCTURAL	verified NEWTABLE value			
0	179	v0_179	tableValue44	STRUCTURAL	verified NEWTABLE value			
0	184	v0_184	tableValue45	STRUCTURAL	verified NEWTABLE value			
0	191	v0_191	tableValue46	STRUCTURAL	verified NEWTABLE value			
0	192	v0_192	tableValue47	STRUCTURAL	verified NEWTABLE value			
0	196	v0_196	tableValue48	STRUCTURAL	verified NEWTABLE value			
0	200	v0_200	tableValue49	STRUCTURAL	verified NEWTABLE value			
0	204	v0_204	tableValue50	STRUCTURAL	verified NEWTABLE value			
0	208	v0_208	tableValue51	STRUCTURAL	verified NEWTABLE value			
0	212	v0_212	tableValue52	STRUCTURAL	verified NEWTABLE value			
0	213	v0_213	tableValue53	STRUCTURAL	verified NEWTABLE value			
0	217	v0_217	tableValue54	STRUCTURAL	verified NEWTABLE value			
0	221	v0_221	tableValue55	STRUCTURAL	verified NEWTABLE value			
0	225	v0_225	tableValue56	STRUCTURAL	verified NEWTABLE value			
0	229	v0_229	tableValue57	STRUCTURAL	verified NEWTABLE value			
0	233	v0_233	tableValue58	STRUCTURAL	verified NEWTABLE value			
0	237	v0_237	tierValue	STRUCTURAL	field read tier			
0	239	v0_239	tableValue59	STRUCTURAL	verified NEWTABLE value			
0	243	v0_243	tableValue60	STRUCTURAL	verified NEWTABLE value			
0	248	v0_248	tableValue61	STRUCTURAL	verified NEWTABLE value			
0	253	v0_253	tableValue62	STRUCTURAL	verified NEWTABLE value			
0	258	v0_258	tableValue63	STRUCTURAL	verified NEWTABLE value			
0	263	v0_263	tableValue64	STRUCTURAL	verified NEWTABLE value			
0	268	v0_268	tableValue65	STRUCTURAL	verified NEWTABLE value			
0	273	v0_273	tableValue66	STRUCTURAL	verified NEWTABLE value			
0	278	v0_278	tableValue67	STRUCTURAL	verified NEWTABLE value			
0	287	v0_287	tableValue68	STRUCTURAL	verified NEWTABLE value			
0	288	v0_288	tableValue69	STRUCTURAL	verified NEWTABLE value			
0	292	v0_292	tableValue70	STRUCTURAL	verified NEWTABLE value			
0	296	v0_296	tableValue71	STRUCTURAL	verified NEWTABLE value			
0	300	v0_300	tableValue72	STRUCTURAL	verified NEWTABLE value			
0	304	v0_304	tableValue73	STRUCTURAL	verified NEWTABLE value			
0	308	v0_308	tableValue74	STRUCTURAL	verified NEWTABLE value			
0	309	v0_309	tableValue75	STRUCTURAL	verified NEWTABLE value			
0	313	v0_313	tableValue76	STRUCTURAL	verified NEWTABLE value			
0	317	v0_317	tableValue77	STRUCTURAL	verified NEWTABLE value			
0	321	v0_321	tableValue78	STRUCTURAL	verified NEWTABLE value			
0	325	v0_325	tableValue79	STRUCTURAL	verified NEWTABLE value			
0	329	v0_329	tableValue80	STRUCTURAL	verified NEWTABLE value			
0	333	v0_333	maxAiValue3	STRUCTURAL	field read maxAi			
0	335	v0_335	tableValue81	STRUCTURAL	verified NEWTABLE value			
0	339	v0_339	tableValue82	STRUCTURAL	verified NEWTABLE value			
0	344	v0_344	tableValue83	STRUCTURAL	verified NEWTABLE value			
0	349	v0_349	tableValue84	STRUCTURAL	verified NEWTABLE value			
0	354	v0_354	tableValue85	STRUCTURAL	verified NEWTABLE value			
0	359	v0_359	tableValue86	STRUCTURAL	verified NEWTABLE value			
0	364	v0_364	tableValue87	STRUCTURAL	verified NEWTABLE value			
0	369	v0_369	tableValue88	STRUCTURAL	verified NEWTABLE value			
0	374	v0_374	tableValue89	STRUCTURAL	verified NEWTABLE value			
0	380	v0_380	tableValue90	STRUCTURAL	verified NEWTABLE value			
0	381	v0_381	tableValue91	STRUCTURAL	verified NEWTABLE value			
0	385	v0_385	tableValue92	STRUCTURAL	verified NEWTABLE value			
0	389	v0_389	tableValue93	STRUCTURAL	verified NEWTABLE value			
0	393	v0_393	tableValue94	STRUCTURAL	verified NEWTABLE value			
0	397	v0_397	tableValue95	STRUCTURAL	verified NEWTABLE value			
0	401	v0_401	tableValue96	STRUCTURAL	verified NEWTABLE value			
0	402	v0_402	tableValue97	STRUCTURAL	verified NEWTABLE value			
0	406	v0_406	tableValue98	STRUCTURAL	verified NEWTABLE value			
0	410	v0_410	tableValue99	STRUCTURAL	verified NEWTABLE value			
0	414	v0_414	tableValue100	STRUCTURAL	verified NEWTABLE value			
0	418	v0_418	tableValue101	STRUCTURAL	verified NEWTABLE value			
0	422	v0_422	tableValue102	STRUCTURAL	verified NEWTABLE value			
0	426	v0_426	maxAiValue4	STRUCTURAL	field read maxAi			
0	428	v0_428	tableValue103	STRUCTURAL	verified NEWTABLE value			
0	432	v0_432	tableValue104	STRUCTURAL	verified NEWTABLE value			
0	437	v0_437	tableValue105	STRUCTURAL	verified NEWTABLE value			
0	442	v0_442	tableValue106	STRUCTURAL	verified NEWTABLE value			
0	447	v0_447	tableValue107	STRUCTURAL	verified NEWTABLE value			
0	452	v0_452	tableValue108	STRUCTURAL	verified NEWTABLE value			
0	457	v0_457	tableValue109	STRUCTURAL	verified NEWTABLE value			
0	462	v0_462	tableValue110	STRUCTURAL	verified NEWTABLE value			
0	467	v0_467	tableValue111	STRUCTURAL	verified NEWTABLE value			
0	475	v0_475	tableValue112	STRUCTURAL	verified NEWTABLE value			
0	476	v0_476	tableValue113	STRUCTURAL	verified NEWTABLE value			
0	480	v0_480	tableValue114	STRUCTURAL	verified NEWTABLE value			
0	484	v0_484	tableValue115	STRUCTURAL	verified NEWTABLE value			
0	488	v0_488	tableValue116	STRUCTURAL	verified NEWTABLE value			
0	492	v0_492	tableValue117	STRUCTURAL	verified NEWTABLE value			
0	496	v0_496	tableValue118	STRUCTURAL	verified NEWTABLE value			
0	497	v0_497	tableValue119	STRUCTURAL	verified NEWTABLE value			
0	501	v0_501	tableValue120	STRUCTURAL	verified NEWTABLE value			
0	505	v0_505	tableValue121	STRUCTURAL	verified NEWTABLE value			
0	509	v0_509	tableValue122	STRUCTURAL	verified NEWTABLE value			
0	513	v0_513	tableValue123	STRUCTURAL	verified NEWTABLE value			
0	517	v0_517	tableValue124	STRUCTURAL	verified NEWTABLE value			
0	521	v0_521	maxAiValue5	STRUCTURAL	field read maxAi			
0	523	v0_523	tableValue125	STRUCTURAL	verified NEWTABLE value			
0	527	v0_527	tableValue126	STRUCTURAL	verified NEWTABLE value			
0	532	v0_532	tableValue127	STRUCTURAL	verified NEWTABLE value			
0	537	v0_537	tableValue128	STRUCTURAL	verified NEWTABLE value			
0	542	v0_542	tableValue129	STRUCTURAL	verified NEWTABLE value			
0	547	v0_547	tableValue130	STRUCTURAL	verified NEWTABLE value			
0	552	v0_552	tableValue131	STRUCTURAL	verified NEWTABLE value			
0	557	v0_557	tableValue132	STRUCTURAL	verified NEWTABLE value			
0	562	v0_562	tableValue133	STRUCTURAL	verified NEWTABLE value			
0	570	v0_570	tableValue134	STRUCTURAL	verified NEWTABLE value			
0	571	v0_571	tableValue135	STRUCTURAL	verified NEWTABLE value			
0	575	v0_575	tableValue136	STRUCTURAL	verified NEWTABLE value			
0	579	v0_579	tableValue137	STRUCTURAL	verified NEWTABLE value			
0	583	v0_583	tableValue138	STRUCTURAL	verified NEWTABLE value			
0	587	v0_587	tableValue139	STRUCTURAL	verified NEWTABLE value			
0	591	v0_591	tableValue140	STRUCTURAL	verified NEWTABLE value			
0	592	v0_592	tableValue141	STRUCTURAL	verified NEWTABLE value			
0	596	v0_596	tableValue142	STRUCTURAL	verified NEWTABLE value			
0	600	v0_600	tableValue143	STRUCTURAL	verified NEWTABLE value			
0	604	v0_604	tableValue144	STRUCTURAL	verified NEWTABLE value			
0	608	v0_608	tableValue145	STRUCTURAL	verified NEWTABLE value			
0	612	v0_612	tableValue146	STRUCTURAL	verified NEWTABLE value			
0	616	v0_616	maxAiValue6	STRUCTURAL	field read maxAi			
0	618	v0_618	tableValue147	STRUCTURAL	verified NEWTABLE value			
0	622	v0_622	tableValue148	STRUCTURAL	verified NEWTABLE value			
0	627	v0_627	tableValue149	STRUCTURAL	verified NEWTABLE value			
0	632	v0_632	tableValue150	STRUCTURAL	verified NEWTABLE value			
0	637	v0_637	tableValue151	STRUCTURAL	verified NEWTABLE value			
0	642	v0_642	tableValue152	STRUCTURAL	verified NEWTABLE value			
0	647	v0_647	tableValue153	STRUCTURAL	verified NEWTABLE value			
0	652	v0_652	tableValue154	STRUCTURAL	verified NEWTABLE value			
0	657	v0_657	tableValue155	STRUCTURAL	verified NEWTABLE value			
0	665	v0_665	tableValue156	STRUCTURAL	verified NEWTABLE value			
0	666	v0_666	tableValue157	STRUCTURAL	verified NEWTABLE value			
0	670	v0_670	tableValue158	STRUCTURAL	verified NEWTABLE value			
0	674	v0_674	tableValue159	STRUCTURAL	verified NEWTABLE value			
0	678	v0_678	tableValue160	STRUCTURAL	verified NEWTABLE value			
0	682	v0_682	tableValue161	STRUCTURAL	verified NEWTABLE value			
0	686	v0_686	tableValue162	STRUCTURAL	verified NEWTABLE value			
0	687	v0_687	tableValue163	STRUCTURAL	verified NEWTABLE value			
0	691	v0_691	tableValue164	STRUCTURAL	verified NEWTABLE value			
0	695	v0_695	tableValue165	STRUCTURAL	verified NEWTABLE value			
0	699	v0_699	tableValue166	STRUCTURAL	verified NEWTABLE value			
0	703	v0_703	tableValue167	STRUCTURAL	verified NEWTABLE value			
0	707	v0_707	tableValue168	STRUCTURAL	verified NEWTABLE value			
0	711	v0_711	maxAiValue7	STRUCTURAL	field read maxAi			
0	713	v0_713	tableValue169	STRUCTURAL	verified NEWTABLE value			
0	717	v0_717	tableValue170	STRUCTURAL	verified NEWTABLE value			
0	722	v0_722	tableValue171	STRUCTURAL	verified NEWTABLE value			
0	727	v0_727	tableValue172	STRUCTURAL	verified NEWTABLE value			
0	732	v0_732	tableValue173	STRUCTURAL	verified NEWTABLE value			
0	737	v0_737	tableValue174	STRUCTURAL	verified NEWTABLE value			
0	742	v0_742	tableValue175	STRUCTURAL	verified NEWTABLE value			
0	747	v0_747	tableValue176	STRUCTURAL	verified NEWTABLE value			
0	752	v0_752	tableValue177	STRUCTURAL	verified NEWTABLE value			
0	758	v0_758	tableValue178	STRUCTURAL	verified NEWTABLE value			
0	759	v0_759	tableValue179	STRUCTURAL	verified NEWTABLE value			
0	763	v0_763	tableValue180	STRUCTURAL	verified NEWTABLE value			
0	767	v0_767	tableValue181	STRUCTURAL	verified NEWTABLE value			
0	771	v0_771	tableValue182	STRUCTURAL	verified NEWTABLE value			
0	775	v0_775	tableValue183	STRUCTURAL	verified NEWTABLE value			
0	779	v0_779	tableValue184	STRUCTURAL	verified NEWTABLE value			
0	780	v0_780	tableValue185	STRUCTURAL	verified NEWTABLE value			
0	784	v0_784	tableValue186	STRUCTURAL	verified NEWTABLE value			
0	788	v0_788	tableValue187	STRUCTURAL	verified NEWTABLE value			
0	792	v0_792	tableValue188	STRUCTURAL	verified NEWTABLE value			
0	796	v0_796	tableValue189	STRUCTURAL	verified NEWTABLE value			
0	800	v0_800	tableValue190	STRUCTURAL	verified NEWTABLE value			
0	804	v0_804	maxAiValue8	STRUCTURAL	field read maxAi			
0	806	v0_806	tableValue191	STRUCTURAL	verified NEWTABLE value			
0	810	v0_810	tableValue192	STRUCTURAL	verified NEWTABLE value			
0	815	v0_815	tableValue193	STRUCTURAL	verified NEWTABLE value			
0	820	v0_820	tableValue194	STRUCTURAL	verified NEWTABLE value			
0	825	v0_825	tableValue195	STRUCTURAL	verified NEWTABLE value			
0	830	v0_830	tableValue196	STRUCTURAL	verified NEWTABLE value			
0	835	v0_835	tableValue197	STRUCTURAL	verified NEWTABLE value			
0	840	v0_840	tableValue198	STRUCTURAL	verified NEWTABLE value			
0	845	v0_845	tableValue199	STRUCTURAL	verified NEWTABLE value			
0	852	v0_852	maxAiValue9	STRUCTURAL	field read maxAi			
0	855	v0_855	maxAiValue10	STRUCTURAL	field read maxAi			
0	863	v0_863	mathFloor	STRUCTURAL	call result of math.floor			
0	867	v0_867	mission	STRUCTURAL	call result of GetMission			
0	868	v0_868	difficultyValue	STRUCTURAL	field read difficulty			
0	870	v0_870	tableValue200	STRUCTURAL	verified NEWTABLE value			
0	871	v0_871	tableValue201	STRUCTURAL	verified NEWTABLE value			
0	875	v0_875	tableValue202	STRUCTURAL	verified NEWTABLE value			
0	876	v0_876	tableValue203	STRUCTURAL	verified NEWTABLE value			
0	880	v0_880	tableValue204	STRUCTURAL	verified NEWTABLE value			
0	884	v0_884	tableValue205	STRUCTURAL	verified NEWTABLE value			
0	888	v0_888	tableValue206	STRUCTURAL	verified NEWTABLE value			
0	892	v0_892	tableValue207	STRUCTURAL	verified NEWTABLE value			
0	896	v0_896	tableValue208	STRUCTURAL	verified NEWTABLE value			
0	900	v0_900	tableValue209	STRUCTURAL	verified NEWTABLE value			
0	904	v0_904	tableValue210	STRUCTURAL	verified NEWTABLE value			
0	909	v0_909	tableValue211	STRUCTURAL	verified NEWTABLE value			
0	914	v0_914	tableValue212	STRUCTURAL	verified NEWTABLE value			
0	919	v0_919	tableValue213	STRUCTURAL	verified NEWTABLE value			
0	924	v0_924	tableValue214	STRUCTURAL	verified NEWTABLE value			
0	929	v0_929	tableValue215	STRUCTURAL	verified NEWTABLE value			
0	934	v0_934	tableValue216	STRUCTURAL	verified NEWTABLE value			
0	939	v0_939	tableValue217	STRUCTURAL	verified NEWTABLE value			
0	944	v0_944	tableValue218	STRUCTURAL	verified NEWTABLE value			
0	945	v0_945	tableValue219	STRUCTURAL	verified NEWTABLE value			
0	949	v0_949	tableValue220	STRUCTURAL	verified NEWTABLE value			
0	950	v0_950	tableValue221	STRUCTURAL	verified NEWTABLE value			
0	954	v0_954	tableValue222	STRUCTURAL	verified NEWTABLE value			
0	958	v0_958	tableValue223	STRUCTURAL	verified NEWTABLE value			
0	962	v0_962	tableValue224	STRUCTURAL	verified NEWTABLE value			
0	966	v0_966	tableValue225	STRUCTURAL	verified NEWTABLE value			
0	970	v0_970	tableValue226	STRUCTURAL	verified NEWTABLE value			
0	974	v0_974	tableValue227	STRUCTURAL	verified NEWTABLE value			
0	978	v0_978	tableValue228	STRUCTURAL	verified NEWTABLE value			
0	983	v0_983	tableValue229	STRUCTURAL	verified NEWTABLE value			
0	988	v0_988	tableValue230	STRUCTURAL	verified NEWTABLE value			
0	993	v0_993	tableValue231	STRUCTURAL	verified NEWTABLE value			
0	998	v0_998	tableValue232	STRUCTURAL	verified NEWTABLE value			
0	1003	v0_1003	tableValue233	STRUCTURAL	verified NEWTABLE value			
0	1008	v0_1008	tableValue234	STRUCTURAL	verified NEWTABLE value			
0	1013	v0_1013	tableValue235	STRUCTURAL	verified NEWTABLE value			
0	1018	v0_1018	tableValue236	STRUCTURAL	verified NEWTABLE value			
0	1023	v0_1023	tableValue237	STRUCTURAL	verified NEWTABLE value			
0	1028	v0_1028	tableValue238	STRUCTURAL	verified NEWTABLE value			
0	1032	v0_1032	tableValue239	STRUCTURAL	verified NEWTABLE value			
0	1043	v0_1043	maxAiValue11	STRUCTURAL	field read maxAi			
0	1046	v0_1046	roundValue	STRUCTURAL	field read Round			
0	1051	v0_1051	lerp	STRUCTURAL	call result of Lerp			
0	1054	v0_1054	round	STRUCTURAL	call result of Round			
0	1055	v0_1055	numSquadObjValue	STRUCTURAL	field read numSquadObj			
0	1058	v0_1058	roundValue2	STRUCTURAL	field read Round			
0	1060	v0_1060	numSquadObjValue2	STRUCTURAL	field read numSquadObj			
0	1063	v0_1063	numSquadObjValue3	STRUCTURAL	field read numSquadObj			
0	1067	v0_1067	lerp2	STRUCTURAL	call result of Lerp			
0	1068	v0_1068	lerp3	STRUCTURAL	call result of Lerp			
0	1069	v0_1069	lerp4	STRUCTURAL	call result of Lerp			
0	1070	v0_1070	lerp5	STRUCTURAL	call result of Lerp			
0	1071	v0_1071	lerp6	STRUCTURAL	call result of Lerp			
0	1072	v0_1072	round2	STRUCTURAL	call result of Round			
0	1084	v0_1084	lerp7	STRUCTURAL	call result of Lerp			
0	1085	v0_1085	tableValue240	STRUCTURAL	verified NEWTABLE value			
0	1108	v0_1108	lerp8	STRUCTURAL	call result of Lerp			
0	1109	v0_1109	tierValue2	STRUCTURAL	field read tier			
0	1111	v0_1111	tableValue241	STRUCTURAL	verified NEWTABLE value			
2	1	p2_1	engineObject	CORPUS_CATALOG	semantic-sdk:lua:method:EngineObject:IsA; confidence=OBSERVED_VARIABLE_OR_OPEN; status=CATALOG_ONLY; evidence=; receiver of IsA	EngineObject	CORPUS_CATALOG	semantic-sdk:lua:method:EngineObject:IsA; confidence=OBSERVED_VARIABLE_OR_OPEN; status=CATALOG_ONLY; evidence=; receiver of IsA
2	4	v2_4	ipairs1	STRUCTURAL	call result of ipairs			
2	5	v2_5	ipairs2	STRUCTURAL	call result of ipairs			
2	6	v2_6	ipairs3	STRUCTURAL	call result of ipairs			
2	10	v2_10	isA	CORPUS_CATALOG	semantic-sdk:lua:method:EngineObject:IsA; confidence=OBSERVED_VARIABLE_OR_OPEN; status=CATALOG_ONLY; evidence=; result of IsA	boolean	CORPUS_CATALOG	semantic-sdk:lua:method:EngineObject:IsA; confidence=OBSERVED_VARIABLE_OR_OPEN; status=CATALOG_ONLY; evidence=; result of IsA
3	3	v3_3	mission	STRUCTURAL	call result of GetMission			
3	4	v3_4	isValid	STRUCTURAL	call result of IsValid			
3	5	v3_5	alertIdValue	STRUCTURAL	field read alertId			
3	6	v3_6	invasionIdValue	STRUCTURAL	field read invasionId			
3	7	v3_7	syndicateTagValue	STRUCTURAL	field read syndicateTag			
3	10	v3_10	goalIdValue	STRUCTURAL	field read goalId			
4	4	v4_4	mission	STRUCTURAL	call result of GetMission			
4	5	v4_5	periodicMissionTagValue	STRUCTURAL	field read periodicMissionTag			
4	7	v4_7	eLITE_ALERT_PERIODIC_MISSION_TAGValue	STRUCTURAL	field read ELITE_ALERT_PERIODIC_MISSION_TAG			
4	11	v4_11	mission2	STRUCTURAL	call result of GetMission			
4	12	v4_12	periodicMissionTagValue2	STRUCTURAL	field read periodicMissionTag			
4	14	v4_14	eLITE_ALERT_PERIODIC_MISSION_TAG_ALTValue	STRUCTURAL	field read ELITE_ALERT_PERIODIC_MISSION_TAG_ALT			
5	3	v5_3	mission	STRUCTURAL	call result of GetMission			
5	4	v5_4	maxWaveNumValue	STRUCTURAL	field read maxWaveNum			
5	8	v5_8	mission2	STRUCTURAL	call result of GetMission			
5	9	v5_9	nightmareValue	STRUCTURAL	field read nightmare			
5	10	v5_10	alertIdValue	STRUCTURAL	field read alertId			
5	11	v5_11	invasionIdValue	STRUCTURAL	field read invasionId			
5	12	v5_12	syndicateTagValue	STRUCTURAL	field read syndicateTag			
5	15	v5_15	isValid	STRUCTURAL	call result of IsValid			
5	16	v5_16	goalIdValue	STRUCTURAL	field read goalId			
6	3	v6_3	mission	STRUCTURAL	call result of GetMission			
6	4	v6_4	maxWaveNumValue	STRUCTURAL	field read maxWaveNum			
6	8	v6_8	mission2	STRUCTURAL	call result of GetMission			
6	9	v6_9	nightmareValue	STRUCTURAL	field read nightmare			
6	10	v6_10	alertIdValue	STRUCTURAL	field read alertId			
6	11	v6_11	invasionIdValue	STRUCTURAL	field read invasionId			
6	12	v6_12	syndicateTagValue	STRUCTURAL	field read syndicateTag			
6	15	v6_15	isValid	STRUCTURAL	call result of IsValid			
6	16	v6_16	goalIdValue	STRUCTURAL	field read goalId			
7	0	v7_0	region	STRUCTURAL	exact engine global gRegion	Region	EXACT_EXPORT	exact engine global gRegion
7	4	v7_4	array	CORPUS_CATALOG	semantic-sdk:lua:method:Region:FindAll; confidence=OBSERVED_VARIABLE_OR_OPEN; status=CATALOG_ONLY; evidence=; result of FindAll	array<EngineObject>	CORPUS_CATALOG	semantic-sdk:lua:method:Region:FindAll; confidence=OBSERVED_VARIABLE_OR_OPEN; status=CATALOG_ONLY; evidence=; result of FindAll
7	5	v7_5	region2	STRUCTURAL	exact engine global gRegion	Region	EXACT_EXPORT	exact engine global gRegion
7	8	v7_8	isMaster	CORPUS_CATALOG	semantic-sdk:lua:method:RegionOrEngineObject:IsMaster; confidence=OBSERVED_STABLE_SHAPE; status=CATALOG_ONLY; evidence=; result of IsMaster	boolean	CORPUS_CATALOG	semantic-sdk:lua:method:RegionOrEngineObject:IsMaster; confidence=OBSERVED_STABLE_SHAPE; status=CATALOG_ONLY; evidence=; result of IsMaster
7	24	v7_24	netPersistentVar	STRUCTURAL	call result of GetNetPersistentVar			
7	32	v7_32	netPersistentVar2	STRUCTURAL	call result of GetNetPersistentVar			
7	37	v7_37	region3	STRUCTURAL	exact engine global gRegion	Region	EXACT_EXPORT	exact engine global gRegion
7	41	v7_41	array2	CORPUS_CATALOG	semantic-sdk:lua:method:Region:FindAll; confidence=OBSERVED_VARIABLE_OR_OPEN; status=CATALOG_ONLY; evidence=; result of FindAll	array<EngineObject>	CORPUS_CATALOG	semantic-sdk:lua:method:Region:FindAll; confidence=OBSERVED_VARIABLE_OR_OPEN; status=CATALOG_ONLY; evidence=; result of FindAll
8	3	v8_3	label	STRUCTURAL	call result of GetLabel			
8	8	v8_8	localize	STRUCTURAL	call result of Localize			
8	9	v8_9	localize2	STRUCTURAL	call result of Localize			
8	10	v8_10	localize3	STRUCTURAL	call result of Localize			
8	15	v8_15	localize4	STRUCTURAL	call result of Localize			
8	16	v8_16	localize5	STRUCTURAL	call result of Localize			
8	17	v8_17	localize6	STRUCTURAL	call result of Localize			
8	22	v8_22	localize7	STRUCTURAL	call result of Localize			
8	23	v8_23	localize8	STRUCTURAL	call result of Localize			
8	24	v8_24	localize9	STRUCTURAL	call result of Localize			
8	29	v8_29	localize10	STRUCTURAL	call result of Localize			
8	30	v8_30	localize11	STRUCTURAL	call result of Localize			
8	31	v8_31	localize12	STRUCTURAL	call result of Localize			
9	0	p9_0	avatarOrEntity	CORPUS_CATALOG	semantic-sdk:lua:method:AvatarOrEntity:GetAttachment; confidence=OBSERVED_VARIABLE_OR_OPEN; status=CATALOG_ONLY; evidence=; receiver of GetAttachment	AvatarOrEntity	CORPUS_CATALOG	semantic-sdk:lua:method:AvatarOrEntity:GetAttachment; confidence=OBSERVED_VARIABLE_OR_OPEN; status=CATALOG_ONLY; evidence=; receiver of GetAttachment
9	5	v9_5	tableValue	STRUCTURAL	verified NEWTABLE value			
9	8	v9_8	state	STRUCTURAL	call result of GetState			
9	12	v9_12	ipairs1	STRUCTURAL	call result of ipairs			
9	13	v9_13	ipairs2	STRUCTURAL	call result of ipairs			
9	14	v9_14	ipairs3	STRUCTURAL	call result of ipairs			
9	15	v9_15	value	API_CONTRACT	semantic-sdk:lua:global_function:_GLOBAL:IsNull; confidence=STOCK_BYTECODE; status=CONFIRMED; evidence=WF-STOCK-BARD-BOXLOOP; argument 0 of IsNull			
9	17	v9_17	isNull	API_CONTRACT	semantic-sdk:lua:global_function:_GLOBAL:IsNull; confidence=STOCK_BYTECODE; status=CONFIRMED; evidence=WF-STOCK-BARD-BOXLOOP; result of IsNull	boolean	API_CONTRACT	semantic-sdk:lua:global_function:_GLOBAL:IsNull; confidence=STOCK_BYTECODE; status=CONFIRMED; evidence=WF-STOCK-BARD-BOXLOOP; result of IsNull
9	20	v9_20	avatar	CORPUS_CATALOG	semantic-sdk:lua:method:AgentOrEngineObject:GetAvatar; confidence=OBSERVED_STABLE_ARGS; status=CATALOG_ONLY; evidence=; result of GetAvatar	Avatar	CORPUS_CATALOG	semantic-sdk:lua:method:AgentOrEngineObject:GetAvatar; confidence=OBSERVED_STABLE_ARGS; status=CATALOG_ONLY; evidence=; result of GetAvatar
9	24	v9_24	isTouching	STRUCTURAL	call result of IsTouching			
9	28	v9_28	ipairs12	STRUCTURAL	call result of ipairs			
9	29	v9_29	ipairs22	STRUCTURAL	call result of ipairs			
9	30	v9_30	ipairs32	STRUCTURAL	call result of ipairs			
9	34	v9_34	isA	CORPUS_CATALOG	semantic-sdk:lua:method:EngineObject:IsA; confidence=OBSERVED_VARIABLE_OR_OPEN; status=CATALOG_ONLY; evidence=; result of IsA	boolean	CORPUS_CATALOG	semantic-sdk:lua:method:EngineObject:IsA; confidence=OBSERVED_VARIABLE_OR_OPEN; status=CATALOG_ONLY; evidence=; result of IsA
9	40	v9_40	faction	CORPUS_CATALOG	semantic-sdk:lua:method:AvatarOrEntity:GetFaction; confidence=OBSERVED_STABLE_ARGS; status=CATALOG_ONLY; evidence=; result of GetFaction	Faction	CORPUS_CATALOG	semantic-sdk:lua:method:AvatarOrEntity:GetFaction; confidence=OBSERVED_STABLE_ARGS; status=CATALOG_ONLY; evidence=; result of GetFaction
9	44	v9_44	isInRift	STRUCTURAL	call result of IsInRift			
9	49	v9_49	agentOrEngineObject	CORPUS_CATALOG	semantic-sdk:lua:method:AgentOrEngineObject:GetAvatar; confidence=OBSERVED_STABLE_ARGS; status=CATALOG_ONLY; evidence=; receiver of GetAvatar	AgentOrEngineObject	CORPUS_CATALOG	semantic-sdk:lua:method:AgentOrEngineObject:GetAvatar; confidence=OBSERVED_STABLE_ARGS; status=CATALOG_ONLY; evidence=; receiver of GetAvatar
9	52	v9_52	ipairs13	STRUCTURAL	call result of ipairs			
9	53	v9_53	ipairs23	STRUCTURAL	call result of ipairs			
9	54	v9_54	ipairs33	STRUCTURAL	call result of ipairs			
9	55	v9_55	value2	API_CONTRACT	semantic-sdk:lua:global_function:_GLOBAL:IsNull; confidence=STOCK_BYTECODE; status=CONFIRMED; evidence=WF-STOCK-BARD-BOXLOOP; argument 0 of IsNull			
9	57	v9_57	isNull2	API_CONTRACT	semantic-sdk:lua:global_function:_GLOBAL:IsNull; confidence=STOCK_BYTECODE; status=CONFIRMED; evidence=WF-STOCK-BARD-BOXLOOP; result of IsNull	boolean	API_CONTRACT	semantic-sdk:lua:global_function:_GLOBAL:IsNull; confidence=STOCK_BYTECODE; status=CONFIRMED; evidence=WF-STOCK-BARD-BOXLOOP; result of IsNull
9	60	v9_60	avatar2	CORPUS_CATALOG	semantic-sdk:lua:method:AgentOrEngineObject:GetAvatar; confidence=OBSERVED_STABLE_ARGS; status=CATALOG_ONLY; evidence=; result of GetAvatar	Avatar	CORPUS_CATALOG	semantic-sdk:lua:method:AgentOrEngineObject:GetAvatar; confidence=OBSERVED_STABLE_ARGS; status=CATALOG_ONLY; evidence=; result of GetAvatar
9	64	v9_64	isTouching2	STRUCTURAL	call result of IsTouching			
9	68	v9_68	ipairs14	STRUCTURAL	call result of ipairs			
9	69	v9_69	ipairs24	STRUCTURAL	call result of ipairs			
9	70	v9_70	ipairs34	STRUCTURAL	call result of ipairs			
9	74	v9_74	isA2	CORPUS_CATALOG	semantic-sdk:lua:method:EngineObject:IsA; confidence=OBSERVED_VARIABLE_OR_OPEN; status=CATALOG_ONLY; evidence=; result of IsA	boolean	CORPUS_CATALOG	semantic-sdk:lua:method:EngineObject:IsA; confidence=OBSERVED_VARIABLE_OR_OPEN; status=CATALOG_ONLY; evidence=; result of IsA
9	80	v9_80	faction2	CORPUS_CATALOG	semantic-sdk:lua:method:AvatarOrEntity:GetFaction; confidence=OBSERVED_STABLE_ARGS; status=CATALOG_ONLY; evidence=; result of GetFaction	Faction	CORPUS_CATALOG	semantic-sdk:lua:method:AvatarOrEntity:GetFaction; confidence=OBSERVED_STABLE_ARGS; status=CATALOG_ONLY; evidence=; result of GetFaction
9	84	v9_84	isInRift2	STRUCTURAL	call result of IsInRift			
9	89	v9_89	agentOrEngineObject2	CORPUS_CATALOG	semantic-sdk:lua:method:AgentOrEngineObject:GetAvatar; confidence=OBSERVED_STABLE_ARGS; status=CATALOG_ONLY; evidence=; receiver of GetAvatar	AgentOrEngineObject	CORPUS_CATALOG	semantic-sdk:lua:method:AgentOrEngineObject:GetAvatar; confidence=OBSERVED_STABLE_ARGS; status=CATALOG_ONLY; evidence=; receiver of GetAvatar
9	96	v9_96	randomInt	STRUCTURAL	call result of RandomInt			
9	97	v9_97	agentOrEngineObject3	CORPUS_CATALOG	semantic-sdk:lua:method:AgentOrEngineObject:GetAvatar; confidence=OBSERVED_STABLE_ARGS; status=CATALOG_ONLY; evidence=; receiver of GetAvatar	AgentOrEngineObject	CORPUS_CATALOG	semantic-sdk:lua:method:AgentOrEngineObject:GetAvatar; confidence=OBSERVED_STABLE_ARGS; status=CATALOG_ONLY; evidence=; receiver of GetAvatar
9	100	v9_100	avatar3	CORPUS_CATALOG	semantic-sdk:lua:method:AgentOrEngineObject:GetAvatar; confidence=OBSERVED_STABLE_ARGS; status=CATALOG_ONLY; evidence=; result of GetAvatar	Avatar	CORPUS_CATALOG	semantic-sdk:lua:method:AgentOrEngineObject:GetAvatar; confidence=OBSERVED_STABLE_ARGS; status=CATALOG_ONLY; evidence=; result of GetAvatar
9	108	v9_108	attachment	CORPUS_CATALOG	semantic-sdk:lua:method:AvatarOrEntity:GetAttachment; confidence=OBSERVED_VARIABLE_OR_OPEN; status=CATALOG_ONLY; evidence=; result of GetAttachment	AttachmentOrNil	CORPUS_CATALOG	semantic-sdk:lua:method:AvatarOrEntity:GetAttachment; confidence=OBSERVED_VARIABLE_OR_OPEN; status=CATALOG_ONLY; evidence=; result of GetAttachment
9	109	v9_109	value3	API_CONTRACT	semantic-sdk:lua:global_function:_GLOBAL:IsNull; confidence=STOCK_BYTECODE; status=CONFIRMED; evidence=WF-STOCK-BARD-BOXLOOP; argument 0 of IsNull			
9	111	v9_111	isNull3	API_CONTRACT	semantic-sdk:lua:global_function:_GLOBAL:IsNull; confidence=STOCK_BYTECODE; status=CONFIRMED; evidence=WF-STOCK-BARD-BOXLOOP; result of IsNull	boolean	API_CONTRACT	semantic-sdk:lua:global_function:_GLOBAL:IsNull; confidence=STOCK_BYTECODE; status=CONFIRMED; evidence=WF-STOCK-BARD-BOXLOOP; result of IsNull
9	118	v9_118	agentOrEngineObject4	CORPUS_CATALOG	semantic-sdk:lua:method:AgentOrEngineObject:GetAvatar; confidence=OBSERVED_STABLE_ARGS; status=CATALOG_ONLY; evidence=; receiver of GetAvatar	AgentOrEngineObject	CORPUS_CATALOG	semantic-sdk:lua:method:AgentOrEngineObject:GetAvatar; confidence=OBSERVED_STABLE_ARGS; status=CATALOG_ONLY; evidence=; receiver of GetAvatar
9	121	v9_121	avatar4	CORPUS_CATALOG	semantic-sdk:lua:method:AgentOrEngineObject:GetAvatar; confidence=OBSERVED_STABLE_ARGS; status=CATALOG_ONLY; evidence=; result of GetAvatar	Avatar	CORPUS_CATALOG	semantic-sdk:lua:method:AgentOrEngineObject:GetAvatar; confidence=OBSERVED_STABLE_ARGS; status=CATALOG_ONLY; evidence=; result of GetAvatar
9	125	v9_125	hasActionAnim	STRUCTURAL	call result of HasActionAnim			
9	132	v9_132	randomInt2	STRUCTURAL	call result of RandomInt			
9	136	v9_136	hackPoints	STRUCTURAL	call result of GetHackPoints			
9	140	v9_140	randomInt3	STRUCTURAL	call result of RandomInt			
9	142	v9_142	value4	API_CONTRACT	semantic-sdk:lua:global_function:_GLOBAL:IsNull; confidence=STOCK_BYTECODE; status=CONFIRMED; evidence=WF-STOCK-BARD-BOXLOOP; argument 0 of IsNull			
9	144	v9_144	isNull4	API_CONTRACT	semantic-sdk:lua:global_function:_GLOBAL:IsNull; confidence=STOCK_BYTECODE; status=CONFIRMED; evidence=WF-STOCK-BARD-BOXLOOP; result of IsNull	boolean	API_CONTRACT	semantic-sdk:lua:global_function:_GLOBAL:IsNull; confidence=STOCK_BYTECODE; status=CONFIRMED; evidence=WF-STOCK-BARD-BOXLOOP; result of IsNull
9	145	v9_145	value5	API_CONTRACT	semantic-sdk:lua:global_function:_GLOBAL:IsNull; confidence=STOCK_BYTECODE; status=CONFIRMED; evidence=WF-STOCK-BARD-BOXLOOP; argument 0 of IsNull			
9	147	v9_147	isNull5	API_CONTRACT	semantic-sdk:lua:global_function:_GLOBAL:IsNull; confidence=STOCK_BYTECODE; status=CONFIRMED; evidence=WF-STOCK-BARD-BOXLOOP; result of IsNull	boolean	API_CONTRACT	semantic-sdk:lua:global_function:_GLOBAL:IsNull; confidence=STOCK_BYTECODE; status=CONFIRMED; evidence=WF-STOCK-BARD-BOXLOOP; result of IsNull
9	153	v9_153	nameOrString	CORPUS_CATALOG	semantic-sdk:lua:method:EngineObject:GetName; confidence=OBSERVED_STABLE_ARGS; status=CATALOG_ONLY; evidence=; result of GetName	NameOrString	CORPUS_CATALOG	semantic-sdk:lua:method:EngineObject:GetName; confidence=OBSERVED_STABLE_ARGS; status=CATALOG_ONLY; evidence=; result of GetName
9	166	v9_166	avatar5	CORPUS_CATALOG	semantic-sdk:lua:method:AgentOrEngineObject:GetAvatar; confidence=OBSERVED_STABLE_ARGS; status=CATALOG_ONLY; evidence=; result of GetAvatar	Avatar	CORPUS_CATALOG	semantic-sdk:lua:method:AgentOrEngineObject:GetAvatar; confidence=OBSERVED_STABLE_ARGS; status=CATALOG_ONLY; evidence=; result of GetAvatar
9	173	v9_173	avatar6	CORPUS_CATALOG	semantic-sdk:lua:method:AgentOrEngineObject:GetAvatar; confidence=OBSERVED_STABLE_ARGS; status=CATALOG_ONLY; evidence=; result of GetAvatar	Avatar	CORPUS_CATALOG	semantic-sdk:lua:method:AgentOrEngineObject:GetAvatar; confidence=OBSERVED_STABLE_ARGS; status=CATALOG_ONLY; evidence=; result of GetAvatar
10	1	p10_1	agentOrEngineObject	CORPUS_CATALOG	semantic-sdk:lua:method:AgentOrEngineObject:GetAvatar; confidence=OBSERVED_STABLE_ARGS; status=CATALOG_ONLY; evidence=; receiver of GetAvatar	AgentOrEngineObject	CORPUS_CATALOG	semantic-sdk:lua:method:AgentOrEngineObject:GetAvatar; confidence=OBSERVED_STABLE_ARGS; status=CATALOG_ONLY; evidence=; receiver of GetAvatar
10	7	v10_7	state	STRUCTURAL	call result of GetState			
10	12	v10_12	avatar	CORPUS_CATALOG	semantic-sdk:lua:method:AgentOrEngineObject:GetAvatar; confidence=OBSERVED_STABLE_ARGS; status=CATALOG_ONLY; evidence=; result of GetAvatar	Avatar	CORPUS_CATALOG	semantic-sdk:lua:method:AgentOrEngineObject:GetAvatar; confidence=OBSERVED_STABLE_ARGS; status=CATALOG_ONLY; evidence=; result of GetAvatar
10	15	v10_15	ipairs1	STRUCTURAL	call result of ipairs			
10	16	v10_16	ipairs2	STRUCTURAL	call result of ipairs			
10	17	v10_17	ipairs3	STRUCTURAL	call result of ipairs			
10	21	v10_21	isA	CORPUS_CATALOG	semantic-sdk:lua:method:EngineObject:IsA; confidence=OBSERVED_VARIABLE_OR_OPEN; status=CATALOG_ONLY; evidence=; result of IsA	boolean	CORPUS_CATALOG	semantic-sdk:lua:method:EngineObject:IsA; confidence=OBSERVED_VARIABLE_OR_OPEN; status=CATALOG_ONLY; evidence=; result of IsA
10	31	v10_31	avatar2	CORPUS_CATALOG	semantic-sdk:lua:method:AgentOrEngineObject:GetAvatar; confidence=OBSERVED_STABLE_ARGS; status=CATALOG_ONLY; evidence=; result of GetAvatar	Avatar	CORPUS_CATALOG	semantic-sdk:lua:method:AgentOrEngineObject:GetAvatar; confidence=OBSERVED_STABLE_ARGS; status=CATALOG_ONLY; evidence=; result of GetAvatar
10	34	v10_34	isInRift	STRUCTURAL	call result of IsInRift			
10	37	v10_37	hackPoints	STRUCTURAL	call result of GetHackPoints			
10	41	v10_41	randomInt	STRUCTURAL	call result of RandomInt			
10	43	v10_43	value	API_CONTRACT	semantic-sdk:lua:global_function:_GLOBAL:IsNull; confidence=STOCK_BYTECODE; status=CONFIRMED; evidence=WF-STOCK-BARD-BOXLOOP; argument 0 of IsNull			
10	45	v10_45	isNull	API_CONTRACT	semantic-sdk:lua:global_function:_GLOBAL:IsNull; confidence=STOCK_BYTECODE; status=CONFIRMED; evidence=WF-STOCK-BARD-BOXLOOP; result of IsNull	boolean	API_CONTRACT	semantic-sdk:lua:global_function:_GLOBAL:IsNull; confidence=STOCK_BYTECODE; status=CONFIRMED; evidence=WF-STOCK-BARD-BOXLOOP; result of IsNull
10	54	v10_54	avatar3	CORPUS_CATALOG	semantic-sdk:lua:method:AgentOrEngineObject:GetAvatar; confidence=OBSERVED_STABLE_ARGS; status=CATALOG_ONLY; evidence=; result of GetAvatar	Avatar	CORPUS_CATALOG	semantic-sdk:lua:method:AgentOrEngineObject:GetAvatar; confidence=OBSERVED_STABLE_ARGS; status=CATALOG_ONLY; evidence=; result of GetAvatar
10	61	v10_61	avatar4	CORPUS_CATALOG	semantic-sdk:lua:method:AgentOrEngineObject:GetAvatar; confidence=OBSERVED_STABLE_ARGS; status=CATALOG_ONLY; evidence=; result of GetAvatar	Avatar	CORPUS_CATALOG	semantic-sdk:lua:method:AgentOrEngineObject:GetAvatar; confidence=OBSERVED_STABLE_ARGS; status=CATALOG_ONLY; evidence=; result of GetAvatar
11	4	v11_4	state	STRUCTURAL	call result of GetState			
12	6	v12_6	tableValue	STRUCTURAL	verified NEWTABLE value			
12	7	v12_7	value	API_CONTRACT	semantic-sdk:lua:global_function:_GLOBAL:IsNull; confidence=STOCK_BYTECODE; status=CONFIRMED; evidence=WF-STOCK-BARD-BOXLOOP; argument 0 of IsNull			
12	9	v12_9	isNull	API_CONTRACT	semantic-sdk:lua:global_function:_GLOBAL:IsNull; confidence=STOCK_BYTECODE; status=CONFIRMED; evidence=WF-STOCK-BARD-BOXLOOP; result of IsNull	boolean	API_CONTRACT	semantic-sdk:lua:global_function:_GLOBAL:IsNull; confidence=STOCK_BYTECODE; status=CONFIRMED; evidence=WF-STOCK-BARD-BOXLOOP; result of IsNull
12	11	v12_11	quickSortValue	STRUCTURAL	field read QuickSort			
12	14	v12_14	region	STRUCTURAL	exact engine global gRegion	Region	EXACT_EXPORT	exact engine global gRegion
12	17	v12_17	humanPlayerAvatars	STRUCTURAL	call result of GetHumanPlayerAvatars			
12	21	v12_21	ipairs1	STRUCTURAL	call result of ipairs			
12	22	v12_22	ipairs2	STRUCTURAL	call result of ipairs			
12	23	v12_23	ipairs3	STRUCTURAL	call result of ipairs			
12	26	v12_26	state	STRUCTURAL	call result of GetState			
12	30	v12_30	state2	STRUCTURAL	call result of GetState			
12	43	v12_43	isTouching	STRUCTURAL	call result of IsTouching			
12	56	v12_56	value2	API_CONTRACT	semantic-sdk:lua:global_function:_GLOBAL:IsNull; confidence=STOCK_BYTECODE; status=CONFIRMED; evidence=WF-STOCK-BARD-BOXLOOP; argument 0 of IsNull			
12	58	v12_58	isNull2	API_CONTRACT	semantic-sdk:lua:global_function:_GLOBAL:IsNull; confidence=STOCK_BYTECODE; status=CONFIRMED; evidence=WF-STOCK-BARD-BOXLOOP; result of IsNull	boolean	API_CONTRACT	semantic-sdk:lua:global_function:_GLOBAL:IsNull; confidence=STOCK_BYTECODE; status=CONFIRMED; evidence=WF-STOCK-BARD-BOXLOOP; result of IsNull
12	61	v12_61	ipairs12	STRUCTURAL	call result of ipairs			
12	62	v12_62	ipairs22	STRUCTURAL	call result of ipairs			
12	63	v12_63	ipairs32	STRUCTURAL	call result of ipairs			
12	66	v12_66	state3	STRUCTURAL	call result of GetState			
12	79	v12_79	randomInt	STRUCTURAL	call result of RandomInt			
12	88	v12_88	vector	STRUCTURAL	call result of Vector			
12	90	v12_90	agentsValue	STRUCTURAL	field read agents			
12	91	v12_91	ipairs13	STRUCTURAL	call result of ipairs			
12	92	v12_92	ipairs23	STRUCTURAL	call result of ipairs			
12	93	v12_93	ipairs33	STRUCTURAL	call result of ipairs			
12	94	v12_94	value3	API_CONTRACT	semantic-sdk:lua:global_function:_GLOBAL:IsNull; confidence=STOCK_BYTECODE; status=CONFIRMED; evidence=WF-STOCK-BARD-BOXLOOP; argument 0 of IsNull			
12	96	v12_96	isNull3	API_CONTRACT	semantic-sdk:lua:global_function:_GLOBAL:IsNull; confidence=STOCK_BYTECODE; status=CONFIRMED; evidence=WF-STOCK-BARD-BOXLOOP; result of IsNull	boolean	API_CONTRACT	semantic-sdk:lua:global_function:_GLOBAL:IsNull; confidence=STOCK_BYTECODE; status=CONFIRMED; evidence=WF-STOCK-BARD-BOXLOOP; result of IsNull
12	99	v12_99	avatar	CORPUS_CATALOG	semantic-sdk:lua:method:AgentOrEngineObject:GetAvatar; confidence=OBSERVED_STABLE_ARGS; status=CATALOG_ONLY; evidence=; result of GetAvatar	Avatar	CORPUS_CATALOG	semantic-sdk:lua:method:AgentOrEngineObject:GetAvatar; confidence=OBSERVED_STABLE_ARGS; status=CATALOG_ONLY; evidence=; result of GetAvatar
12	100	v12_100	value4	API_CONTRACT	semantic-sdk:lua:global_function:_GLOBAL:IsNull; confidence=STOCK_BYTECODE; status=CONFIRMED; evidence=WF-STOCK-BARD-BOXLOOP; argument 0 of IsNull			
12	102	v12_102	isNull4	API_CONTRACT	semantic-sdk:lua:global_function:_GLOBAL:IsNull; confidence=STOCK_BYTECODE; status=CONFIRMED; evidence=WF-STOCK-BARD-BOXLOOP; result of IsNull	boolean	API_CONTRACT	semantic-sdk:lua:global_function:_GLOBAL:IsNull; confidence=STOCK_BYTECODE; status=CONFIRMED; evidence=WF-STOCK-BARD-BOXLOOP; result of IsNull
12	105	v12_105	vector3	CORPUS_CATALOG	semantic-sdk:lua:method:AvatarOrEntity:GetPosition; confidence=OBSERVED_STABLE_ARGS; status=CATALOG_ONLY; evidence=; result of GetPosition	Vector3	CORPUS_CATALOG	semantic-sdk:lua:method:AvatarOrEntity:GetPosition; confidence=OBSERVED_STABLE_ARGS; status=CATALOG_ONLY; evidence=; result of GetPosition
12	109	v12_109	agentOrEngineObject	CORPUS_CATALOG	semantic-sdk:lua:method:AgentOrEngineObject:GetAvatar; confidence=OBSERVED_STABLE_ARGS; status=CATALOG_ONLY; evidence=; receiver of GetAvatar	AgentOrEngineObject	CORPUS_CATALOG	semantic-sdk:lua:method:AgentOrEngineObject:GetAvatar; confidence=OBSERVED_STABLE_ARGS; status=CATALOG_ONLY; evidence=; receiver of GetAvatar
12	112	v12_112	ipairs14	STRUCTURAL	call result of ipairs			
12	113	v12_113	ipairs24	STRUCTURAL	call result of ipairs			
12	114	v12_114	ipairs34	STRUCTURAL	call result of ipairs			
12	117	v12_117	vector32	CORPUS_CATALOG	semantic-sdk:lua:method:AvatarOrEntity:GetPosition; confidence=OBSERVED_STABLE_ARGS; status=CATALOG_ONLY; evidence=; result of GetPosition	Vector3	CORPUS_CATALOG	semantic-sdk:lua:method:AvatarOrEntity:GetPosition; confidence=OBSERVED_STABLE_ARGS; status=CATALOG_ONLY; evidence=; result of GetPosition
12	121	v12_121	distance	STRUCTURAL	call result of Distance			
12	123	v12_123	avatarOrEntity	CORPUS_CATALOG	semantic-sdk:lua:method:AvatarOrEntity:GetPosition; confidence=OBSERVED_STABLE_ARGS; status=CATALOG_ONLY; evidence=; receiver of GetPosition	AvatarOrEntity	CORPUS_CATALOG	semantic-sdk:lua:method:AvatarOrEntity:GetPosition; confidence=OBSERVED_STABLE_ARGS; status=CATALOG_ONLY; evidence=; receiver of GetPosition
12	128	v12_128	pairs1	STRUCTURAL	call result of pairs			
12	129	v12_129	pairs2	STRUCTURAL	call result of pairs			
12	130	v12_130	pairs3	STRUCTURAL	call result of pairs			
12	134	v12_134	value5	API_CONTRACT	semantic-sdk:lua:global_function:_GLOBAL:IsNull; confidence=STOCK_BYTECODE; status=CONFIRMED; evidence=WF-STOCK-BARD-BOXLOOP; argument 0 of IsNull			
12	136	v12_136	isNull5	API_CONTRACT	semantic-sdk:lua:global_function:_GLOBAL:IsNull; confidence=STOCK_BYTECODE; status=CONFIRMED; evidence=WF-STOCK-BARD-BOXLOOP; result of IsNull	boolean	API_CONTRACT	semantic-sdk:lua:global_function:_GLOBAL:IsNull; confidence=STOCK_BYTECODE; status=CONFIRMED; evidence=WF-STOCK-BARD-BOXLOOP; result of IsNull
12	140	v12_140	randomInt2	STRUCTURAL	call result of RandomInt			
13	2	v13_2	stateValue	STRUCTURAL	field read state			
13	3	v13_3	stateValue2	STRUCTURAL	field read state			
13	4	v13_4	stateValue3	STRUCTURAL	field read state			
13	5	v13_5	stateValue4	STRUCTURAL	field read state			
13	7	v13_7	friendlyInfluenceValue	STRUCTURAL	field read friendlyInfluence			
13	8	v13_8	friendlyInfluenceValue2	STRUCTURAL	field read friendlyInfluence			
13	11	v13_11	mathAbs	STRUCTURAL	call result of math.abs			
13	13	v13_13	friendlyInfluenceValue3	STRUCTURAL	field read friendlyInfluence			
13	14	v13_14	friendlyInfluenceValue4	STRUCTURAL	field read friendlyInfluence			
13	16	v13_16	enemyInfluenceValue	STRUCTURAL	field read enemyInfluence			
13	17	v13_17	enemyInfluenceValue2	STRUCTURAL	field read enemyInfluence			
13	20	v13_20	mathAbs2	STRUCTURAL	call result of math.abs			
13	22	v13_22	enemyInfluenceValue3	STRUCTURAL	field read enemyInfluence			
13	23	v13_23	enemyInfluenceValue4	STRUCTURAL	field read enemyInfluence			
14	2	v14_2	friendlyInfluenceValue	STRUCTURAL	field read friendlyInfluence			
14	3	v14_3	friendlyInfluenceValue2	STRUCTURAL	field read friendlyInfluence			
14	6	v14_6	mathAbs	STRUCTURAL	call result of math.abs			
14	8	v14_8	friendlyInfluenceValue3	STRUCTURAL	field read friendlyInfluence			
14	9	v14_9	friendlyInfluenceValue4	STRUCTURAL	field read friendlyInfluence			
14	11	v14_11	stateValue	STRUCTURAL	field read state			
14	12	v14_12	stateValue2	STRUCTURAL	field read state			
14	13	v14_13	stateValue3	STRUCTURAL	field read state			
14	14	v14_14	stateValue4	STRUCTURAL	field read state			
14	16	v14_16	enemyInfluenceValue	STRUCTURAL	field read enemyInfluence			
14	17	v14_17	enemyInfluenceValue2	STRUCTURAL	field read enemyInfluence			
14	20	v14_20	mathAbs2	STRUCTURAL	call result of math.abs			
14	22	v14_22	enemyInfluenceValue3	STRUCTURAL	field read enemyInfluence			
14	23	v14_23	enemyInfluenceValue4	STRUCTURAL	field read enemyInfluence			
15	2	v15_2	distanceValue	STRUCTURAL	field read distance			
15	3	v15_3	distanceValue2	STRUCTURAL	field read distance			
16	4	v16_4	tableValue	STRUCTURAL	verified NEWTABLE value			
16	7	v16_7	ipairs1	STRUCTURAL	call result of ipairs			
16	8	v16_8	ipairs2	STRUCTURAL	call result of ipairs			
16	9	v16_9	ipairs3	STRUCTURAL	call result of ipairs			
16	12	v16_12	state	STRUCTURAL	call result of GetState			
16	32	v16_32	tableValue2	STRUCTURAL	verified NEWTABLE value			
16	35	v16_35	ipairs12	STRUCTURAL	call result of ipairs			
16	36	v16_36	ipairs22	STRUCTURAL	call result of ipairs			
16	37	v16_37	ipairs32	STRUCTURAL	call result of ipairs			
16	40	v16_40	vector3	CORPUS_CATALOG	semantic-sdk:lua:method:AvatarOrEntity:GetPosition; confidence=OBSERVED_STABLE_ARGS; status=CATALOG_ONLY; evidence=; result of GetPosition	Vector3	CORPUS_CATALOG	semantic-sdk:lua:method:AvatarOrEntity:GetPosition; confidence=OBSERVED_STABLE_ARGS; status=CATALOG_ONLY; evidence=; result of GetPosition
16	43	v16_43	state2	STRUCTURAL	call result of GetState			
16	66	v16_66	avatarOrEntity	CORPUS_CATALOG	semantic-sdk:lua:method:AvatarOrEntity:GetPosition; confidence=OBSERVED_STABLE_ARGS; status=CATALOG_ONLY; evidence=; receiver of GetPosition	AvatarOrEntity	CORPUS_CATALOG	semantic-sdk:lua:method:AvatarOrEntity:GetPosition; confidence=OBSERVED_STABLE_ARGS; status=CATALOG_ONLY; evidence=; receiver of GetPosition
16	67	v16_67	value	API_CONTRACT	semantic-sdk:lua:global_function:_GLOBAL:IsNull; confidence=STOCK_BYTECODE; status=CONFIRMED; evidence=WF-STOCK-BARD-BOXLOOP; argument 0 of IsNull			
16	69	v16_69	isNull	API_CONTRACT	semantic-sdk:lua:global_function:_GLOBAL:IsNull; confidence=STOCK_BYTECODE; status=CONFIRMED; evidence=WF-STOCK-BARD-BOXLOOP; result of IsNull	boolean	API_CONTRACT	semantic-sdk:lua:global_function:_GLOBAL:IsNull; confidence=STOCK_BYTECODE; status=CONFIRMED; evidence=WF-STOCK-BARD-BOXLOOP; result of IsNull
16	72	v16_72	getInfoValue	STRUCTURAL	field read GetInfo			
16	73	v16_73	info	STRUCTURAL	call result of GetInfo			
16	75	v16_75	value2	API_CONTRACT	semantic-sdk:lua:global_function:_GLOBAL:IsNull; confidence=STOCK_BYTECODE; status=CONFIRMED; evidence=WF-STOCK-BARD-BOXLOOP; argument 0 of IsNull			
16	77	v16_77	isNull2	API_CONTRACT	semantic-sdk:lua:global_function:_GLOBAL:IsNull; confidence=STOCK_BYTECODE; status=CONFIRMED; evidence=WF-STOCK-BARD-BOXLOOP; result of IsNull	boolean	API_CONTRACT	semantic-sdk:lua:global_function:_GLOBAL:IsNull; confidence=STOCK_BYTECODE; status=CONFIRMED; evidence=WF-STOCK-BARD-BOXLOOP; result of IsNull
16	79	v16_79	minElementValue	STRUCTURAL	field read MinElement			
16	82	v16_82	minElement	STRUCTURAL	call result of MinElement			
16	96	v16_96	quickSortValue	STRUCTURAL	field read QuickSort			
16	99	v16_99	tableValue3	STRUCTURAL	verified NEWTABLE value			
16	101	v16_101	vector	STRUCTURAL	call result of Vector			
16	103	v16_103	agentsValue	STRUCTURAL	field read agents			
16	104	v16_104	ipairs13	STRUCTURAL	call result of ipairs			
16	105	v16_105	ipairs23	STRUCTURAL	call result of ipairs			
16	106	v16_106	ipairs33	STRUCTURAL	call result of ipairs			
16	107	v16_107	value3	API_CONTRACT	semantic-sdk:lua:global_function:_GLOBAL:IsNull; confidence=STOCK_BYTECODE; status=CONFIRMED; evidence=WF-STOCK-BARD-BOXLOOP; argument 0 of IsNull			
16	109	v16_109	isNull3	API_CONTRACT	semantic-sdk:lua:global_function:_GLOBAL:IsNull; confidence=STOCK_BYTECODE; status=CONFIRMED; evidence=WF-STOCK-BARD-BOXLOOP; result of IsNull	boolean	API_CONTRACT	semantic-sdk:lua:global_function:_GLOBAL:IsNull; confidence=STOCK_BYTECODE; status=CONFIRMED; evidence=WF-STOCK-BARD-BOXLOOP; result of IsNull
16	112	v16_112	avatar	CORPUS_CATALOG	semantic-sdk:lua:method:AgentOrEngineObject:GetAvatar; confidence=OBSERVED_STABLE_ARGS; status=CATALOG_ONLY; evidence=; result of GetAvatar	Avatar	CORPUS_CATALOG	semantic-sdk:lua:method:AgentOrEngineObject:GetAvatar; confidence=OBSERVED_STABLE_ARGS; status=CATALOG_ONLY; evidence=; result of GetAvatar
16	113	v16_113	value4	API_CONTRACT	semantic-sdk:lua:global_function:_GLOBAL:IsNull; confidence=STOCK_BYTECODE; status=CONFIRMED; evidence=WF-STOCK-BARD-BOXLOOP; argument 0 of IsNull			
16	115	v16_115	isNull4	API_CONTRACT	semantic-sdk:lua:global_function:_GLOBAL:IsNull; confidence=STOCK_BYTECODE; status=CONFIRMED; evidence=WF-STOCK-BARD-BOXLOOP; result of IsNull	boolean	API_CONTRACT	semantic-sdk:lua:global_function:_GLOBAL:IsNull; confidence=STOCK_BYTECODE; status=CONFIRMED; evidence=WF-STOCK-BARD-BOXLOOP; result of IsNull
16	118	v16_118	isKilled	CORPUS_CATALOG	semantic-sdk:lua:method:AvatarOrEntity:IsKilled; confidence=OBSERVED_STABLE_SHAPE; status=CATALOG_ONLY; evidence=; result of IsKilled	boolean	CORPUS_CATALOG	semantic-sdk:lua:method:AvatarOrEntity:IsKilled; confidence=OBSERVED_STABLE_SHAPE; status=CATALOG_ONLY; evidence=; result of IsKilled
16	121	v16_121	vector32	CORPUS_CATALOG	semantic-sdk:lua:method:AvatarOrEntity:GetPosition; confidence=OBSERVED_STABLE_ARGS; status=CATALOG_ONLY; evidence=; result of GetPosition	Vector3	CORPUS_CATALOG	semantic-sdk:lua:method:AvatarOrEntity:GetPosition; confidence=OBSERVED_STABLE_ARGS; status=CATALOG_ONLY; evidence=; result of GetPosition
16	122	v16_122	xValue	STRUCTURAL	field read x			
16	123	v16_123	xValue2	STRUCTURAL	field read x			
16	125	v16_125	zValue	STRUCTURAL	field read z			
16	126	v16_126	zValue2	STRUCTURAL	field read z			
16	133	v16_133	agentOrEngineObject	CORPUS_CATALOG	semantic-sdk:lua:method:AgentOrEngineObject:GetAvatar; confidence=OBSERVED_STABLE_ARGS; status=CATALOG_ONLY; evidence=; receiver of GetAvatar	AgentOrEngineObject	CORPUS_CATALOG	semantic-sdk:lua:method:AgentOrEngineObject:GetAvatar; confidence=OBSERVED_STABLE_ARGS; status=CATALOG_ONLY; evidence=; receiver of GetAvatar
16	136	v16_136	objectiveValue	STRUCTURAL	field read objective			
16	137	v16_137	xValue3	STRUCTURAL	field read x			
16	140	v16_140	zValue3	STRUCTURAL	field read z			
16	145	v16_145	ipairs14	STRUCTURAL	call result of ipairs			
16	146	v16_146	ipairs24	STRUCTURAL	call result of ipairs			
16	147	v16_147	ipairs34	STRUCTURAL	call result of ipairs			
16	148	v16_148	avatarOrEntity2	API_CONTRACT	semantic-sdk:lua:method:AvatarOrEntity:DistanceToPoint; confidence=STOCK_BYTECODE; status=CONFIRMED; evidence=WF-R5-CALLSHAPE-CORPUS;WF-R5-DIFFERENTIAL-V3;WF-R5-NUMERIC-EVIDENCE; receiver of DistanceToPoint	AvatarOrEntity	API_CONTRACT	semantic-sdk:lua:method:AvatarOrEntity:DistanceToPoint; confidence=STOCK_BYTECODE; status=CONFIRMED; evidence=WF-R5-CALLSHAPE-CORPUS;WF-R5-DIFFERENTIAL-V3;WF-R5-NUMERIC-EVIDENCE; receiver of DistanceToPoint
16	149	v16_149	point_or_ref	API_CONTRACT	semantic-sdk:lua:method:AvatarOrEntity:DistanceToPoint; confidence=STOCK_BYTECODE; status=CONFIRMED; evidence=WF-R5-CALLSHAPE-CORPUS;WF-R5-DIFFERENTIAL-V3;WF-R5-NUMERIC-EVIDENCE; argument 0 of DistanceToPoint	opaque	API_CONTRACT	semantic-sdk:lua:method:AvatarOrEntity:DistanceToPoint; confidence=STOCK_BYTECODE; status=CONFIRMED; evidence=WF-R5-CALLSHAPE-CORPUS;WF-R5-DIFFERENTIAL-V3;WF-R5-NUMERIC-EVIDENCE; argument type 0 of DistanceToPoint
16	152	v16_152	number_luau_facing	API_CONTRACT	semantic-sdk:lua:method:AvatarOrEntity:DistanceToPoint; confidence=STOCK_BYTECODE; status=CONFIRMED; evidence=WF-R5-CALLSHAPE-CORPUS;WF-R5-DIFFERENTIAL-V3;WF-R5-NUMERIC-EVIDENCE; result of DistanceToPoint	number_luau_facing	API_CONTRACT	semantic-sdk:lua:method:AvatarOrEntity:DistanceToPoint; confidence=STOCK_BYTECODE; status=CONFIRMED; evidence=WF-R5-CALLSHAPE-CORPUS;WF-R5-DIFFERENTIAL-V3;WF-R5-NUMERIC-EVIDENCE; result of DistanceToPoint
16	156	v16_156	minElementValue2	STRUCTURAL	field read MinElement			
16	159	v16_159	minElement2	STRUCTURAL	call result of MinElement			
16	160	v16_160	positionValue	STRUCTURAL	field read position			
16	164	v16_164	positionValue2	STRUCTURAL	field read position			
16	176	v16_176	positionValue3	STRUCTURAL	field read position			
16	181	v16_181	positionValue4	STRUCTURAL	field read position			
16	182	v16_182	positionValue5	STRUCTURAL	field read position			
16	189	v16_189	objectiveValue2	STRUCTURAL	field read objective			
16	196	v16_196	objectiveValue3	STRUCTURAL	field read objective			
16	201	v16_201	objectiveValue4	STRUCTURAL	field read objective			
18	4	v18_4	mission	STRUCTURAL	call result of GetMission			
18	7	v18_7	factionTag	STRUCTURAL	call result of GetFactionTag			
18	10	v18_10	symbol	STRUCTURAL	call result of Symbol			
18	16	v18_16	minEnemyLevel	STRUCTURAL	call result of GetMinEnemyLevel			
18	20	v18_20	maxEnemyLevel	STRUCTURAL	call result of GetMaxEnemyLevel			
18	21	v18_21	tableValue	STRUCTURAL	verified NEWTABLE value			
18	55	v18_55	highPriorityUpdateValue	STRUCTURAL	field read highPriorityUpdate			
18	58	v18_58	highPriorityUpdateValue2	STRUCTURAL	field read highPriorityUpdate			
18	62	v18_62	mathFloor	STRUCTURAL	call result of math.floor			
18	63	v18_63	highPriorityUpdateValue3	STRUCTURAL	field read highPriorityUpdate			
18	67	v18_67	mission2	STRUCTURAL	call result of GetMission			
18	68	v18_68	leadersAlwaysAllowedValue	STRUCTURAL	field read leadersAlwaysAllowed			
18	89	v18_89	initializeValue	STRUCTURAL	field read Initialize			
19	0	v19_0	tableValue	STRUCTURAL	verified NEWTABLE value			
19	3	v19_3	ipairs1	STRUCTURAL	call result of ipairs			
19	4	v19_4	ipairs2	STRUCTURAL	call result of ipairs			
19	5	v19_5	ipairs3	STRUCTURAL	call result of ipairs			
19	8	v19_8	state	STRUCTURAL	call result of GetState			
21	5	v21_5	netPersistentVar	STRUCTURAL	call result of GetNetPersistentVar			
22	5	v22_5	localize	STRUCTURAL	call result of Localize			
22	6	v22_6	localize2	STRUCTURAL	call result of Localize			
22	7	v22_7	localize3	STRUCTURAL	call result of Localize			
22	12	v22_12	localize4	STRUCTURAL	call result of Localize			
22	13	v22_13	localize5	STRUCTURAL	call result of Localize			
22	14	v22_14	localize6	STRUCTURAL	call result of Localize			
22	19	v22_19	localize7	STRUCTURAL	call result of Localize			
22	20	v22_20	localize8	STRUCTURAL	call result of Localize			
22	21	v22_21	localize9	STRUCTURAL	call result of Localize			
22	26	v22_26	localize10	STRUCTURAL	call result of Localize			
22	27	v22_27	localize11	STRUCTURAL	call result of Localize			
22	28	v22_28	localize12	STRUCTURAL	call result of Localize			
23	3	v23_3	value	API_CONTRACT	semantic-sdk:lua:global_function:_GLOBAL:IsNull; confidence=STOCK_BYTECODE; status=CONFIRMED; evidence=WF-STOCK-BARD-BOXLOOP; argument 0 of IsNull			
23	5	v23_5	isNull	API_CONTRACT	semantic-sdk:lua:global_function:_GLOBAL:IsNull; confidence=STOCK_BYTECODE; status=CONFIRMED; evidence=WF-STOCK-BARD-BOXLOOP; result of IsNull	boolean	API_CONTRACT	semantic-sdk:lua:global_function:_GLOBAL:IsNull; confidence=STOCK_BYTECODE; status=CONFIRMED; evidence=WF-STOCK-BARD-BOXLOOP; result of IsNull
23	6	v23_6	stackedElementsValue	STRUCTURAL	field read StackedElements			
23	7	v23_7	letterFrameValue	STRUCTURAL	field read LetterFrame			
23	8	v23_8	stackedElementsValue2	STRUCTURAL	field read StackedElements			
23	9	v23_9	glowValue	STRUCTURAL	field read Glow			
23	10	v23_10	stackedElementsValue3	STRUCTURAL	field read StackedElements			
23	11	v23_11	alertBackerValue	STRUCTURAL	field read AlertBacker			
23	12	v23_12	stackedElementsValue4	STRUCTURAL	field read StackedElements			
23	13	v23_13	alertValue	STRUCTURAL	field read Alert			
23	14	v23_14	stackedElementsValue5	STRUCTURAL	field read StackedElements			
23	15	v23_15	letterMarkerLValue	STRUCTURAL	field read LetterMarkerL			
23	16	v23_16	stackedElementsValue6	STRUCTURAL	field read StackedElements			
23	17	v23_17	letterMarkerRValue	STRUCTURAL	field read LetterMarkerR			
23	18	v23_18	value2	API_CONTRACT	semantic-sdk:lua:global_function:_GLOBAL:IsNull; confidence=STOCK_BYTECODE; status=CONFIRMED; evidence=WF-STOCK-BARD-BOXLOOP; argument 0 of IsNull			
23	20	v23_20	isNull2	API_CONTRACT	semantic-sdk:lua:global_function:_GLOBAL:IsNull; confidence=STOCK_BYTECODE; status=CONFIRMED; evidence=WF-STOCK-BARD-BOXLOOP; result of IsNull	boolean	API_CONTRACT	semantic-sdk:lua:global_function:_GLOBAL:IsNull; confidence=STOCK_BYTECODE; status=CONFIRMED; evidence=WF-STOCK-BARD-BOXLOOP; result of IsNull
23	21	v23_21	value3	API_CONTRACT	semantic-sdk:lua:global_function:_GLOBAL:IsNull; confidence=STOCK_BYTECODE; status=CONFIRMED; evidence=WF-STOCK-BARD-BOXLOOP; argument 0 of IsNull			
23	23	v23_23	isNull3	API_CONTRACT	semantic-sdk:lua:global_function:_GLOBAL:IsNull; confidence=STOCK_BYTECODE; status=CONFIRMED; evidence=WF-STOCK-BARD-BOXLOOP; result of IsNull	boolean	API_CONTRACT	semantic-sdk:lua:global_function:_GLOBAL:IsNull; confidence=STOCK_BYTECODE; status=CONFIRMED; evidence=WF-STOCK-BARD-BOXLOOP; result of IsNull
23	24	v23_24	value4	API_CONTRACT	semantic-sdk:lua:global_function:_GLOBAL:IsNull; confidence=STOCK_BYTECODE; status=CONFIRMED; evidence=WF-STOCK-BARD-BOXLOOP; argument 0 of IsNull			
23	26	v23_26	isNull4	API_CONTRACT	semantic-sdk:lua:global_function:_GLOBAL:IsNull; confidence=STOCK_BYTECODE; status=CONFIRMED; evidence=WF-STOCK-BARD-BOXLOOP; result of IsNull	boolean	API_CONTRACT	semantic-sdk:lua:global_function:_GLOBAL:IsNull; confidence=STOCK_BYTECODE; status=CONFIRMED; evidence=WF-STOCK-BARD-BOXLOOP; result of IsNull
23	27	v23_27	value5	API_CONTRACT	semantic-sdk:lua:global_function:_GLOBAL:IsNull; confidence=STOCK_BYTECODE; status=CONFIRMED; evidence=WF-STOCK-BARD-BOXLOOP; argument 0 of IsNull			
23	29	v23_29	isNull5	API_CONTRACT	semantic-sdk:lua:global_function:_GLOBAL:IsNull; confidence=STOCK_BYTECODE; status=CONFIRMED; evidence=WF-STOCK-BARD-BOXLOOP; result of IsNull	boolean	API_CONTRACT	semantic-sdk:lua:global_function:_GLOBAL:IsNull; confidence=STOCK_BYTECODE; status=CONFIRMED; evidence=WF-STOCK-BARD-BOXLOOP; result of IsNull
23	30	v23_30	value6	API_CONTRACT	semantic-sdk:lua:global_function:_GLOBAL:IsNull; confidence=STOCK_BYTECODE; status=CONFIRMED; evidence=WF-STOCK-BARD-BOXLOOP; argument 0 of IsNull			
23	32	v23_32	isNull6	API_CONTRACT	semantic-sdk:lua:global_function:_GLOBAL:IsNull; confidence=STOCK_BYTECODE; status=CONFIRMED; evidence=WF-STOCK-BARD-BOXLOOP; result of IsNull	boolean	API_CONTRACT	semantic-sdk:lua:global_function:_GLOBAL:IsNull; confidence=STOCK_BYTECODE; status=CONFIRMED; evidence=WF-STOCK-BARD-BOXLOOP; result of IsNull
23	33	v23_33	value7	API_CONTRACT	semantic-sdk:lua:global_function:_GLOBAL:IsNull; confidence=STOCK_BYTECODE; status=CONFIRMED; evidence=WF-STOCK-BARD-BOXLOOP; argument 0 of IsNull			
23	35	v23_35	isNull7	API_CONTRACT	semantic-sdk:lua:global_function:_GLOBAL:IsNull; confidence=STOCK_BYTECODE; status=CONFIRMED; evidence=WF-STOCK-BARD-BOXLOOP; result of IsNull	boolean	API_CONTRACT	semantic-sdk:lua:global_function:_GLOBAL:IsNull; confidence=STOCK_BYTECODE; status=CONFIRMED; evidence=WF-STOCK-BARD-BOXLOOP; result of IsNull
23	36	v23_36	value8	API_CONTRACT	semantic-sdk:lua:global_function:_GLOBAL:IsNull; confidence=STOCK_BYTECODE; status=CONFIRMED; evidence=WF-STOCK-BARD-BOXLOOP; argument 0 of IsNull			
23	38	v23_38	isNull8	API_CONTRACT	semantic-sdk:lua:global_function:_GLOBAL:IsNull; confidence=STOCK_BYTECODE; status=CONFIRMED; evidence=WF-STOCK-BARD-BOXLOOP; result of IsNull	boolean	API_CONTRACT	semantic-sdk:lua:global_function:_GLOBAL:IsNull; confidence=STOCK_BYTECODE; status=CONFIRMED; evidence=WF-STOCK-BARD-BOXLOOP; result of IsNull
23	39	v23_39	progressValue	STRUCTURAL	field read Progress			
23	41	v23_41	mathAbs	STRUCTURAL	call result of math.abs			
23	42	v23_42	progressValue2	STRUCTURAL	field read Progress			
23	43	v23_43	territoryTriggerValue	STRUCTURAL	field read TerritoryTrigger			
23	46	v23_46	isOccupied	STRUCTURAL	call result of IsOccupied			
23	47	v23_47	territoryTriggerValue2	STRUCTURAL	field read TerritoryTrigger			
23	51	v23_51	mClipNameValue	STRUCTURAL	field read mClipName			
23	54	v23_54	captureAlphaValue	STRUCTURAL	field read CaptureAlpha			
23	58	v23_58	ternaryValue	STRUCTURAL	field read Ternary			
23	59	v23_59	territoryTriggerValue3	STRUCTURAL	field read TerritoryTrigger			
23	63	v23_63	captureAlphaValue2	STRUCTURAL	field read CaptureAlpha			
23	65	v23_65	ternary	STRUCTURAL	call result of Ternary			
23	66	v23_66	alphaValue	STRUCTURAL	field read Alpha			
23	67	v23_67	mClipNameValue2	STRUCTURAL	field read mClipName			
23	73	v23_73	ternaryValue2	STRUCTURAL	field read Ternary			
23	74	v23_74	territoryTriggerValue4	STRUCTURAL	field read TerritoryTrigger			
23	80	v23_80	ternary2	STRUCTURAL	call result of Ternary			
23	81	v23_81	alphaValue2	STRUCTURAL	field read Alpha			
23	83	v23_83	mClipNameValue3	STRUCTURAL	field read mClipName			
23	85	v23_85	alphaValue3	STRUCTURAL	field read Alpha			
23	88	v23_88	mClipNameValue4	STRUCTURAL	field read mClipName			
23	90	v23_90	alphaValue4	STRUCTURAL	field read Alpha			
23	93	v23_93	value9	API_CONTRACT	semantic-sdk:lua:global_function:_GLOBAL:IsNull; confidence=STOCK_BYTECODE; status=CONFIRMED; evidence=WF-STOCK-BARD-BOXLOOP; argument 0 of IsNull			
23	95	v23_95	isNull9	API_CONTRACT	semantic-sdk:lua:global_function:_GLOBAL:IsNull; confidence=STOCK_BYTECODE; status=CONFIRMED; evidence=WF-STOCK-BARD-BOXLOOP; result of IsNull	boolean	API_CONTRACT	semantic-sdk:lua:global_function:_GLOBAL:IsNull; confidence=STOCK_BYTECODE; status=CONFIRMED; evidence=WF-STOCK-BARD-BOXLOOP; result of IsNull
23	96	v23_96	lastMarkerScaleValue	STRUCTURAL	field read LastMarkerScale			
23	97	v23_97	markerValue	STRUCTURAL	field read Marker			
23	102	v23_102	mClipNameValue5	STRUCTURAL	field read mClipName			
23	108	v23_108	alphaValue5	STRUCTURAL	field read Alpha			
23	110	v23_110	mClipNameValue6	STRUCTURAL	field read mClipName			
23	115	v23_115	alphaValue6	STRUCTURAL	field read Alpha			
23	118	v23_118	mClipNameValue7	STRUCTURAL	field read mClipName			
23	123	v23_123	mClipNameValue8	STRUCTURAL	field read mClipName			
23	128	v23_128	value10	API_CONTRACT	semantic-sdk:lua:global_function:_GLOBAL:IsNull; confidence=STOCK_BYTECODE; status=CONFIRMED; evidence=WF-STOCK-BARD-BOXLOOP; argument 0 of IsNull			
23	130	v23_130	isNull10	API_CONTRACT	semantic-sdk:lua:global_function:_GLOBAL:IsNull; confidence=STOCK_BYTECODE; status=CONFIRMED; evidence=WF-STOCK-BARD-BOXLOOP; result of IsNull	boolean	API_CONTRACT	semantic-sdk:lua:global_function:_GLOBAL:IsNull; confidence=STOCK_BYTECODE; status=CONFIRMED; evidence=WF-STOCK-BARD-BOXLOOP; result of IsNull
23	131	v23_131	lastMarkerScaleValue2	STRUCTURAL	field read LastMarkerScale			
23	132	v23_132	markerValue2	STRUCTURAL	field read Marker			
23	137	v23_137	showLetterMarkerValue	STRUCTURAL	field read ShowLetterMarker			
23	138	v23_138	alphaValue7	STRUCTURAL	field read Alpha			
23	141	v23_141	deltaTime	STRUCTURAL	call result of DeltaTime			
23	150	v23_150	mathMin	STRUCTURAL	call result of math.min			
23	151	v23_151	lerp	STRUCTURAL	call result of Lerp			
23	153	v23_153	mClipNameValue9	STRUCTURAL	field read mClipName			
23	158	v23_158	mClipNameValue10	STRUCTURAL	field read mClipName			
23	163	v23_163	alphaValue8	STRUCTURAL	field read Alpha			
23	166	v23_166	deltaTime2	STRUCTURAL	call result of DeltaTime			
23	175	v23_175	mathMax	STRUCTURAL	call result of math.max			
23	176	v23_176	lerp2	STRUCTURAL	call result of Lerp			
23	178	v23_178	mClipNameValue11	STRUCTURAL	field read mClipName			
23	183	v23_183	mClipNameValue12	STRUCTURAL	field read mClipName			
24	3	v24_3	value	API_CONTRACT	semantic-sdk:lua:global_function:_GLOBAL:IsNull; confidence=STOCK_BYTECODE; status=CONFIRMED; evidence=WF-STOCK-BARD-BOXLOOP; argument 0 of IsNull			
24	5	v24_5	isNull	API_CONTRACT	semantic-sdk:lua:global_function:_GLOBAL:IsNull; confidence=STOCK_BYTECODE; status=CONFIRMED; evidence=WF-STOCK-BARD-BOXLOOP; result of IsNull	boolean	API_CONTRACT	semantic-sdk:lua:global_function:_GLOBAL:IsNull; confidence=STOCK_BYTECODE; status=CONFIRMED; evidence=WF-STOCK-BARD-BOXLOOP; result of IsNull
24	6	v24_6	stackedElementsValue	STRUCTURAL	field read StackedElements			
24	7	v24_7	glowValue	STRUCTURAL	field read Glow			
24	8	v24_8	stackedElementsValue2	STRUCTURAL	field read StackedElements			
24	9	v24_9	letterFrameValue	STRUCTURAL	field read LetterFrame			
24	10	v24_10	stackedElementsValue3	STRUCTURAL	field read StackedElements			
24	11	v24_11	factionIconValue	STRUCTURAL	field read FactionIcon			
24	12	v24_12	stackedElementsValue4	STRUCTURAL	field read StackedElements			
24	13	v24_13	alertBackerValue	STRUCTURAL	field read AlertBacker			
24	14	v24_14	stackedElementsValue5	STRUCTURAL	field read StackedElements			
24	15	v24_15	alertValue	STRUCTURAL	field read Alert			
24	16	v24_16	value2	API_CONTRACT	semantic-sdk:lua:global_function:_GLOBAL:IsNull; confidence=STOCK_BYTECODE; status=CONFIRMED; evidence=WF-STOCK-BARD-BOXLOOP; argument 0 of IsNull			
24	18	v24_18	isNull2	API_CONTRACT	semantic-sdk:lua:global_function:_GLOBAL:IsNull; confidence=STOCK_BYTECODE; status=CONFIRMED; evidence=WF-STOCK-BARD-BOXLOOP; result of IsNull	boolean	API_CONTRACT	semantic-sdk:lua:global_function:_GLOBAL:IsNull; confidence=STOCK_BYTECODE; status=CONFIRMED; evidence=WF-STOCK-BARD-BOXLOOP; result of IsNull
24	19	v24_19	value3	API_CONTRACT	semantic-sdk:lua:global_function:_GLOBAL:IsNull; confidence=STOCK_BYTECODE; status=CONFIRMED; evidence=WF-STOCK-BARD-BOXLOOP; argument 0 of IsNull			
24	21	v24_21	isNull3	API_CONTRACT	semantic-sdk:lua:global_function:_GLOBAL:IsNull; confidence=STOCK_BYTECODE; status=CONFIRMED; evidence=WF-STOCK-BARD-BOXLOOP; result of IsNull	boolean	API_CONTRACT	semantic-sdk:lua:global_function:_GLOBAL:IsNull; confidence=STOCK_BYTECODE; status=CONFIRMED; evidence=WF-STOCK-BARD-BOXLOOP; result of IsNull
24	22	v24_22	value4	API_CONTRACT	semantic-sdk:lua:global_function:_GLOBAL:IsNull; confidence=STOCK_BYTECODE; status=CONFIRMED; evidence=WF-STOCK-BARD-BOXLOOP; argument 0 of IsNull			
24	24	v24_24	isNull4	API_CONTRACT	semantic-sdk:lua:global_function:_GLOBAL:IsNull; confidence=STOCK_BYTECODE; status=CONFIRMED; evidence=WF-STOCK-BARD-BOXLOOP; result of IsNull	boolean	API_CONTRACT	semantic-sdk:lua:global_function:_GLOBAL:IsNull; confidence=STOCK_BYTECODE; status=CONFIRMED; evidence=WF-STOCK-BARD-BOXLOOP; result of IsNull
24	25	v24_25	value5	API_CONTRACT	semantic-sdk:lua:global_function:_GLOBAL:IsNull; confidence=STOCK_BYTECODE; status=CONFIRMED; evidence=WF-STOCK-BARD-BOXLOOP; argument 0 of IsNull			
24	27	v24_27	isNull5	API_CONTRACT	semantic-sdk:lua:global_function:_GLOBAL:IsNull; confidence=STOCK_BYTECODE; status=CONFIRMED; evidence=WF-STOCK-BARD-BOXLOOP; result of IsNull	boolean	API_CONTRACT	semantic-sdk:lua:global_function:_GLOBAL:IsNull; confidence=STOCK_BYTECODE; status=CONFIRMED; evidence=WF-STOCK-BARD-BOXLOOP; result of IsNull
24	28	v24_28	value6	API_CONTRACT	semantic-sdk:lua:global_function:_GLOBAL:IsNull; confidence=STOCK_BYTECODE; status=CONFIRMED; evidence=WF-STOCK-BARD-BOXLOOP; argument 0 of IsNull			
24	30	v24_30	isNull6	API_CONTRACT	semantic-sdk:lua:global_function:_GLOBAL:IsNull; confidence=STOCK_BYTECODE; status=CONFIRMED; evidence=WF-STOCK-BARD-BOXLOOP; result of IsNull	boolean	API_CONTRACT	semantic-sdk:lua:global_function:_GLOBAL:IsNull; confidence=STOCK_BYTECODE; status=CONFIRMED; evidence=WF-STOCK-BARD-BOXLOOP; result of IsNull
24	31	v24_31	initializedValue	STRUCTURAL	field read Initialized			
24	33	v24_33	updatingHudColorsValue	STRUCTURAL	field read UpdatingHudColors			
24	34	v24_34	value7	API_CONTRACT	semantic-sdk:lua:global_function:_GLOBAL:IsNull; confidence=STOCK_BYTECODE; status=CONFIRMED; evidence=WF-STOCK-BARD-BOXLOOP; argument 0 of IsNull			
24	36	v24_36	isNull7	API_CONTRACT	semantic-sdk:lua:global_function:_GLOBAL:IsNull; confidence=STOCK_BYTECODE; status=CONFIRMED; evidence=WF-STOCK-BARD-BOXLOOP; result of IsNull	boolean	API_CONTRACT	semantic-sdk:lua:global_function:_GLOBAL:IsNull; confidence=STOCK_BYTECODE; status=CONFIRMED; evidence=WF-STOCK-BARD-BOXLOOP; result of IsNull
24	39	v24_39	tGetHudCustomizationColor	STRUCTURAL	call result of _T.GetHudCustomizationColor			
24	40	v24_40	mClipNameValue	STRUCTURAL	field read mClipName			
24	46	v24_46	mClipNameValue2	STRUCTURAL	field read mClipName			
24	52	v24_52	initializedValue2	STRUCTURAL	field read Initialized			
24	54	v24_54	mClipNameValue3	STRUCTURAL	field read mClipName			
24	58	v24_58	uIMaterial_RectangleNoDepthValue	STRUCTURAL	field read UIMaterial_RectangleNoDepth			
24	61	v24_61	mClipNameValue4	STRUCTURAL	field read mClipName			
24	65	v24_65	uIColor_BlackValue	STRUCTURAL	field read UIColor_Black			
24	68	v24_68	mClipNameValue5	STRUCTURAL	field read mClipName			
24	78	v24_78	mClipNameValue6	STRUCTURAL	field read mClipName			
24	88	v24_88	mClipNameValue7	STRUCTURAL	field read mClipName			
24	94	v24_94	mClipNameValue8	STRUCTURAL	field read mClipName			
24	100	v24_100	mClipNameValue9	STRUCTURAL	field read mClipName			
24	106	v24_106	stateValue	STRUCTURAL	field read State			
24	109	v24_109	ternaryValue	STRUCTURAL	field read Ternary			
24	110	v24_110	stateValue2	STRUCTURAL	field read State			
24	115	v24_115	ternary	STRUCTURAL	call result of Ternary			
24	116	v24_116	value8	API_CONTRACT	semantic-sdk:lua:global_function:_GLOBAL:IsNull; confidence=STOCK_BYTECODE; status=CONFIRMED; evidence=WF-STOCK-BARD-BOXLOOP; argument 0 of IsNull			
24	118	v24_118	isNull8	API_CONTRACT	semantic-sdk:lua:global_function:_GLOBAL:IsNull; confidence=STOCK_BYTECODE; status=CONFIRMED; evidence=WF-STOCK-BARD-BOXLOOP; result of IsNull	boolean	API_CONTRACT	semantic-sdk:lua:global_function:_GLOBAL:IsNull; confidence=STOCK_BYTECODE; status=CONFIRMED; evidence=WF-STOCK-BARD-BOXLOOP; result of IsNull
24	121	v24_121	tGetHudCustomizationColor2	STRUCTURAL	call result of _T.GetHudCustomizationColor			
24	122	v24_122	mClipNameValue10	STRUCTURAL	field read mClipName			
24	128	v24_128	mClipNameValue11	STRUCTURAL	field read mClipName			
25	1	v25_1	value	API_CONTRACT	semantic-sdk:lua:global_function:_GLOBAL:IsNull; confidence=STOCK_BYTECODE; status=CONFIRMED; evidence=WF-STOCK-BARD-BOXLOOP; argument 0 of IsNull			
25	3	v25_3	isNull	API_CONTRACT	semantic-sdk:lua:global_function:_GLOBAL:IsNull; confidence=STOCK_BYTECODE; status=CONFIRMED; evidence=WF-STOCK-BARD-BOXLOOP; result of IsNull	boolean	API_CONTRACT	semantic-sdk:lua:global_function:_GLOBAL:IsNull; confidence=STOCK_BYTECODE; status=CONFIRMED; evidence=WF-STOCK-BARD-BOXLOOP; result of IsNull
25	6	v25_6	value2	API_CONTRACT	semantic-sdk:lua:global_function:_GLOBAL:IsNull; confidence=STOCK_BYTECODE; status=CONFIRMED; evidence=WF-STOCK-BARD-BOXLOOP; argument 0 of IsNull			
25	8	v25_8	isNull2	API_CONTRACT	semantic-sdk:lua:global_function:_GLOBAL:IsNull; confidence=STOCK_BYTECODE; status=CONFIRMED; evidence=WF-STOCK-BARD-BOXLOOP; result of IsNull	boolean	API_CONTRACT	semantic-sdk:lua:global_function:_GLOBAL:IsNull; confidence=STOCK_BYTECODE; status=CONFIRMED; evidence=WF-STOCK-BARD-BOXLOOP; result of IsNull
25	11	v25_11	movieValue	STRUCTURAL	field read Movie			
25	14	v25_14	tableValue	STRUCTURAL	verified NEWTABLE value			
25	16	v25_16	tableValue2	STRUCTURAL	verified NEWTABLE value			
26	1	p26_1	avatar	API_CONTRACT	semantic-sdk:lua:method:Avatar:GetPlayer; confidence=LIVE_CONFIRMED; status=CONFIRMED; evidence=WF-LIVE-MALLET-2026-08-23; receiver of GetPlayer	Avatar	API_CONTRACT	semantic-sdk:lua:method:Avatar:GetPlayer; confidence=LIVE_CONFIRMED; status=CONFIRMED; evidence=WF-LIVE-MALLET-2026-08-23; receiver of GetPlayer
26	4	v26_4	value	API_CONTRACT	semantic-sdk:lua:global_function:_GLOBAL:IsNull; confidence=STOCK_BYTECODE; status=CONFIRMED; evidence=WF-STOCK-BARD-BOXLOOP; argument 0 of IsNull			
26	6	v26_6	isNull	API_CONTRACT	semantic-sdk:lua:global_function:_GLOBAL:IsNull; confidence=STOCK_BYTECODE; status=CONFIRMED; evidence=WF-STOCK-BARD-BOXLOOP; result of IsNull	boolean	API_CONTRACT	semantic-sdk:lua:global_function:_GLOBAL:IsNull; confidence=STOCK_BYTECODE; status=CONFIRMED; evidence=WF-STOCK-BARD-BOXLOOP; result of IsNull
26	8	v26_8	value2	API_CONTRACT	semantic-sdk:lua:global_function:_GLOBAL:IsNull; confidence=STOCK_BYTECODE; status=CONFIRMED; evidence=WF-STOCK-BARD-BOXLOOP; argument 0 of IsNull			
26	10	v26_10	isNull2	API_CONTRACT	semantic-sdk:lua:global_function:_GLOBAL:IsNull; confidence=STOCK_BYTECODE; status=CONFIRMED; evidence=WF-STOCK-BARD-BOXLOOP; result of IsNull	boolean	API_CONTRACT	semantic-sdk:lua:global_function:_GLOBAL:IsNull; confidence=STOCK_BYTECODE; status=CONFIRMED; evidence=WF-STOCK-BARD-BOXLOOP; result of IsNull
26	13	v26_13	state	STRUCTURAL	call result of GetState			
26	16	v26_16	label	STRUCTURAL	call result of GetLabel			
26	19	v26_19	tonumber2	STRUCTURAL	call result of tonumber			
26	23	v26_23	captureProgress	STRUCTURAL	call result of GetCaptureProgress			
26	26	v26_26	mathFloor	STRUCTURAL	call result of math.floor			
26	31	v26_31	time	STRUCTURAL	call result of Time			
26	35	v26_35	mathSin	STRUCTURAL	call result of math.sin			
26	41	v26_41	isFriendlyFaction	STRUCTURAL	call result of IsFriendlyFaction			
26	46	v26_46	isFriendlyFaction2	STRUCTURAL	call result of IsFriendlyFaction			
26	50	v26_50	listValue	STRUCTURAL	field read List			
26	51	v26_51	mElementsValue	STRUCTURAL	field read mElements			
26	54	v26_54	stateValue	STRUCTURAL	field read State			
26	55	v26_55	territoryTriggerValue	STRUCTURAL	field read TerritoryTrigger			
26	56	v26_56	stackedElementsValue	STRUCTURAL	field read StackedElements			
26	58	v26_58	ternaryValue	STRUCTURAL	field read Ternary			
26	62	v26_62	ternary	STRUCTURAL	call result of Ternary			
26	63	v26_63	stackedElementsValue2	STRUCTURAL	field read StackedElements			
26	64	v26_64	factionIconValue	STRUCTURAL	field read FactionIcon			
26	66	v26_66	ternaryValue2	STRUCTURAL	field read Ternary			
26	67	v26_67	stateValue2	STRUCTURAL	field read State			
26	72	v26_72	ternary2	STRUCTURAL	call result of Ternary			
26	73	v26_73	iconValue	STRUCTURAL	field read Icon			
26	74	v26_74	stackedElementsValue3	STRUCTURAL	field read StackedElements			
26	75	v26_75	letterFrameValue	STRUCTURAL	field read LetterFrame			
26	79	v26_79	isTouching	STRUCTURAL	call result of IsTouching			
26	84	v26_84	mathAbs	STRUCTURAL	call result of math.abs			
26	93	v26_93	value3	API_CONTRACT	semantic-sdk:lua:global_function:_GLOBAL:IsNull; confidence=STOCK_BYTECODE; status=CONFIRMED; evidence=WF-STOCK-BARD-BOXLOOP; argument 0 of IsNull			
26	95	v26_95	isNull3	API_CONTRACT	semantic-sdk:lua:global_function:_GLOBAL:IsNull; confidence=STOCK_BYTECODE; status=CONFIRMED; evidence=WF-STOCK-BARD-BOXLOOP; result of IsNull	boolean	API_CONTRACT	semantic-sdk:lua:global_function:_GLOBAL:IsNull; confidence=STOCK_BYTECODE; status=CONFIRMED; evidence=WF-STOCK-BARD-BOXLOOP; result of IsNull
26	98	v26_98	movieValue	STRUCTURAL	field read Movie			
26	101	v26_101	tableValue	STRUCTURAL	verified NEWTABLE value			
26	103	v26_103	tableValue2	STRUCTURAL	verified NEWTABLE value			
26	108	v26_108	playerHandle	API_CONTRACT	semantic-sdk:lua:method:Avatar:GetPlayer; confidence=LIVE_CONFIRMED; status=CONFIRMED; evidence=WF-LIVE-MALLET-2026-08-23; result of GetPlayer	PlayerHandle|unknown	API_CONTRACT	semantic-sdk:lua:method:Avatar:GetPlayer; confidence=LIVE_CONFIRMED; status=CONFIRMED; evidence=WF-LIVE-MALLET-2026-08-23; result of GetPlayer
26	109	v26_109	value4	API_CONTRACT	semantic-sdk:lua:global_function:_GLOBAL:IsNull; confidence=STOCK_BYTECODE; status=CONFIRMED; evidence=WF-STOCK-BARD-BOXLOOP; argument 0 of IsNull			
26	111	v26_111	isNull4	API_CONTRACT	semantic-sdk:lua:global_function:_GLOBAL:IsNull; confidence=STOCK_BYTECODE; status=CONFIRMED; evidence=WF-STOCK-BARD-BOXLOOP; result of IsNull	boolean	API_CONTRACT	semantic-sdk:lua:global_function:_GLOBAL:IsNull; confidence=STOCK_BYTECODE; status=CONFIRMED; evidence=WF-STOCK-BARD-BOXLOOP; result of IsNull
26	125	v26_125	addTimer	STRUCTURAL	call result of AddTimer			
26	127	v26_127	value5	API_CONTRACT	semantic-sdk:lua:global_function:_GLOBAL:IsNull; confidence=STOCK_BYTECODE; status=CONFIRMED; evidence=WF-STOCK-BARD-BOXLOOP; argument 0 of IsNull			
26	129	v26_129	isNull5	API_CONTRACT	semantic-sdk:lua:global_function:_GLOBAL:IsNull; confidence=STOCK_BYTECODE; status=CONFIRMED; evidence=WF-STOCK-BARD-BOXLOOP; result of IsNull	boolean	API_CONTRACT	semantic-sdk:lua:global_function:_GLOBAL:IsNull; confidence=STOCK_BYTECODE; status=CONFIRMED; evidence=WF-STOCK-BARD-BOXLOOP; result of IsNull
26	139	v26_139	movieValue2	STRUCTURAL	field read Movie			
26	144	v26_144	localized	STRUCTURAL	call result of GetLocalized			
26	147	v26_147	movieValue3	STRUCTURAL	field read Movie			
26	154	v26_154	movieValue4	STRUCTURAL	field read Movie			
26	164	v26_164	hasdefenseMOD	STRUCTURAL	call result of HasdefenseMOD			
26	166	v26_166	localize	STRUCTURAL	call result of Localize			
26	168	v26_168	movieValue5	STRUCTURAL	field read Movie			
26	173	v26_173	stringUpper	STRUCTURAL	call result of string.upper			
26	174	v26_174	stringUpper2	STRUCTURAL	call result of string.upper			
26	178	v26_178	movieValue6	STRUCTURAL	field read Movie			
26	184	v26_184	value6	API_CONTRACT	semantic-sdk:lua:global_function:_GLOBAL:IsNull; confidence=STOCK_BYTECODE; status=CONFIRMED; evidence=WF-STOCK-BARD-BOXLOOP; argument 0 of IsNull			
26	186	v26_186	isNull6	API_CONTRACT	semantic-sdk:lua:global_function:_GLOBAL:IsNull; confidence=STOCK_BYTECODE; status=CONFIRMED; evidence=WF-STOCK-BARD-BOXLOOP; result of IsNull	boolean	API_CONTRACT	semantic-sdk:lua:global_function:_GLOBAL:IsNull; confidence=STOCK_BYTECODE; status=CONFIRMED; evidence=WF-STOCK-BARD-BOXLOOP; result of IsNull
26	187	v26_187	showLetterMarkerValue	STRUCTURAL	field read ShowLetterMarker			
26	189	v26_189	value7	API_CONTRACT	semantic-sdk:lua:global_function:_GLOBAL:IsNull; confidence=STOCK_BYTECODE; status=CONFIRMED; evidence=WF-STOCK-BARD-BOXLOOP; argument 0 of IsNull			
26	191	v26_191	isNull7	API_CONTRACT	semantic-sdk:lua:global_function:_GLOBAL:IsNull; confidence=STOCK_BYTECODE; status=CONFIRMED; evidence=WF-STOCK-BARD-BOXLOOP; result of IsNull	boolean	API_CONTRACT	semantic-sdk:lua:global_function:_GLOBAL:IsNull; confidence=STOCK_BYTECODE; status=CONFIRMED; evidence=WF-STOCK-BARD-BOXLOOP; result of IsNull
26	192	v26_192	showLetterMarkerValue2	STRUCTURAL	field read ShowLetterMarker			
26	195	v26_195	listValue2	STRUCTURAL	field read List			
26	196	v26_196	mElementDrawCallbackValue	STRUCTURAL	field read mElementDrawCallback			
26	198	v26_198	value8	API_CONTRACT	semantic-sdk:lua:global_function:_GLOBAL:IsNull; confidence=STOCK_BYTECODE; status=CONFIRMED; evidence=WF-STOCK-BARD-BOXLOOP; argument 0 of IsNull			
26	200	v26_200	isNull8	API_CONTRACT	semantic-sdk:lua:global_function:_GLOBAL:IsNull; confidence=STOCK_BYTECODE; status=CONFIRMED; evidence=WF-STOCK-BARD-BOXLOOP; result of IsNull	boolean	API_CONTRACT	semantic-sdk:lua:global_function:_GLOBAL:IsNull; confidence=STOCK_BYTECODE; status=CONFIRMED; evidence=WF-STOCK-BARD-BOXLOOP; result of IsNull
26	203	v26_203	movieValue7	STRUCTURAL	field read Movie			
26	205	v26_205	listValue3	STRUCTURAL	field read List			
27	1	v27_1	region	STRUCTURAL	exact engine global gRegion	Region	API_CONTRACT	semantic-sdk:lua:method:Region:GetLocalPlayerAvatar; confidence=LIVE_CONFIRMED; status=CONFIRMED; evidence=WF-LIVE-OCTAVIA-FLOAT-2026-08-27;WF-STOCK-GRAVITY-PAIR-CENSUS; receiver of GetLocalPlayerAvatar
27	4	v27_4	avatar_ref_or_null_unresolved	API_CONTRACT	semantic-sdk:lua:method:Region:GetLocalPlayerAvatar; confidence=LIVE_CONFIRMED; status=CONFIRMED; evidence=WF-LIVE-OCTAVIA-FLOAT-2026-08-27;WF-STOCK-GRAVITY-PAIR-CENSUS; result of GetLocalPlayerAvatar	Avatar_ref_or_null_unresolved	API_CONTRACT	semantic-sdk:lua:method:Region:GetLocalPlayerAvatar; confidence=LIVE_CONFIRMED; status=CONFIRMED; evidence=WF-LIVE-OCTAVIA-FLOAT-2026-08-27;WF-STOCK-GRAVITY-PAIR-CENSUS; result of GetLocalPlayerAvatar
27	5	v27_5	value	API_CONTRACT	semantic-sdk:lua:global_function:_GLOBAL:IsNull; confidence=STOCK_BYTECODE; status=CONFIRMED; evidence=WF-STOCK-BARD-BOXLOOP; argument 0 of IsNull			
27	7	v27_7	isNull	API_CONTRACT	semantic-sdk:lua:global_function:_GLOBAL:IsNull; confidence=STOCK_BYTECODE; status=CONFIRMED; evidence=WF-STOCK-BARD-BOXLOOP; result of IsNull	boolean	API_CONTRACT	semantic-sdk:lua:global_function:_GLOBAL:IsNull; confidence=STOCK_BYTECODE; status=CONFIRMED; evidence=WF-STOCK-BARD-BOXLOOP; result of IsNull
27	10	v27_10	faction	CORPUS_CATALOG	semantic-sdk:lua:method:AvatarOrEntity:GetFaction; confidence=OBSERVED_STABLE_ARGS; status=CATALOG_ONLY; evidence=; result of GetFaction	Faction	CORPUS_CATALOG	semantic-sdk:lua:method:AvatarOrEntity:GetFaction; confidence=OBSERVED_STABLE_ARGS; status=CATALOG_ONLY; evidence=; result of GetFaction
27	13	v27_13	ipairs1	STRUCTURAL	call result of ipairs			
27	14	v27_14	ipairs2	STRUCTURAL	call result of ipairs			
27	15	v27_15	ipairs3	STRUCTURAL	call result of ipairs			
28	1	v28_1	value	API_CONTRACT	semantic-sdk:lua:global_function:_GLOBAL:IsNull; confidence=STOCK_BYTECODE; status=CONFIRMED; evidence=WF-STOCK-BARD-BOXLOOP; argument 0 of IsNull			
28	3	v28_3	isNull	API_CONTRACT	semantic-sdk:lua:global_function:_GLOBAL:IsNull; confidence=STOCK_BYTECODE; status=CONFIRMED; evidence=WF-STOCK-BARD-BOXLOOP; result of IsNull	boolean	API_CONTRACT	semantic-sdk:lua:global_function:_GLOBAL:IsNull; confidence=STOCK_BYTECODE; status=CONFIRMED; evidence=WF-STOCK-BARD-BOXLOOP; result of IsNull
28	4	v28_4	value2	API_CONTRACT	semantic-sdk:lua:global_function:_GLOBAL:IsNull; confidence=STOCK_BYTECODE; status=CONFIRMED; evidence=WF-STOCK-BARD-BOXLOOP; argument 0 of IsNull			
28	6	v28_6	isNull2	API_CONTRACT	semantic-sdk:lua:global_function:_GLOBAL:IsNull; confidence=STOCK_BYTECODE; status=CONFIRMED; evidence=WF-STOCK-BARD-BOXLOOP; result of IsNull	boolean	API_CONTRACT	semantic-sdk:lua:global_function:_GLOBAL:IsNull; confidence=STOCK_BYTECODE; status=CONFIRMED; evidence=WF-STOCK-BARD-BOXLOOP; result of IsNull
28	7	v28_7	levelOverrideValue	STRUCTURAL	field read levelOverride			
28	10	v28_10	fullName	STRUCTURAL	call result of GetFullName			
28	14	v28_14	tostring2	STRUCTURAL	call result of tostring			
28	16	v28_16	stringFind	STRUCTURAL	call result of string.find			
29	3	v29_3	mission	STRUCTURAL	call result of GetMission			
29	4	v29_4	value	API_CONTRACT	semantic-sdk:lua:global_function:_GLOBAL:IsNull; confidence=STOCK_BYTECODE; status=CONFIRMED; evidence=WF-STOCK-BARD-BOXLOOP; argument 0 of IsNull			
29	6	v29_6	isNull	API_CONTRACT	semantic-sdk:lua:global_function:_GLOBAL:IsNull; confidence=STOCK_BYTECODE; status=CONFIRMED; evidence=WF-STOCK-BARD-BOXLOOP; result of IsNull	boolean	API_CONTRACT	semantic-sdk:lua:global_function:_GLOBAL:IsNull; confidence=STOCK_BYTECODE; status=CONFIRMED; evidence=WF-STOCK-BARD-BOXLOOP; result of IsNull
29	7	v29_7	goalTagValue	STRUCTURAL	field read goalTag			
29	9	v29_9	qUEST_GOAL_TAGValue	STRUCTURAL	field read QUEST_GOAL_TAG			
30	5	v30_5	sharedState	STRUCTURAL	exact engine global _T			
30	7	v30_7	sharedState2	STRUCTURAL	exact engine global _T			
31	0	v31_0	value	API_CONTRACT	semantic-sdk:lua:global_function:_GLOBAL:IsNull; confidence=STOCK_BYTECODE; status=CONFIRMED; evidence=WF-STOCK-BARD-BOXLOOP; argument 0 of IsNull			
31	2	v31_2	isNull	API_CONTRACT	semantic-sdk:lua:global_function:_GLOBAL:IsNull; confidence=STOCK_BYTECODE; status=CONFIRMED; evidence=WF-STOCK-BARD-BOXLOOP; result of IsNull	boolean	API_CONTRACT	semantic-sdk:lua:global_function:_GLOBAL:IsNull; confidence=STOCK_BYTECODE; status=CONFIRMED; evidence=WF-STOCK-BARD-BOXLOOP; result of IsNull
31	10	v31_10	value2	API_CONTRACT	semantic-sdk:lua:global_function:_GLOBAL:IsNull; confidence=STOCK_BYTECODE; status=CONFIRMED; evidence=WF-STOCK-BARD-BOXLOOP; argument 0 of IsNull			
31	12	v31_12	isNull2	API_CONTRACT	semantic-sdk:lua:global_function:_GLOBAL:IsNull; confidence=STOCK_BYTECODE; status=CONFIRMED; evidence=WF-STOCK-BARD-BOXLOOP; result of IsNull	boolean	API_CONTRACT	semantic-sdk:lua:global_function:_GLOBAL:IsNull; confidence=STOCK_BYTECODE; status=CONFIRMED; evidence=WF-STOCK-BARD-BOXLOOP; result of IsNull
31	17	v31_17	value3	API_CONTRACT	semantic-sdk:lua:global_function:_GLOBAL:IsNull; confidence=STOCK_BYTECODE; status=CONFIRMED; evidence=WF-STOCK-BARD-BOXLOOP; argument 0 of IsNull			
31	19	v31_19	isNull3	API_CONTRACT	semantic-sdk:lua:global_function:_GLOBAL:IsNull; confidence=STOCK_BYTECODE; status=CONFIRMED; evidence=WF-STOCK-BARD-BOXLOOP; result of IsNull	boolean	API_CONTRACT	semantic-sdk:lua:global_function:_GLOBAL:IsNull; confidence=STOCK_BYTECODE; status=CONFIRMED; evidence=WF-STOCK-BARD-BOXLOOP; result of IsNull
31	28	v31_28	require2	STRUCTURAL	call result of require			
31	29	v31_29	createTimerMgrValue	STRUCTURAL	field read CreateTimerMgr			
31	30	v31_30	timerMgr	STRUCTURAL	call result of CreateTimerMgr			
31	32	v31_32	engineIsMobile	STRUCTURAL	call result of Engine.IsMobile			
31	34	v31_34	setPrimaryObjTextValue	STRUCTURAL	field read SetPrimaryObjText			
31	37	v31_37	setPrimaryObjText	STRUCTURAL	call result of SetPrimaryObjText			
31	38	v31_38	setOffsetValue	STRUCTURAL	field read SetOffset			
31	43	v31_43	setPrimaryObjTextValue2	STRUCTURAL	field read SetPrimaryObjText			
31	50	v31_50	hT_OPPONENT_BARValue	STRUCTURAL	field read HT_OPPONENT_BAR			
31	54	v31_54	tAddHudTracker	STRUCTURAL	call result of _T.AddHudTracker			
31	58	v31_58	hT_ICON_BARValue	STRUCTURAL	field read HT_ICON_BAR			
31	62	v31_62	tAddHudTracker2	STRUCTURAL	call result of _T.AddHudTracker			
31	64	v31_64	removeIconsValue	STRUCTURAL	field read RemoveIcons			
31	67	v31_67	engineIsMobile2	STRUCTURAL	call result of Engine.IsMobile			
31	70	v31_70	engineIsMobile3	STRUCTURAL	call result of Engine.IsMobile			
31	72	v31_72	setOffsetValue2	STRUCTURAL	field read SetOffset			
31	77	v31_77	setHeightValue	STRUCTURAL	field read SetHeight			
31	80	v31_80	engineIsMobile4	STRUCTURAL	call result of Engine.IsMobile			
31	82	v31_82	setOffsetValue3	STRUCTURAL	field read SetOffset			
31	86	v31_86	setUpperFactionIconValue	STRUCTURAL	field read SetUpperFactionIcon			
31	89	v31_89	setUpperColorValue	STRUCTURAL	field read SetUpperColor			
31	95	v31_95	mission	STRUCTURAL	call result of GetMission			
31	96	v31_96	value4	API_CONTRACT	semantic-sdk:lua:global_function:_GLOBAL:IsNull; confidence=STOCK_BYTECODE; status=CONFIRMED; evidence=WF-STOCK-BARD-BOXLOOP; argument 0 of IsNull			
31	98	v31_98	isNull4	API_CONTRACT	semantic-sdk:lua:global_function:_GLOBAL:IsNull; confidence=STOCK_BYTECODE; status=CONFIRMED; evidence=WF-STOCK-BARD-BOXLOOP; result of IsNull	boolean	API_CONTRACT	semantic-sdk:lua:global_function:_GLOBAL:IsNull; confidence=STOCK_BYTECODE; status=CONFIRMED; evidence=WF-STOCK-BARD-BOXLOOP; result of IsNull
31	99	v31_99	value5	API_CONTRACT	semantic-sdk:lua:global_function:_GLOBAL:IsNull; confidence=STOCK_BYTECODE; status=CONFIRMED; evidence=WF-STOCK-BARD-BOXLOOP; argument 0 of IsNull			
31	101	v31_101	isNull5	API_CONTRACT	semantic-sdk:lua:global_function:_GLOBAL:IsNull; confidence=STOCK_BYTECODE; status=CONFIRMED; evidence=WF-STOCK-BARD-BOXLOOP; result of IsNull	boolean	API_CONTRACT	semantic-sdk:lua:global_function:_GLOBAL:IsNull; confidence=STOCK_BYTECODE; status=CONFIRMED; evidence=WF-STOCK-BARD-BOXLOOP; result of IsNull
31	102	v31_102	levelOverrideValue	STRUCTURAL	field read levelOverride			
31	105	v31_105	fullName	STRUCTURAL	call result of GetFullName			
31	109	v31_109	tostring2	STRUCTURAL	call result of tostring			
31	111	v31_111	stringFind	STRUCTURAL	call result of string.find			
31	116	v31_116	mission2	STRUCTURAL	call result of GetMission			
31	117	v31_117	value6	API_CONTRACT	semantic-sdk:lua:global_function:_GLOBAL:IsNull; confidence=STOCK_BYTECODE; status=CONFIRMED; evidence=WF-STOCK-BARD-BOXLOOP; argument 0 of IsNull			
31	119	v31_119	isNull6	API_CONTRACT	semantic-sdk:lua:global_function:_GLOBAL:IsNull; confidence=STOCK_BYTECODE; status=CONFIRMED; evidence=WF-STOCK-BARD-BOXLOOP; result of IsNull	boolean	API_CONTRACT	semantic-sdk:lua:global_function:_GLOBAL:IsNull; confidence=STOCK_BYTECODE; status=CONFIRMED; evidence=WF-STOCK-BARD-BOXLOOP; result of IsNull
31	120	v31_120	goalTagValue	STRUCTURAL	field read goalTag			
31	122	v31_122	qUEST_GOAL_TAGValue	STRUCTURAL	field read QUEST_GOAL_TAG			
31	128	v31_128	symbol	STRUCTURAL	call result of Symbol			
31	137	v31_137	objectiveMarker	STRUCTURAL	call result of GetObjectiveMarker			
31	142	v31_142	tag	STRUCTURAL	call result of GetTag			
31	143	v31_143	value7	API_CONTRACT	semantic-sdk:lua:global_function:_GLOBAL:IsNull; confidence=STOCK_BYTECODE; status=CONFIRMED; evidence=WF-STOCK-BARD-BOXLOOP; argument 0 of IsNull			
31	145	v31_145	isNull7	API_CONTRACT	semantic-sdk:lua:global_function:_GLOBAL:IsNull; confidence=STOCK_BYTECODE; status=CONFIRMED; evidence=WF-STOCK-BARD-BOXLOOP; result of IsNull	boolean	API_CONTRACT	semantic-sdk:lua:global_function:_GLOBAL:IsNull; confidence=STOCK_BYTECODE; status=CONFIRMED; evidence=WF-STOCK-BARD-BOXLOOP; result of IsNull
31	154	v31_154	setUpperFactionIconValue2	STRUCTURAL	field read SetUpperFactionIcon			
31	157	v31_157	setUpperFactionLabelValue	STRUCTURAL	field read SetUpperFactionLabel			
31	162	v31_162	localize	STRUCTURAL	call result of Localize			
31	163	v31_163	localize2	STRUCTURAL	call result of Localize			
31	164	v31_164	localize3	STRUCTURAL	call result of Localize			
31	165	v31_165	localize4	STRUCTURAL	call result of Localize			
31	166	v31_166	localize5	STRUCTURAL	call result of Localize			
31	167	v31_167	localize6	STRUCTURAL	call result of Localize			
31	168	v31_168	localize7	STRUCTURAL	call result of Localize			
31	169	v31_169	localize8	STRUCTURAL	call result of Localize			
31	170	v31_170	localize9	STRUCTURAL	call result of Localize			
31	171	v31_171	localize10	STRUCTURAL	call result of Localize			
31	172	v31_172	localize11	STRUCTURAL	call result of Localize			
31	173	v31_173	localize12	STRUCTURAL	call result of Localize			
31	174	v31_174	localize13	STRUCTURAL	call result of Localize			
31	175	v31_175	localize14	STRUCTURAL	call result of Localize			
31	176	v31_176	localize15	STRUCTURAL	call result of Localize			
31	177	v31_177	localize16	STRUCTURAL	call result of Localize			
31	178	v31_178	localize17	STRUCTURAL	call result of Localize			
31	179	v31_179	localize18	STRUCTURAL	call result of Localize			
31	180	v31_180	localize19	STRUCTURAL	call result of Localize			
31	181	v31_181	localize20	STRUCTURAL	call result of Localize			
31	182	v31_182	localize21	STRUCTURAL	call result of Localize			
31	183	v31_183	localize22	STRUCTURAL	call result of Localize			
31	184	v31_184	localize23	STRUCTURAL	call result of Localize			
31	185	v31_185	localize24	STRUCTURAL	call result of Localize			
31	186	v31_186	localize25	STRUCTURAL	call result of Localize			
31	187	v31_187	localize26	STRUCTURAL	call result of Localize			
31	188	v31_188	localize27	STRUCTURAL	call result of Localize			
31	189	v31_189	localize28	STRUCTURAL	call result of Localize			
31	190	v31_190	localize29	STRUCTURAL	call result of Localize			
31	191	v31_191	stringUpper	STRUCTURAL	call result of string.upper			
31	192	v31_192	stringUpper2	STRUCTURAL	call result of string.upper			
31	193	v31_193	stringUpper3	STRUCTURAL	call result of string.upper			
31	194	v31_194	stringUpper4	STRUCTURAL	call result of string.upper			
31	195	v31_195	stringUpper5	STRUCTURAL	call result of string.upper			
31	196	v31_196	stringUpper6	STRUCTURAL	call result of string.upper			
31	197	v31_197	stringUpper7	STRUCTURAL	call result of string.upper			
31	198	v31_198	stringUpper8	STRUCTURAL	call result of string.upper			
31	199	v31_199	stringUpper9	STRUCTURAL	call result of string.upper			
31	200	v31_200	stringUpper10	STRUCTURAL	call result of string.upper			
31	201	v31_201	stringUpper11	STRUCTURAL	call result of string.upper			
31	202	v31_202	stringUpper12	STRUCTURAL	call result of string.upper			
31	203	v31_203	stringUpper13	STRUCTURAL	call result of string.upper			
31	204	v31_204	stringUpper14	STRUCTURAL	call result of string.upper			
31	205	v31_205	stringUpper15	STRUCTURAL	call result of string.upper			
31	206	v31_206	stringUpper16	STRUCTURAL	call result of string.upper			
31	207	v31_207	stringUpper17	STRUCTURAL	call result of string.upper			
31	208	v31_208	stringUpper18	STRUCTURAL	call result of string.upper			
31	209	v31_209	stringUpper19	STRUCTURAL	call result of string.upper			
31	210	v31_210	stringUpper20	STRUCTURAL	call result of string.upper			
31	211	v31_211	stringUpper21	STRUCTURAL	call result of string.upper			
31	212	v31_212	stringUpper22	STRUCTURAL	call result of string.upper			
31	213	v31_213	stringUpper23	STRUCTURAL	call result of string.upper			
31	214	v31_214	stringUpper24	STRUCTURAL	call result of string.upper			
31	215	v31_215	stringUpper25	STRUCTURAL	call result of string.upper			
31	216	v31_216	stringUpper26	STRUCTURAL	call result of string.upper			
31	217	v31_217	stringUpper27	STRUCTURAL	call result of string.upper			
31	218	v31_218	stringUpper28	STRUCTURAL	call result of string.upper			
31	219	v31_219	stringUpper29	STRUCTURAL	call result of string.upper			
31	220	v31_220	stringUpper30	STRUCTURAL	call result of string.upper			
31	222	v31_222	setUpperFactionLabelValue2	STRUCTURAL	field read SetUpperFactionLabel			
31	227	v31_227	localize30	STRUCTURAL	call result of Localize			
31	228	v31_228	localize31	STRUCTURAL	call result of Localize			
31	229	v31_229	localize32	STRUCTURAL	call result of Localize			
31	230	v31_230	localize33	STRUCTURAL	call result of Localize			
31	231	v31_231	localize34	STRUCTURAL	call result of Localize			
31	232	v31_232	localize35	STRUCTURAL	call result of Localize			
31	233	v31_233	localize36	STRUCTURAL	call result of Localize			
31	234	v31_234	localize37	STRUCTURAL	call result of Localize			
31	235	v31_235	localize38	STRUCTURAL	call result of Localize			
31	236	v31_236	localize39	STRUCTURAL	call result of Localize			
31	237	v31_237	localize40	STRUCTURAL	call result of Localize			
31	238	v31_238	localize41	STRUCTURAL	call result of Localize			
31	239	v31_239	localize42	STRUCTURAL	call result of Localize			
31	240	v31_240	localize43	STRUCTURAL	call result of Localize			
31	241	v31_241	localize44	STRUCTURAL	call result of Localize			
31	242	v31_242	localize45	STRUCTURAL	call result of Localize			
31	243	v31_243	localize46	STRUCTURAL	call result of Localize			
31	244	v31_244	localize47	STRUCTURAL	call result of Localize			
31	245	v31_245	localize48	STRUCTURAL	call result of Localize			
31	246	v31_246	localize49	STRUCTURAL	call result of Localize			
31	247	v31_247	localize50	STRUCTURAL	call result of Localize			
31	248	v31_248	localize51	STRUCTURAL	call result of Localize			
31	249	v31_249	localize52	STRUCTURAL	call result of Localize			
31	250	v31_250	localize53	STRUCTURAL	call result of Localize			
31	251	v31_251	localize54	STRUCTURAL	call result of Localize			
31	252	v31_252	localize55	STRUCTURAL	call result of Localize			
31	253	v31_253	localize56	STRUCTURAL	call result of Localize			
31	254	v31_254	localize57	STRUCTURAL	call result of Localize			
31	255	v31_255	localize58	STRUCTURAL	call result of Localize			
31	256	v31_256	stringUpper31	STRUCTURAL	call result of string.upper			
31	257	v31_257	stringUpper32	STRUCTURAL	call result of string.upper			
31	258	v31_258	stringUpper33	STRUCTURAL	call result of string.upper			
31	259	v31_259	stringUpper34	STRUCTURAL	call result of string.upper			
31	260	v31_260	stringUpper35	STRUCTURAL	call result of string.upper			
31	261	v31_261	stringUpper36	STRUCTURAL	call result of string.upper			
31	262	v31_262	stringUpper37	STRUCTURAL	call result of string.upper			
31	263	v31_263	stringUpper38	STRUCTURAL	call result of string.upper			
31	264	v31_264	stringUpper39	STRUCTURAL	call result of string.upper			
31	265	v31_265	stringUpper40	STRUCTURAL	call result of string.upper			
31	266	v31_266	stringUpper41	STRUCTURAL	call result of string.upper			
31	267	v31_267	stringUpper42	STRUCTURAL	call result of string.upper			
31	268	v31_268	stringUpper43	STRUCTURAL	call result of string.upper			
31	269	v31_269	stringUpper44	STRUCTURAL	call result of string.upper			
31	270	v31_270	stringUpper45	STRUCTURAL	call result of string.upper			
31	271	v31_271	stringUpper46	STRUCTURAL	call result of string.upper			
31	272	v31_272	stringUpper47	STRUCTURAL	call result of string.upper			
31	273	v31_273	stringUpper48	STRUCTURAL	call result of string.upper			
31	274	v31_274	stringUpper49	STRUCTURAL	call result of string.upper			
31	275	v31_275	stringUpper50	STRUCTURAL	call result of string.upper			
31	276	v31_276	stringUpper51	STRUCTURAL	call result of string.upper			
31	277	v31_277	stringUpper52	STRUCTURAL	call result of string.upper			
31	278	v31_278	stringUpper53	STRUCTURAL	call result of string.upper			
31	279	v31_279	stringUpper54	STRUCTURAL	call result of string.upper			
31	280	v31_280	stringUpper55	STRUCTURAL	call result of string.upper			
31	281	v31_281	stringUpper56	STRUCTURAL	call result of string.upper			
31	282	v31_282	stringUpper57	STRUCTURAL	call result of string.upper			
31	283	v31_283	stringUpper58	STRUCTURAL	call result of string.upper			
31	284	v31_284	stringUpper59	STRUCTURAL	call result of string.upper			
31	285	v31_285	stringUpper60	STRUCTURAL	call result of string.upper			
31	287	v31_287	setLowerFactionLabelValue	STRUCTURAL	field read SetLowerFactionLabel			
31	291	v31_291	localize59	STRUCTURAL	call result of Localize			
31	292	v31_292	localize60	STRUCTURAL	call result of Localize			
31	293	v31_293	localize61	STRUCTURAL	call result of Localize			
31	294	v31_294	localize62	STRUCTURAL	call result of Localize			
31	295	v31_295	localize63	STRUCTURAL	call result of Localize			
31	296	v31_296	localize64	STRUCTURAL	call result of Localize			
31	297	v31_297	localize65	STRUCTURAL	call result of Localize			
31	298	v31_298	localize66	STRUCTURAL	call result of Localize			
31	299	v31_299	localize67	STRUCTURAL	call result of Localize			
31	300	v31_300	localize68	STRUCTURAL	call result of Localize			
31	301	v31_301	localize69	STRUCTURAL	call result of Localize			
31	302	v31_302	localize70	STRUCTURAL	call result of Localize			
31	303	v31_303	localize71	STRUCTURAL	call result of Localize			
31	304	v31_304	localize72	STRUCTURAL	call result of Localize			
31	305	v31_305	localize73	STRUCTURAL	call result of Localize			
31	306	v31_306	localize74	STRUCTURAL	call result of Localize			
31	307	v31_307	localize75	STRUCTURAL	call result of Localize			
31	308	v31_308	localize76	STRUCTURAL	call result of Localize			
31	309	v31_309	localize77	STRUCTURAL	call result of Localize			
31	310	v31_310	localize78	STRUCTURAL	call result of Localize			
31	311	v31_311	localize79	STRUCTURAL	call result of Localize			
31	312	v31_312	localize80	STRUCTURAL	call result of Localize			
31	313	v31_313	localize81	STRUCTURAL	call result of Localize			
31	314	v31_314	localize82	STRUCTURAL	call result of Localize			
31	315	v31_315	localize83	STRUCTURAL	call result of Localize			
31	316	v31_316	localize84	STRUCTURAL	call result of Localize			
31	317	v31_317	localize85	STRUCTURAL	call result of Localize			
31	318	v31_318	localize86	STRUCTURAL	call result of Localize			
31	319	v31_319	localize87	STRUCTURAL	call result of Localize			
31	320	v31_320	localize88	STRUCTURAL	call result of Localize			
31	322	v31_322	setLowerFactionIconValue	STRUCTURAL	field read SetLowerFactionIcon			
31	325	v31_325	setLowerColorValue	STRUCTURAL	field read SetLowerColor			
31	329	v31_329	setUpperFactionLabelValue3	STRUCTURAL	field read SetUpperFactionLabel			
31	333	v31_333	localize89	STRUCTURAL	call result of Localize			
31	334	v31_334	localize90	STRUCTURAL	call result of Localize			
31	335	v31_335	localize91	STRUCTURAL	call result of Localize			
31	336	v31_336	localize92	STRUCTURAL	call result of Localize			
31	337	v31_337	localize93	STRUCTURAL	call result of Localize			
31	338	v31_338	localize94	STRUCTURAL	call result of Localize			
31	339	v31_339	localize95	STRUCTURAL	call result of Localize			
31	340	v31_340	localize96	STRUCTURAL	call result of Localize			
31	341	v31_341	localize97	STRUCTURAL	call result of Localize			
31	342	v31_342	localize98	STRUCTURAL	call result of Localize			
31	343	v31_343	localize99	STRUCTURAL	call result of Localize			
31	344	v31_344	localize100	STRUCTURAL	call result of Localize			
31	345	v31_345	localize101	STRUCTURAL	call result of Localize			
31	346	v31_346	localize102	STRUCTURAL	call result of Localize			
31	347	v31_347	localize103	STRUCTURAL	call result of Localize			
31	348	v31_348	localize104	STRUCTURAL	call result of Localize			
31	349	v31_349	localize105	STRUCTURAL	call result of Localize			
31	350	v31_350	localize106	STRUCTURAL	call result of Localize			
31	351	v31_351	localize107	STRUCTURAL	call result of Localize			
31	352	v31_352	localize108	STRUCTURAL	call result of Localize			
31	353	v31_353	localize109	STRUCTURAL	call result of Localize			
31	354	v31_354	localize110	STRUCTURAL	call result of Localize			
31	355	v31_355	localize111	STRUCTURAL	call result of Localize			
31	356	v31_356	localize112	STRUCTURAL	call result of Localize			
31	357	v31_357	localize113	STRUCTURAL	call result of Localize			
31	358	v31_358	localize114	STRUCTURAL	call result of Localize			
31	359	v31_359	localize115	STRUCTURAL	call result of Localize			
31	360	v31_360	localize116	STRUCTURAL	call result of Localize			
31	361	v31_361	localize117	STRUCTURAL	call result of Localize			
31	362	v31_362	localize118	STRUCTURAL	call result of Localize			
31	364	v31_364	toggleLowerFactionValue	STRUCTURAL	field read ToggleLowerFaction			
31	368	v31_368	resource	STRUCTURAL	call result of Resource			
31	371	v31_371	resource2	STRUCTURAL	call result of Resource			
31	373	v31_373	listValue	STRUCTURAL	field read List			
31	376	v31_376	listValue2	STRUCTURAL	field read List			
31	378	v31_378	tableValue	STRUCTURAL	verified NEWTABLE value			
31	388	v31_388	addIconValue	STRUCTURAL	field read AddIcon			
31	392	v31_392	addStackingIconValue	STRUCTURAL	field read AddStackingIcon			
31	398	v31_398	addStackingIconValue2	STRUCTURAL	field read AddStackingIcon			
31	408	v31_408	addStackingIconValue3	STRUCTURAL	field read AddStackingIcon			
31	414	v31_414	addStackingIconValue4	STRUCTURAL	field read AddStackingIcon			
31	420	v31_420	addStackingIconValue5	STRUCTURAL	field read AddStackingIcon			
31	426	v31_426	addStackingIconValue6	STRUCTURAL	field read AddStackingIcon			
31	432	v31_432	addStackingIconValue7	STRUCTURAL	field read AddStackingIcon			
31	438	v31_438	setCustomDrawFunctionValue	STRUCTURAL	field read SetCustomDrawFunction			
31	441	v31_441	listValue3	STRUCTURAL	field read List			
31	450	v31_450	value8	API_CONTRACT	semantic-sdk:lua:global_function:_GLOBAL:IsNull; confidence=STOCK_BYTECODE; status=CONFIRMED; evidence=WF-STOCK-BARD-BOXLOOP; argument 0 of IsNull			
31	452	v31_452	isNull8	API_CONTRACT	semantic-sdk:lua:global_function:_GLOBAL:IsNull; confidence=STOCK_BYTECODE; status=CONFIRMED; evidence=WF-STOCK-BARD-BOXLOOP; result of IsNull	boolean	API_CONTRACT	semantic-sdk:lua:global_function:_GLOBAL:IsNull; confidence=STOCK_BYTECODE; status=CONFIRMED; evidence=WF-STOCK-BARD-BOXLOOP; result of IsNull
31	453	v31_453	region	STRUCTURAL	exact engine global gRegion	Region	API_CONTRACT	semantic-sdk:lua:method:Region:GetLocalPlayerAvatar; confidence=LIVE_CONFIRMED; status=CONFIRMED; evidence=WF-LIVE-OCTAVIA-FLOAT-2026-08-27;WF-STOCK-GRAVITY-PAIR-CENSUS; receiver of GetLocalPlayerAvatar
31	456	v31_456	avatar_ref_or_null_unresolved	API_CONTRACT	semantic-sdk:lua:method:Region:GetLocalPlayerAvatar; confidence=LIVE_CONFIRMED; status=CONFIRMED; evidence=WF-LIVE-OCTAVIA-FLOAT-2026-08-27;WF-STOCK-GRAVITY-PAIR-CENSUS; result of GetLocalPlayerAvatar	Avatar_ref_or_null_unresolved	API_CONTRACT	semantic-sdk:lua:method:Region:GetLocalPlayerAvatar; confidence=LIVE_CONFIRMED; status=CONFIRMED; evidence=WF-LIVE-OCTAVIA-FLOAT-2026-08-27;WF-STOCK-GRAVITY-PAIR-CENSUS; result of GetLocalPlayerAvatar
31	457	v31_457	avatar_ref_or_null_unresolved2	API_CONTRACT	semantic-sdk:lua:method:Region:GetLocalPlayerAvatar; confidence=LIVE_CONFIRMED; status=CONFIRMED; evidence=WF-LIVE-OCTAVIA-FLOAT-2026-08-27;WF-STOCK-GRAVITY-PAIR-CENSUS; result of GetLocalPlayerAvatar	Avatar_ref_or_null_unresolved	API_CONTRACT	semantic-sdk:lua:method:Region:GetLocalPlayerAvatar; confidence=LIVE_CONFIRMED; status=CONFIRMED; evidence=WF-LIVE-OCTAVIA-FLOAT-2026-08-27;WF-STOCK-GRAVITY-PAIR-CENSUS; result of GetLocalPlayerAvatar
31	458	v31_458	avatar_ref_or_null_unresolved3	API_CONTRACT	semantic-sdk:lua:method:Region:GetLocalPlayerAvatar; confidence=LIVE_CONFIRMED; status=CONFIRMED; evidence=WF-LIVE-OCTAVIA-FLOAT-2026-08-27;WF-STOCK-GRAVITY-PAIR-CENSUS; result of GetLocalPlayerAvatar	Avatar_ref_or_null_unresolved	API_CONTRACT	semantic-sdk:lua:method:Region:GetLocalPlayerAvatar; confidence=LIVE_CONFIRMED; status=CONFIRMED; evidence=WF-LIVE-OCTAVIA-FLOAT-2026-08-27;WF-STOCK-GRAVITY-PAIR-CENSUS; result of GetLocalPlayerAvatar
31	459	v31_459	avatar_ref_or_null_unresolved4	API_CONTRACT	semantic-sdk:lua:method:Region:GetLocalPlayerAvatar; confidence=LIVE_CONFIRMED; status=CONFIRMED; evidence=WF-LIVE-OCTAVIA-FLOAT-2026-08-27;WF-STOCK-GRAVITY-PAIR-CENSUS; result of GetLocalPlayerAvatar	Avatar_ref_or_null_unresolved	API_CONTRACT	semantic-sdk:lua:method:Region:GetLocalPlayerAvatar; confidence=LIVE_CONFIRMED; status=CONFIRMED; evidence=WF-LIVE-OCTAVIA-FLOAT-2026-08-27;WF-STOCK-GRAVITY-PAIR-CENSUS; result of GetLocalPlayerAvatar
31	460	v31_460	avatar_ref_or_null_unresolved5	API_CONTRACT	semantic-sdk:lua:method:Region:GetLocalPlayerAvatar; confidence=LIVE_CONFIRMED; status=CONFIRMED; evidence=WF-LIVE-OCTAVIA-FLOAT-2026-08-27;WF-STOCK-GRAVITY-PAIR-CENSUS; result of GetLocalPlayerAvatar	Avatar_ref_or_null_unresolved	API_CONTRACT	semantic-sdk:lua:method:Region:GetLocalPlayerAvatar; confidence=LIVE_CONFIRMED; status=CONFIRMED; evidence=WF-LIVE-OCTAVIA-FLOAT-2026-08-27;WF-STOCK-GRAVITY-PAIR-CENSUS; result of GetLocalPlayerAvatar
31	461	v31_461	avatar_ref_or_null_unresolved6	API_CONTRACT	semantic-sdk:lua:method:Region:GetLocalPlayerAvatar; confidence=LIVE_CONFIRMED; status=CONFIRMED; evidence=WF-LIVE-OCTAVIA-FLOAT-2026-08-27;WF-STOCK-GRAVITY-PAIR-CENSUS; result of GetLocalPlayerAvatar	Avatar_ref_or_null_unresolved	API_CONTRACT	semantic-sdk:lua:method:Region:GetLocalPlayerAvatar; confidence=LIVE_CONFIRMED; status=CONFIRMED; evidence=WF-LIVE-OCTAVIA-FLOAT-2026-08-27;WF-STOCK-GRAVITY-PAIR-CENSUS; result of GetLocalPlayerAvatar
31	462	v31_462	avatar_ref_or_null_unresolved7	API_CONTRACT	semantic-sdk:lua:method:Region:GetLocalPlayerAvatar; confidence=LIVE_CONFIRMED; status=CONFIRMED; evidence=WF-LIVE-OCTAVIA-FLOAT-2026-08-27;WF-STOCK-GRAVITY-PAIR-CENSUS; result of GetLocalPlayerAvatar	Avatar_ref_or_null_unresolved	API_CONTRACT	semantic-sdk:lua:method:Region:GetLocalPlayerAvatar; confidence=LIVE_CONFIRMED; status=CONFIRMED; evidence=WF-LIVE-OCTAVIA-FLOAT-2026-08-27;WF-STOCK-GRAVITY-PAIR-CENSUS; result of GetLocalPlayerAvatar
31	463	v31_463	avatar_ref_or_null_unresolved8	API_CONTRACT	semantic-sdk:lua:method:Region:GetLocalPlayerAvatar; confidence=LIVE_CONFIRMED; status=CONFIRMED; evidence=WF-LIVE-OCTAVIA-FLOAT-2026-08-27;WF-STOCK-GRAVITY-PAIR-CENSUS; result of GetLocalPlayerAvatar	Avatar_ref_or_null_unresolved	API_CONTRACT	semantic-sdk:lua:method:Region:GetLocalPlayerAvatar; confidence=LIVE_CONFIRMED; status=CONFIRMED; evidence=WF-LIVE-OCTAVIA-FLOAT-2026-08-27;WF-STOCK-GRAVITY-PAIR-CENSUS; result of GetLocalPlayerAvatar
31	464	v31_464	avatar_ref_or_null_unresolved9	API_CONTRACT	semantic-sdk:lua:method:Region:GetLocalPlayerAvatar; confidence=LIVE_CONFIRMED; status=CONFIRMED; evidence=WF-LIVE-OCTAVIA-FLOAT-2026-08-27;WF-STOCK-GRAVITY-PAIR-CENSUS; result of GetLocalPlayerAvatar	Avatar_ref_or_null_unresolved	API_CONTRACT	semantic-sdk:lua:method:Region:GetLocalPlayerAvatar; confidence=LIVE_CONFIRMED; status=CONFIRMED; evidence=WF-LIVE-OCTAVIA-FLOAT-2026-08-27;WF-STOCK-GRAVITY-PAIR-CENSUS; result of GetLocalPlayerAvatar
31	465	v31_465	avatar_ref_or_null_unresolved10	API_CONTRACT	semantic-sdk:lua:method:Region:GetLocalPlayerAvatar; confidence=LIVE_CONFIRMED; status=CONFIRMED; evidence=WF-LIVE-OCTAVIA-FLOAT-2026-08-27;WF-STOCK-GRAVITY-PAIR-CENSUS; result of GetLocalPlayerAvatar	Avatar_ref_or_null_unresolved	API_CONTRACT	semantic-sdk:lua:method:Region:GetLocalPlayerAvatar; confidence=LIVE_CONFIRMED; status=CONFIRMED; evidence=WF-LIVE-OCTAVIA-FLOAT-2026-08-27;WF-STOCK-GRAVITY-PAIR-CENSUS; result of GetLocalPlayerAvatar
31	466	v31_466	avatar_ref_or_null_unresolved11	API_CONTRACT	semantic-sdk:lua:method:Region:GetLocalPlayerAvatar; confidence=LIVE_CONFIRMED; status=CONFIRMED; evidence=WF-LIVE-OCTAVIA-FLOAT-2026-08-27;WF-STOCK-GRAVITY-PAIR-CENSUS; result of GetLocalPlayerAvatar	Avatar_ref_or_null_unresolved	API_CONTRACT	semantic-sdk:lua:method:Region:GetLocalPlayerAvatar; confidence=LIVE_CONFIRMED; status=CONFIRMED; evidence=WF-LIVE-OCTAVIA-FLOAT-2026-08-27;WF-STOCK-GRAVITY-PAIR-CENSUS; result of GetLocalPlayerAvatar
31	467	v31_467	avatar_ref_or_null_unresolved12	API_CONTRACT	semantic-sdk:lua:method:Region:GetLocalPlayerAvatar; confidence=LIVE_CONFIRMED; status=CONFIRMED; evidence=WF-LIVE-OCTAVIA-FLOAT-2026-08-27;WF-STOCK-GRAVITY-PAIR-CENSUS; result of GetLocalPlayerAvatar	Avatar_ref_or_null_unresolved	API_CONTRACT	semantic-sdk:lua:method:Region:GetLocalPlayerAvatar; confidence=LIVE_CONFIRMED; status=CONFIRMED; evidence=WF-LIVE-OCTAVIA-FLOAT-2026-08-27;WF-STOCK-GRAVITY-PAIR-CENSUS; result of GetLocalPlayerAvatar
31	468	v31_468	avatar_ref_or_null_unresolved13	API_CONTRACT	semantic-sdk:lua:method:Region:GetLocalPlayerAvatar; confidence=LIVE_CONFIRMED; status=CONFIRMED; evidence=WF-LIVE-OCTAVIA-FLOAT-2026-08-27;WF-STOCK-GRAVITY-PAIR-CENSUS; result of GetLocalPlayerAvatar	Avatar_ref_or_null_unresolved	API_CONTRACT	semantic-sdk:lua:method:Region:GetLocalPlayerAvatar; confidence=LIVE_CONFIRMED; status=CONFIRMED; evidence=WF-LIVE-OCTAVIA-FLOAT-2026-08-27;WF-STOCK-GRAVITY-PAIR-CENSUS; result of GetLocalPlayerAvatar
31	469	v31_469	avatar_ref_or_null_unresolved14	API_CONTRACT	semantic-sdk:lua:method:Region:GetLocalPlayerAvatar; confidence=LIVE_CONFIRMED; status=CONFIRMED; evidence=WF-LIVE-OCTAVIA-FLOAT-2026-08-27;WF-STOCK-GRAVITY-PAIR-CENSUS; result of GetLocalPlayerAvatar	Avatar_ref_or_null_unresolved	API_CONTRACT	semantic-sdk:lua:method:Region:GetLocalPlayerAvatar; confidence=LIVE_CONFIRMED; status=CONFIRMED; evidence=WF-LIVE-OCTAVIA-FLOAT-2026-08-27;WF-STOCK-GRAVITY-PAIR-CENSUS; result of GetLocalPlayerAvatar
31	470	v31_470	avatar_ref_or_null_unresolved15	API_CONTRACT	semantic-sdk:lua:method:Region:GetLocalPlayerAvatar; confidence=LIVE_CONFIRMED; status=CONFIRMED; evidence=WF-LIVE-OCTAVIA-FLOAT-2026-08-27;WF-STOCK-GRAVITY-PAIR-CENSUS; result of GetLocalPlayerAvatar	Avatar_ref_or_null_unresolved	API_CONTRACT	semantic-sdk:lua:method:Region:GetLocalPlayerAvatar; confidence=LIVE_CONFIRMED; status=CONFIRMED; evidence=WF-LIVE-OCTAVIA-FLOAT-2026-08-27;WF-STOCK-GRAVITY-PAIR-CENSUS; result of GetLocalPlayerAvatar
31	471	v31_471	avatar_ref_or_null_unresolved16	API_CONTRACT	semantic-sdk:lua:method:Region:GetLocalPlayerAvatar; confidence=LIVE_CONFIRMED; status=CONFIRMED; evidence=WF-LIVE-OCTAVIA-FLOAT-2026-08-27;WF-STOCK-GRAVITY-PAIR-CENSUS; result of GetLocalPlayerAvatar	Avatar_ref_or_null_unresolved	API_CONTRACT	semantic-sdk:lua:method:Region:GetLocalPlayerAvatar; confidence=LIVE_CONFIRMED; status=CONFIRMED; evidence=WF-LIVE-OCTAVIA-FLOAT-2026-08-27;WF-STOCK-GRAVITY-PAIR-CENSUS; result of GetLocalPlayerAvatar
31	472	v31_472	avatar_ref_or_null_unresolved17	API_CONTRACT	semantic-sdk:lua:method:Region:GetLocalPlayerAvatar; confidence=LIVE_CONFIRMED; status=CONFIRMED; evidence=WF-LIVE-OCTAVIA-FLOAT-2026-08-27;WF-STOCK-GRAVITY-PAIR-CENSUS; result of GetLocalPlayerAvatar	Avatar_ref_or_null_unresolved	API_CONTRACT	semantic-sdk:lua:method:Region:GetLocalPlayerAvatar; confidence=LIVE_CONFIRMED; status=CONFIRMED; evidence=WF-LIVE-OCTAVIA-FLOAT-2026-08-27;WF-STOCK-GRAVITY-PAIR-CENSUS; result of GetLocalPlayerAvatar
31	473	v31_473	avatar_ref_or_null_unresolved18	API_CONTRACT	semantic-sdk:lua:method:Region:GetLocalPlayerAvatar; confidence=LIVE_CONFIRMED; status=CONFIRMED; evidence=WF-LIVE-OCTAVIA-FLOAT-2026-08-27;WF-STOCK-GRAVITY-PAIR-CENSUS; result of GetLocalPlayerAvatar	Avatar_ref_or_null_unresolved	API_CONTRACT	semantic-sdk:lua:method:Region:GetLocalPlayerAvatar; confidence=LIVE_CONFIRMED; status=CONFIRMED; evidence=WF-LIVE-OCTAVIA-FLOAT-2026-08-27;WF-STOCK-GRAVITY-PAIR-CENSUS; result of GetLocalPlayerAvatar
31	474	v31_474	avatar_ref_or_null_unresolved19	API_CONTRACT	semantic-sdk:lua:method:Region:GetLocalPlayerAvatar; confidence=LIVE_CONFIRMED; status=CONFIRMED; evidence=WF-LIVE-OCTAVIA-FLOAT-2026-08-27;WF-STOCK-GRAVITY-PAIR-CENSUS; result of GetLocalPlayerAvatar	Avatar_ref_or_null_unresolved	API_CONTRACT	semantic-sdk:lua:method:Region:GetLocalPlayerAvatar; confidence=LIVE_CONFIRMED; status=CONFIRMED; evidence=WF-LIVE-OCTAVIA-FLOAT-2026-08-27;WF-STOCK-GRAVITY-PAIR-CENSUS; result of GetLocalPlayerAvatar
31	475	v31_475	avatar_ref_or_null_unresolved20	API_CONTRACT	semantic-sdk:lua:method:Region:GetLocalPlayerAvatar; confidence=LIVE_CONFIRMED; status=CONFIRMED; evidence=WF-LIVE-OCTAVIA-FLOAT-2026-08-27;WF-STOCK-GRAVITY-PAIR-CENSUS; result of GetLocalPlayerAvatar	Avatar_ref_or_null_unresolved	API_CONTRACT	semantic-sdk:lua:method:Region:GetLocalPlayerAvatar; confidence=LIVE_CONFIRMED; status=CONFIRMED; evidence=WF-LIVE-OCTAVIA-FLOAT-2026-08-27;WF-STOCK-GRAVITY-PAIR-CENSUS; result of GetLocalPlayerAvatar
31	476	v31_476	avatar_ref_or_null_unresolved21	API_CONTRACT	semantic-sdk:lua:method:Region:GetLocalPlayerAvatar; confidence=LIVE_CONFIRMED; status=CONFIRMED; evidence=WF-LIVE-OCTAVIA-FLOAT-2026-08-27;WF-STOCK-GRAVITY-PAIR-CENSUS; result of GetLocalPlayerAvatar	Avatar_ref_or_null_unresolved	API_CONTRACT	semantic-sdk:lua:method:Region:GetLocalPlayerAvatar; confidence=LIVE_CONFIRMED; status=CONFIRMED; evidence=WF-LIVE-OCTAVIA-FLOAT-2026-08-27;WF-STOCK-GRAVITY-PAIR-CENSUS; result of GetLocalPlayerAvatar
31	477	v31_477	avatar_ref_or_null_unresolved22	API_CONTRACT	semantic-sdk:lua:method:Region:GetLocalPlayerAvatar; confidence=LIVE_CONFIRMED; status=CONFIRMED; evidence=WF-LIVE-OCTAVIA-FLOAT-2026-08-27;WF-STOCK-GRAVITY-PAIR-CENSUS; result of GetLocalPlayerAvatar	Avatar_ref_or_null_unresolved	API_CONTRACT	semantic-sdk:lua:method:Region:GetLocalPlayerAvatar; confidence=LIVE_CONFIRMED; status=CONFIRMED; evidence=WF-LIVE-OCTAVIA-FLOAT-2026-08-27;WF-STOCK-GRAVITY-PAIR-CENSUS; result of GetLocalPlayerAvatar
31	478	v31_478	avatar_ref_or_null_unresolved23	API_CONTRACT	semantic-sdk:lua:method:Region:GetLocalPlayerAvatar; confidence=LIVE_CONFIRMED; status=CONFIRMED; evidence=WF-LIVE-OCTAVIA-FLOAT-2026-08-27;WF-STOCK-GRAVITY-PAIR-CENSUS; result of GetLocalPlayerAvatar	Avatar_ref_or_null_unresolved	API_CONTRACT	semantic-sdk:lua:method:Region:GetLocalPlayerAvatar; confidence=LIVE_CONFIRMED; status=CONFIRMED; evidence=WF-LIVE-OCTAVIA-FLOAT-2026-08-27;WF-STOCK-GRAVITY-PAIR-CENSUS; result of GetLocalPlayerAvatar
31	479	v31_479	avatar_ref_or_null_unresolved24	API_CONTRACT	semantic-sdk:lua:method:Region:GetLocalPlayerAvatar; confidence=LIVE_CONFIRMED; status=CONFIRMED; evidence=WF-LIVE-OCTAVIA-FLOAT-2026-08-27;WF-STOCK-GRAVITY-PAIR-CENSUS; result of GetLocalPlayerAvatar	Avatar_ref_or_null_unresolved	API_CONTRACT	semantic-sdk:lua:method:Region:GetLocalPlayerAvatar; confidence=LIVE_CONFIRMED; status=CONFIRMED; evidence=WF-LIVE-OCTAVIA-FLOAT-2026-08-27;WF-STOCK-GRAVITY-PAIR-CENSUS; result of GetLocalPlayerAvatar
31	480	v31_480	avatar_ref_or_null_unresolved25	API_CONTRACT	semantic-sdk:lua:method:Region:GetLocalPlayerAvatar; confidence=LIVE_CONFIRMED; status=CONFIRMED; evidence=WF-LIVE-OCTAVIA-FLOAT-2026-08-27;WF-STOCK-GRAVITY-PAIR-CENSUS; result of GetLocalPlayerAvatar	Avatar_ref_or_null_unresolved	API_CONTRACT	semantic-sdk:lua:method:Region:GetLocalPlayerAvatar; confidence=LIVE_CONFIRMED; status=CONFIRMED; evidence=WF-LIVE-OCTAVIA-FLOAT-2026-08-27;WF-STOCK-GRAVITY-PAIR-CENSUS; result of GetLocalPlayerAvatar
31	481	v31_481	avatar_ref_or_null_unresolved26	API_CONTRACT	semantic-sdk:lua:method:Region:GetLocalPlayerAvatar; confidence=LIVE_CONFIRMED; status=CONFIRMED; evidence=WF-LIVE-OCTAVIA-FLOAT-2026-08-27;WF-STOCK-GRAVITY-PAIR-CENSUS; result of GetLocalPlayerAvatar	Avatar_ref_or_null_unresolved	API_CONTRACT	semantic-sdk:lua:method:Region:GetLocalPlayerAvatar; confidence=LIVE_CONFIRMED; status=CONFIRMED; evidence=WF-LIVE-OCTAVIA-FLOAT-2026-08-27;WF-STOCK-GRAVITY-PAIR-CENSUS; result of GetLocalPlayerAvatar
31	483	v31_483	isNull9	API_CONTRACT	semantic-sdk:lua:global_function:_GLOBAL:IsNull; confidence=STOCK_BYTECODE; status=CONFIRMED; evidence=WF-STOCK-BARD-BOXLOOP; result of IsNull	boolean	API_CONTRACT	semantic-sdk:lua:global_function:_GLOBAL:IsNull; confidence=STOCK_BYTECODE; status=CONFIRMED; evidence=WF-STOCK-BARD-BOXLOOP; result of IsNull
31	484	v31_484	region2	STRUCTURAL	exact engine global gRegion	Region	EXACT_EXPORT	exact engine global gRegion
31	487	v31_487	localPlayer	STRUCTURAL	call result of GetLocalPlayer			
31	488	v31_488	localPlayer2	STRUCTURAL	call result of GetLocalPlayer			
31	489	v31_489	localPlayer3	STRUCTURAL	call result of GetLocalPlayer			
31	490	v31_490	localPlayer4	STRUCTURAL	call result of GetLocalPlayer			
31	491	v31_491	localPlayer5	STRUCTURAL	call result of GetLocalPlayer			
31	492	v31_492	localPlayer6	STRUCTURAL	call result of GetLocalPlayer			
31	493	v31_493	localPlayer7	STRUCTURAL	call result of GetLocalPlayer			
31	494	v31_494	localPlayer8	STRUCTURAL	call result of GetLocalPlayer			
31	495	v31_495	localPlayer9	STRUCTURAL	call result of GetLocalPlayer			
31	496	v31_496	localPlayer10	STRUCTURAL	call result of GetLocalPlayer			
31	497	v31_497	localPlayer11	STRUCTURAL	call result of GetLocalPlayer			
31	498	v31_498	localPlayer12	STRUCTURAL	call result of GetLocalPlayer			
31	499	v31_499	localPlayer13	STRUCTURAL	call result of GetLocalPlayer			
31	500	v31_500	localPlayer14	STRUCTURAL	call result of GetLocalPlayer			
31	501	v31_501	localPlayer15	STRUCTURAL	call result of GetLocalPlayer			
31	502	v31_502	localPlayer16	STRUCTURAL	call result of GetLocalPlayer			
31	503	v31_503	localPlayer17	STRUCTURAL	call result of GetLocalPlayer			
31	504	v31_504	localPlayer18	STRUCTURAL	call result of GetLocalPlayer			
31	505	v31_505	localPlayer19	STRUCTURAL	call result of GetLocalPlayer			
31	506	v31_506	localPlayer20	STRUCTURAL	call result of GetLocalPlayer			
31	507	v31_507	localPlayer21	STRUCTURAL	call result of GetLocalPlayer			
31	508	v31_508	localPlayer22	STRUCTURAL	call result of GetLocalPlayer			
31	509	v31_509	localPlayer23	STRUCTURAL	call result of GetLocalPlayer			
31	510	v31_510	localPlayer24	STRUCTURAL	call result of GetLocalPlayer			
31	511	v31_511	localPlayer25	STRUCTURAL	call result of GetLocalPlayer			
31	512	v31_512	localPlayer26	STRUCTURAL	call result of GetLocalPlayer			
31	514	v31_514	isNull10	API_CONTRACT	semantic-sdk:lua:global_function:_GLOBAL:IsNull; confidence=STOCK_BYTECODE; status=CONFIRMED; evidence=WF-STOCK-BARD-BOXLOOP; result of IsNull	boolean	API_CONTRACT	semantic-sdk:lua:global_function:_GLOBAL:IsNull; confidence=STOCK_BYTECODE; status=CONFIRMED; evidence=WF-STOCK-BARD-BOXLOOP; result of IsNull
31	517	v31_517	region3	STRUCTURAL	exact engine global gRegion	Region	EXACT_EXPORT	exact engine global gRegion
31	520	v31_520	localPlayer27	STRUCTURAL	call result of GetLocalPlayer			
31	523	v31_523	miniMap	STRUCTURAL	call result of GetMiniMap			
31	532	v31_532	netPersistentVar	STRUCTURAL	call result of GetNetPersistentVar			
31	537	v31_537	netPersistentVar2	STRUCTURAL	call result of GetNetPersistentVar			
31	542	v31_542	netPersistentVar3	STRUCTURAL	call result of GetNetPersistentVar			
31	544	v31_544	locationValue	STRUCTURAL	field read location			
31	547	v31_547	symbol2	STRUCTURAL	call result of Symbol			
31	549	v31_549	sharedState	STRUCTURAL	exact engine global _T			
31	552	v31_552	region4	STRUCTURAL	exact engine global gRegion	Region	EXACT_EXPORT	exact engine global gRegion
31	556	v31_556	array	CORPUS_CATALOG	semantic-sdk:lua:method:Region:FindAll; confidence=OBSERVED_VARIABLE_OR_OPEN; status=CATALOG_ONLY; evidence=; result of FindAll	array<EngineObject>	CORPUS_CATALOG	semantic-sdk:lua:method:Region:FindAll; confidence=OBSERVED_VARIABLE_OR_OPEN; status=CATALOG_ONLY; evidence=; result of FindAll
31	559	v31_559	ipairs1	STRUCTURAL	call result of ipairs			
31	560	v31_560	ipairs2	STRUCTURAL	call result of ipairs			
31	561	v31_561	ipairs3	STRUCTURAL	call result of ipairs			
31	562	v31_562	value9	API_CONTRACT	semantic-sdk:lua:global_function:_GLOBAL:IsNull; confidence=STOCK_BYTECODE; status=CONFIRMED; evidence=WF-STOCK-BARD-BOXLOOP; argument 0 of IsNull			
31	564	v31_564	isNull11	API_CONTRACT	semantic-sdk:lua:global_function:_GLOBAL:IsNull; confidence=STOCK_BYTECODE; status=CONFIRMED; evidence=WF-STOCK-BARD-BOXLOOP; result of IsNull	boolean	API_CONTRACT	semantic-sdk:lua:global_function:_GLOBAL:IsNull; confidence=STOCK_BYTECODE; status=CONFIRMED; evidence=WF-STOCK-BARD-BOXLOOP; result of IsNull
31	567	v31_567	isEnabled	CORPUS_CATALOG	semantic-sdk:lua:method:EngineObject:IsEnabled; confidence=OBSERVED_STABLE_SHAPE; status=CATALOG_ONLY; evidence=; result of IsEnabled	boolean	CORPUS_CATALOG	semantic-sdk:lua:method:EngineObject:IsEnabled; confidence=OBSERVED_STABLE_SHAPE; status=CATALOG_ONLY; evidence=; result of IsEnabled
31	570	v31_570	isMissionTypeSpecific	STRUCTURAL	call result of IsMissionTypeSpecific			
31	572	v31_572	engineObject	CORPUS_CATALOG	semantic-sdk:lua:method:EngineObject:IsEnabled; confidence=OBSERVED_STABLE_SHAPE; status=CATALOG_ONLY; evidence=; receiver of IsEnabled	EngineObject	CORPUS_CATALOG	semantic-sdk:lua:method:EngineObject:IsEnabled; confidence=OBSERVED_STABLE_SHAPE; status=CATALOG_ONLY; evidence=; receiver of IsEnabled
31	577	v31_577	ipairs12	STRUCTURAL	call result of ipairs			
31	578	v31_578	ipairs22	STRUCTURAL	call result of ipairs			
31	579	v31_579	ipairs32	STRUCTURAL	call result of ipairs			
31	582	v31_582	objectiveMarker2	STRUCTURAL	call result of GetObjectiveMarker	EngineObject	CORPUS_CATALOG	semantic-sdk:lua:method:EngineObject:IsEnabled; confidence=OBSERVED_STABLE_SHAPE; status=CATALOG_ONLY; evidence=; receiver of IsEnabled
31	585	v31_585	isEnabled2	CORPUS_CATALOG	semantic-sdk:lua:method:EngineObject:IsEnabled; confidence=OBSERVED_STABLE_SHAPE; status=CATALOG_ONLY; evidence=; result of IsEnabled	boolean	CORPUS_CATALOG	semantic-sdk:lua:method:EngineObject:IsEnabled; confidence=OBSERVED_STABLE_SHAPE; status=CATALOG_ONLY; evidence=; result of IsEnabled
31	586	v31_586	value10	API_CONTRACT	semantic-sdk:lua:global_function:_GLOBAL:IsNull; confidence=STOCK_BYTECODE; status=CONFIRMED; evidence=WF-STOCK-BARD-BOXLOOP; argument 0 of IsNull			
31	588	v31_588	isNull12	API_CONTRACT	semantic-sdk:lua:global_function:_GLOBAL:IsNull; confidence=STOCK_BYTECODE; status=CONFIRMED; evidence=WF-STOCK-BARD-BOXLOOP; result of IsNull	boolean	API_CONTRACT	semantic-sdk:lua:global_function:_GLOBAL:IsNull; confidence=STOCK_BYTECODE; status=CONFIRMED; evidence=WF-STOCK-BARD-BOXLOOP; result of IsNull
31	590	v31_590	listValue4	STRUCTURAL	field read List			
31	591	v31_591	mElementsValue	STRUCTURAL	field read mElements			
31	596	v31_596	markerType	STRUCTURAL	call result of MarkerType			
31	599	v31_599	listValue5	STRUCTURAL	field read List			
31	600	v31_600	mElementsValue2	STRUCTURAL	field read mElements			
31	604	v31_604	listValue6	STRUCTURAL	field read List			
31	605	v31_605	mElementsValue3	STRUCTURAL	field read mElements			
31	609	v31_609	listValue7	STRUCTURAL	field read List			
31	610	v31_610	mElementsValue4	STRUCTURAL	field read mElements			
31	614	v31_614	listValue8	STRUCTURAL	field read List			
31	615	v31_615	mElementsValue5	STRUCTURAL	field read mElements			
31	619	v31_619	hackPoints	STRUCTURAL	call result of GetHackPoints			
31	622	v31_622	ipairs13	STRUCTURAL	call result of ipairs			
31	623	v31_623	ipairs23	STRUCTURAL	call result of ipairs			
31	624	v31_624	ipairs33	STRUCTURAL	call result of ipairs			
31	627	v31_627	filter	API_CONTRACT	semantic-sdk:lua:method:AvatarOrEntity:GetAllAttachments; confidence=STOCK_BYTECODE; status=CONFIRMED; evidence=WF-R5-CALLSHAPE-CORPUS;WF-R5-DIFFERENTIAL-V3; argument 0 of GetAllAttachments	opaque	API_CONTRACT	semantic-sdk:lua:method:AvatarOrEntity:GetAllAttachments; confidence=STOCK_BYTECODE; status=CONFIRMED; evidence=WF-R5-CALLSHAPE-CORPUS;WF-R5-DIFFERENTIAL-V3; argument type 0 of GetAllAttachments
31	630	v31_630	list_like_table	API_CONTRACT	semantic-sdk:lua:method:AvatarOrEntity:GetAllAttachments; confidence=STOCK_BYTECODE; status=CONFIRMED; evidence=WF-R5-CALLSHAPE-CORPUS;WF-R5-DIFFERENTIAL-V3; result of GetAllAttachments	list_like_table	API_CONTRACT	semantic-sdk:lua:method:AvatarOrEntity:GetAllAttachments; confidence=STOCK_BYTECODE; status=CONFIRMED; evidence=WF-R5-CALLSHAPE-CORPUS;WF-R5-DIFFERENTIAL-V3; result of GetAllAttachments
31	633	v31_633	ipairs14	STRUCTURAL	call result of ipairs			
31	634	v31_634	ipairs24	STRUCTURAL	call result of ipairs			
31	635	v31_635	ipairs34	STRUCTURAL	call result of ipairs			
31	641	v31_641	engineObject2	CORPUS_CATALOG	semantic-sdk:lua:method:EngineObject:SetVisibility; confidence=OBSERVED_VARIABLE_OR_OPEN; status=CATALOG_ONLY; evidence=; receiver of SetVisibility	EngineObject	CORPUS_CATALOG	semantic-sdk:lua:method:EngineObject:SetVisibility; confidence=OBSERVED_VARIABLE_OR_OPEN; status=CATALOG_ONLY; evidence=; receiver of SetVisibility
31	643	v31_643	avatarOrEntity	API_CONTRACT	semantic-sdk:lua:method:AvatarOrEntity:GetAllAttachments; confidence=STOCK_BYTECODE; status=CONFIRMED; evidence=WF-R5-CALLSHAPE-CORPUS;WF-R5-DIFFERENTIAL-V3; receiver of GetAllAttachments	AvatarOrEntity	API_CONTRACT	semantic-sdk:lua:method:AvatarOrEntity:GetAllAttachments; confidence=STOCK_BYTECODE; status=CONFIRMED; evidence=WF-R5-CALLSHAPE-CORPUS;WF-R5-DIFFERENTIAL-V3; receiver of GetAllAttachments
31	644	v31_644	filter2	API_CONTRACT	semantic-sdk:lua:method:AvatarOrEntity:GetAllAttachments; confidence=STOCK_BYTECODE; status=CONFIRMED; evidence=WF-R5-CALLSHAPE-CORPUS;WF-R5-DIFFERENTIAL-V3; argument 0 of GetAllAttachments	opaque	API_CONTRACT	semantic-sdk:lua:method:AvatarOrEntity:GetAllAttachments; confidence=STOCK_BYTECODE; status=CONFIRMED; evidence=WF-R5-CALLSHAPE-CORPUS;WF-R5-DIFFERENTIAL-V3; argument type 0 of GetAllAttachments
31	647	v31_647	list_like_table2	API_CONTRACT	semantic-sdk:lua:method:AvatarOrEntity:GetAllAttachments; confidence=STOCK_BYTECODE; status=CONFIRMED; evidence=WF-R5-CALLSHAPE-CORPUS;WF-R5-DIFFERENTIAL-V3; result of GetAllAttachments	list_like_table	API_CONTRACT	semantic-sdk:lua:method:AvatarOrEntity:GetAllAttachments; confidence=STOCK_BYTECODE; status=CONFIRMED; evidence=WF-R5-CALLSHAPE-CORPUS;WF-R5-DIFFERENTIAL-V3; result of GetAllAttachments
31	650	v31_650	ipairs15	STRUCTURAL	call result of ipairs			
31	651	v31_651	ipairs25	STRUCTURAL	call result of ipairs			
31	652	v31_652	ipairs35	STRUCTURAL	call result of ipairs			
31	657	v31_657	isA	CORPUS_CATALOG	semantic-sdk:lua:method:EngineObject:IsA; confidence=OBSERVED_VARIABLE_OR_OPEN; status=CATALOG_ONLY; evidence=; result of IsA	boolean	CORPUS_CATALOG	semantic-sdk:lua:method:EngineObject:IsA; confidence=OBSERVED_VARIABLE_OR_OPEN; status=CATALOG_ONLY; evidence=; result of IsA
31	663	v31_663	engineObject3	CORPUS_CATALOG	semantic-sdk:lua:method:EngineObject:IsA; confidence=OBSERVED_VARIABLE_OR_OPEN; status=CATALOG_ONLY; evidence=; receiver of IsA	EngineObject	CORPUS_CATALOG	semantic-sdk:lua:method:EngineObject:IsA; confidence=OBSERVED_VARIABLE_OR_OPEN; status=CATALOG_ONLY; evidence=; receiver of IsA
31	665	v31_665	avatarOrEntity2	API_CONTRACT	semantic-sdk:lua:method:AvatarOrEntity:GetAllAttachments; confidence=STOCK_BYTECODE; status=CONFIRMED; evidence=WF-R5-CALLSHAPE-CORPUS;WF-R5-DIFFERENTIAL-V3; receiver of GetAllAttachments	AvatarOrEntity	API_CONTRACT	semantic-sdk:lua:method:AvatarOrEntity:GetAllAttachments; confidence=STOCK_BYTECODE; status=CONFIRMED; evidence=WF-R5-CALLSHAPE-CORPUS;WF-R5-DIFFERENTIAL-V3; receiver of GetAllAttachments
31	674	v31_674	objectiveMarker3	STRUCTURAL	call result of GetObjectiveMarker	EngineObject	CORPUS_CATALOG	semantic-sdk:lua:method:EngineObject:IsEnabled; confidence=OBSERVED_STABLE_SHAPE; status=CATALOG_ONLY; evidence=; receiver of IsEnabled
31	677	v31_677	isEnabled3	CORPUS_CATALOG	semantic-sdk:lua:method:EngineObject:IsEnabled; confidence=OBSERVED_STABLE_SHAPE; status=CATALOG_ONLY; evidence=; result of IsEnabled	boolean	CORPUS_CATALOG	semantic-sdk:lua:method:EngineObject:IsEnabled; confidence=OBSERVED_STABLE_SHAPE; status=CATALOG_ONLY; evidence=; result of IsEnabled
31	682	v31_682	value11	API_CONTRACT	semantic-sdk:lua:global_function:_GLOBAL:IsNull; confidence=STOCK_BYTECODE; status=CONFIRMED; evidence=WF-STOCK-BARD-BOXLOOP; argument 0 of IsNull			
31	684	v31_684	isNull13	API_CONTRACT	semantic-sdk:lua:global_function:_GLOBAL:IsNull; confidence=STOCK_BYTECODE; status=CONFIRMED; evidence=WF-STOCK-BARD-BOXLOOP; result of IsNull	boolean	API_CONTRACT	semantic-sdk:lua:global_function:_GLOBAL:IsNull; confidence=STOCK_BYTECODE; status=CONFIRMED; evidence=WF-STOCK-BARD-BOXLOOP; result of IsNull
31	686	v31_686	value12	API_CONTRACT	semantic-sdk:lua:global_function:_GLOBAL:IsNull; confidence=STOCK_BYTECODE; status=CONFIRMED; evidence=WF-STOCK-BARD-BOXLOOP; argument 0 of IsNull			
31	688	v31_688	isNull14	API_CONTRACT	semantic-sdk:lua:global_function:_GLOBAL:IsNull; confidence=STOCK_BYTECODE; status=CONFIRMED; evidence=WF-STOCK-BARD-BOXLOOP; result of IsNull	boolean	API_CONTRACT	semantic-sdk:lua:global_function:_GLOBAL:IsNull; confidence=STOCK_BYTECODE; status=CONFIRMED; evidence=WF-STOCK-BARD-BOXLOOP; result of IsNull
31	689	v31_689	region5	STRUCTURAL	exact engine global gRegion	Region	EXACT_EXPORT	exact engine global gRegion
31	692	v31_692	localPlayer28	STRUCTURAL	call result of GetLocalPlayer			
31	693	v31_693	value13	API_CONTRACT	semantic-sdk:lua:global_function:_GLOBAL:IsNull; confidence=STOCK_BYTECODE; status=CONFIRMED; evidence=WF-STOCK-BARD-BOXLOOP; argument 0 of IsNull			
31	695	v31_695	isNull15	API_CONTRACT	semantic-sdk:lua:global_function:_GLOBAL:IsNull; confidence=STOCK_BYTECODE; status=CONFIRMED; evidence=WF-STOCK-BARD-BOXLOOP; result of IsNull	boolean	API_CONTRACT	semantic-sdk:lua:global_function:_GLOBAL:IsNull; confidence=STOCK_BYTECODE; status=CONFIRMED; evidence=WF-STOCK-BARD-BOXLOOP; result of IsNull
31	697	v31_697	getObjTimeValue	STRUCTURAL	field read GetObjTime			
31	698	v31_698	objTime	STRUCTURAL	call result of GetObjTime			
31	704	v31_704	getObjTimeValue2	STRUCTURAL	field read GetObjTime			
31	705	v31_705	objTime2	STRUCTURAL	call result of GetObjTime			
31	715	v31_715	netPersistentVar4	STRUCTURAL	call result of GetNetPersistentVar			
31	725	v31_725	mission3	STRUCTURAL	call result of GetMission			
31	726	v31_726	maxWaveNumValue	STRUCTURAL	field read maxWaveNum			
31	730	v31_730	mission4	STRUCTURAL	call result of GetMission			
31	731	v31_731	nightmareValue	STRUCTURAL	field read nightmare			
31	732	v31_732	alertIdValue	STRUCTURAL	field read alertId			
31	733	v31_733	invasionIdValue	STRUCTURAL	field read invasionId			
31	734	v31_734	syndicateTagValue	STRUCTURAL	field read syndicateTag			
31	737	v31_737	isValid	STRUCTURAL	call result of IsValid			
31	738	v31_738	goalIdValue	STRUCTURAL	field read goalId			
31	742	v31_742	setSecondaryObjTextValue	STRUCTURAL	field read SetSecondaryObjText			
31	748	v31_748	setSecondaryObjText	STRUCTURAL	call result of SetSecondaryObjText			
31	751	v31_751	setSecondaryObjTextValue2	STRUCTURAL	field read SetSecondaryObjText			
31	760	v31_760	mission5	STRUCTURAL	call result of GetMission			
31	761	v31_761	maxWaveNumValue2	STRUCTURAL	field read maxWaveNum			
31	765	v31_765	mission6	STRUCTURAL	call result of GetMission			
31	766	v31_766	nightmareValue2	STRUCTURAL	field read nightmare			
31	767	v31_767	alertIdValue2	STRUCTURAL	field read alertId			
31	768	v31_768	invasionIdValue2	STRUCTURAL	field read invasionId			
31	769	v31_769	syndicateTagValue2	STRUCTURAL	field read syndicateTag			
31	772	v31_772	isValid2	STRUCTURAL	call result of IsValid			
31	773	v31_773	goalIdValue2	STRUCTURAL	field read goalId			
31	776	v31_776	setSecondaryObjText2	STRUCTURAL	call result of SetSecondaryObjText			
31	778	v31_778	engineIsMobile5	STRUCTURAL	call result of Engine.IsMobile			
31	779	v31_779	setOffsetValue4	STRUCTURAL	field read SetOffset			
31	788	v31_788	setVisibleValue	STRUCTURAL	field read SetVisible			
31	792	v31_792	deltaTime	STRUCTURAL	call result of DeltaTime			
31	793	v31_793	deltaTime2	STRUCTURAL	call result of DeltaTime			
31	794	v31_794	deltaTime3	STRUCTURAL	call result of DeltaTime			
31	795	v31_795	deltaTime4	STRUCTURAL	call result of DeltaTime			
31	796	v31_796	deltaTime5	STRUCTURAL	call result of DeltaTime			
31	797	v31_797	deltaTime6	STRUCTURAL	call result of DeltaTime			
31	798	v31_798	deltaTime7	STRUCTURAL	call result of DeltaTime			
31	799	v31_799	deltaTime8	STRUCTURAL	call result of DeltaTime			
31	800	v31_800	deltaTime9	STRUCTURAL	call result of DeltaTime			
31	801	v31_801	deltaTime10	STRUCTURAL	call result of DeltaTime			
31	802	v31_802	deltaTime11	STRUCTURAL	call result of DeltaTime			
31	803	v31_803	deltaTime12	STRUCTURAL	call result of DeltaTime			
31	804	v31_804	deltaTime13	STRUCTURAL	call result of DeltaTime			
31	805	v31_805	deltaTime14	STRUCTURAL	call result of DeltaTime			
31	806	v31_806	deltaTime15	STRUCTURAL	call result of DeltaTime			
31	807	v31_807	deltaTime16	STRUCTURAL	call result of DeltaTime			
31	808	v31_808	deltaTime17	STRUCTURAL	call result of DeltaTime			
31	809	v31_809	deltaTime18	STRUCTURAL	call result of DeltaTime			
31	810	v31_810	deltaTime19	STRUCTURAL	call result of DeltaTime			
31	818	v31_818	netPersistentVar5	STRUCTURAL	call result of GetNetPersistentVar			
31	823	v31_823	sharedState2	STRUCTURAL	exact engine global _T			
31	826	v31_826	setVisibleValue2	STRUCTURAL	field read SetVisible			
31	830	v31_830	deltaTime20	STRUCTURAL	call result of DeltaTime			
31	831	v31_831	deltaTime21	STRUCTURAL	call result of DeltaTime			
31	832	v31_832	deltaTime22	STRUCTURAL	call result of DeltaTime			
31	833	v31_833	deltaTime23	STRUCTURAL	call result of DeltaTime			
31	834	v31_834	deltaTime24	STRUCTURAL	call result of DeltaTime			
31	835	v31_835	deltaTime25	STRUCTURAL	call result of DeltaTime			
31	836	v31_836	deltaTime26	STRUCTURAL	call result of DeltaTime			
31	837	v31_837	deltaTime27	STRUCTURAL	call result of DeltaTime			
31	838	v31_838	deltaTime28	STRUCTURAL	call result of DeltaTime			
31	839	v31_839	deltaTime29	STRUCTURAL	call result of DeltaTime			
31	840	v31_840	deltaTime30	STRUCTURAL	call result of DeltaTime			
31	841	v31_841	deltaTime31	STRUCTURAL	call result of DeltaTime			
31	842	v31_842	deltaTime32	STRUCTURAL	call result of DeltaTime			
31	843	v31_843	deltaTime33	STRUCTURAL	call result of DeltaTime			
31	844	v31_844	deltaTime34	STRUCTURAL	call result of DeltaTime			
31	845	v31_845	deltaTime35	STRUCTURAL	call result of DeltaTime			
31	846	v31_846	deltaTime36	STRUCTURAL	call result of DeltaTime			
31	847	v31_847	deltaTime37	STRUCTURAL	call result of DeltaTime			
31	848	v31_848	deltaTime38	STRUCTURAL	call result of DeltaTime			
31	854	v31_854	value14	API_CONTRACT	semantic-sdk:lua:global_function:_GLOBAL:IsNull; confidence=STOCK_BYTECODE; status=CONFIRMED; evidence=WF-STOCK-BARD-BOXLOOP; argument 0 of IsNull			
31	856	v31_856	isNull16	API_CONTRACT	semantic-sdk:lua:global_function:_GLOBAL:IsNull; confidence=STOCK_BYTECODE; status=CONFIRMED; evidence=WF-STOCK-BARD-BOXLOOP; result of IsNull	boolean	API_CONTRACT	semantic-sdk:lua:global_function:_GLOBAL:IsNull; confidence=STOCK_BYTECODE; status=CONFIRMED; evidence=WF-STOCK-BARD-BOXLOOP; result of IsNull
31	864	v31_864	netPersistentVar6	STRUCTURAL	call result of GetNetPersistentVar			
31	881	v31_881	netPersistentVar7	STRUCTURAL	call result of GetNetPersistentVar			
31	886	v31_886	netPersistentVar8	STRUCTURAL	call result of GetNetPersistentVar			
31	894	v31_894	updateProgressValue	STRUCTURAL	field read UpdateProgress			
31	900	v31_900	sharedState3	STRUCTURAL	exact engine global _T			
31	906	v31_906	findEnemyAvatarsValue	STRUCTURAL	field read FindEnemyAvatars			
31	908	v31_908	vector	STRUCTURAL	call result of Vector			
31	910	v31_910	enemyAvatars	STRUCTURAL	call result of FindEnemyAvatars			
31	920	v31_920	localize119	STRUCTURAL	call result of Localize			
31	927	v31_927	value15	API_CONTRACT	semantic-sdk:lua:global_function:_GLOBAL:IsNull; confidence=STOCK_BYTECODE; status=CONFIRMED; evidence=WF-STOCK-BARD-BOXLOOP; argument 0 of IsNull			
31	929	v31_929	isNull17	API_CONTRACT	semantic-sdk:lua:global_function:_GLOBAL:IsNull; confidence=STOCK_BYTECODE; status=CONFIRMED; evidence=WF-STOCK-BARD-BOXLOOP; result of IsNull	boolean	API_CONTRACT	semantic-sdk:lua:global_function:_GLOBAL:IsNull; confidence=STOCK_BYTECODE; status=CONFIRMED; evidence=WF-STOCK-BARD-BOXLOOP; result of IsNull
31	932	v31_932	region6	STRUCTURAL	exact engine global gRegion	Region	EXACT_EXPORT	exact engine global gRegion
31	934	v31_934	isNull18	API_CONTRACT	semantic-sdk:lua:global_function:_GLOBAL:IsNull; confidence=STOCK_BYTECODE; status=CONFIRMED; evidence=WF-STOCK-BARD-BOXLOOP; result of IsNull	boolean	API_CONTRACT	semantic-sdk:lua:global_function:_GLOBAL:IsNull; confidence=STOCK_BYTECODE; status=CONFIRMED; evidence=WF-STOCK-BARD-BOXLOOP; result of IsNull
31	939	v31_939	netPersistentVar9	STRUCTURAL	call result of GetNetPersistentVar			
31	944	v31_944	netPersistentVar10	STRUCTURAL	call result of GetNetPersistentVar			
31	954	v31_954	region7	STRUCTURAL	exact engine global gRegion	Region	EXACT_EXPORT	exact engine global gRegion
31	957	v31_957	localPlayer29	STRUCTURAL	call result of GetLocalPlayer			
31	958	v31_958	value16	API_CONTRACT	semantic-sdk:lua:global_function:_GLOBAL:IsNull; confidence=STOCK_BYTECODE; status=CONFIRMED; evidence=WF-STOCK-BARD-BOXLOOP; argument 0 of IsNull			
31	960	v31_960	isNull19	API_CONTRACT	semantic-sdk:lua:global_function:_GLOBAL:IsNull; confidence=STOCK_BYTECODE; status=CONFIRMED; evidence=WF-STOCK-BARD-BOXLOOP; result of IsNull	boolean	API_CONTRACT	semantic-sdk:lua:global_function:_GLOBAL:IsNull; confidence=STOCK_BYTECODE; status=CONFIRMED; evidence=WF-STOCK-BARD-BOXLOOP; result of IsNull
31	965	v31_965	symbol3	STRUCTURAL	call result of Symbol			
31	966	v31_966	symbol4	STRUCTURAL	call result of Symbol			
31	967	v31_967	symbol5	STRUCTURAL	call result of Symbol			
31	968	v31_968	symbol6	STRUCTURAL	call result of Symbol			
31	969	v31_969	symbol7	STRUCTURAL	call result of Symbol			
31	970	v31_970	symbol8	STRUCTURAL	call result of Symbol			
31	971	v31_971	symbol9	STRUCTURAL	call result of Symbol			
31	972	v31_972	symbol10	STRUCTURAL	call result of Symbol			
31	973	v31_973	symbol11	STRUCTURAL	call result of Symbol			
31	974	v31_974	symbol12	STRUCTURAL	call result of Symbol			
31	975	v31_975	symbol13	STRUCTURAL	call result of Symbol			
31	976	v31_976	symbol14	STRUCTURAL	call result of Symbol			
31	977	v31_977	symbol15	STRUCTURAL	call result of Symbol			
31	978	v31_978	symbol16	STRUCTURAL	call result of Symbol			
31	979	v31_979	symbol17	STRUCTURAL	call result of Symbol			
31	980	v31_980	symbol18	STRUCTURAL	call result of Symbol			
31	981	v31_981	symbol19	STRUCTURAL	call result of Symbol			
31	982	v31_982	symbol20	STRUCTURAL	call result of Symbol			
31	985	v31_985	value17	API_CONTRACT	semantic-sdk:lua:global_function:_GLOBAL:IsNull; confidence=STOCK_BYTECODE; status=CONFIRMED; evidence=WF-STOCK-BARD-BOXLOOP; argument 0 of IsNull			
31	987	v31_987	isNull20	API_CONTRACT	semantic-sdk:lua:global_function:_GLOBAL:IsNull; confidence=STOCK_BYTECODE; status=CONFIRMED; evidence=WF-STOCK-BARD-BOXLOOP; result of IsNull	boolean	API_CONTRACT	semantic-sdk:lua:global_function:_GLOBAL:IsNull; confidence=STOCK_BYTECODE; status=CONFIRMED; evidence=WF-STOCK-BARD-BOXLOOP; result of IsNull
32	8	v32_8	mission	STRUCTURAL	call result of GetMission			
32	12	v32_12	difficultyValue	STRUCTURAL	field read difficulty			
32	13	v32_13	lerp	STRUCTURAL	call result of Lerp			
32	18	v32_18	mathPow	STRUCTURAL	call result of math.pow			
32	21	v32_21	mathCeil	STRUCTURAL	call result of math.ceil			
34	6	v34_6	difficultyValue	STRUCTURAL	field read difficulty			
34	7	v34_7	lerp	STRUCTURAL	call result of Lerp			
34	9	v34_9	mathFloor	STRUCTURAL	call result of math.floor			
34	14	v34_14	difficultyValue2	STRUCTURAL	field read difficulty			
34	15	v34_15	lerp2	STRUCTURAL	call result of Lerp			
34	17	v34_17	mathFloor2	STRUCTURAL	call result of math.floor			
34	21	v34_21	leadersAlwaysAllowedValue	STRUCTURAL	field read leadersAlwaysAllowed			
34	22	v34_22	sortieIdValue	STRUCTURAL	field read sortieId			
34	23	v34_23	alertIdValue	STRUCTURAL	field read alertId			
34	24	v34_24	goalIdValue	STRUCTURAL	field read goalId			
34	29	v34_29	clamp	STRUCTURAL	call result of Clamp			
34	34	v34_34	clamp2	STRUCTURAL	call result of Clamp			
34	37	v34_37	region	STRUCTURAL	exact engine global gRegion	Region	EXACT_EXPORT	exact engine global gRegion
34	40	v34_40	numHumanPlayers	STRUCTURAL	call result of GetNumHumanPlayers			
34	45	v34_45	eximusMultiplier	STRUCTURAL	call result of GetEximusMultiplier			
34	53	v34_53	mathMin	STRUCTURAL	call result of math.min			
34	58	v34_58	lerp3	STRUCTURAL	call result of Lerp			
35	3	v35_3	mission	STRUCTURAL	call result of GetMission			
35	4	v35_4	locationValue	STRUCTURAL	field read location			
35	7	v35_7	symbol	STRUCTURAL	call result of Symbol			
35	9	v35_9	value	API_CONTRACT	semantic-sdk:lua:global_function:_GLOBAL:IsNull; confidence=STOCK_BYTECODE; status=CONFIRMED; evidence=WF-STOCK-BARD-BOXLOOP; argument 0 of IsNull			
35	11	v35_11	isNull	API_CONTRACT	semantic-sdk:lua:global_function:_GLOBAL:IsNull; confidence=STOCK_BYTECODE; status=CONFIRMED; evidence=WF-STOCK-BARD-BOXLOOP; result of IsNull	boolean	API_CONTRACT	semantic-sdk:lua:global_function:_GLOBAL:IsNull; confidence=STOCK_BYTECODE; status=CONFIRMED; evidence=WF-STOCK-BARD-BOXLOOP; result of IsNull
35	16	v35_16	region	STRUCTURAL	exact engine global gRegion	Region	EXACT_EXPORT	exact engine global gRegion
35	19	v35_19	symbol2	STRUCTURAL	call result of Symbol			
35	20	v35_20	symbol3	STRUCTURAL	call result of Symbol			
35	21	v35_21	symbol4	STRUCTURAL	call result of Symbol			
35	22	v35_22	symbol5	STRUCTURAL	call result of Symbol			
35	23	v35_23	symbol6	STRUCTURAL	call result of Symbol			
35	24	v35_24	symbol7	STRUCTURAL	call result of Symbol			
35	25	v35_25	symbol8	STRUCTURAL	call result of Symbol			
35	26	v35_26	symbol9	STRUCTURAL	call result of Symbol			
35	27	v35_27	symbol10	STRUCTURAL	call result of Symbol			
35	28	v35_28	symbol11	STRUCTURAL	call result of Symbol			
35	29	v35_29	symbol12	STRUCTURAL	call result of Symbol			
35	30	v35_30	symbol13	STRUCTURAL	call result of Symbol			
35	31	v35_31	symbol14	STRUCTURAL	call result of Symbol			
35	32	v35_32	symbol15	STRUCTURAL	call result of Symbol			
35	33	v35_33	symbol16	STRUCTURAL	call result of Symbol			
35	34	v35_34	symbol17	STRUCTURAL	call result of Symbol			
35	35	v35_35	symbol18	STRUCTURAL	call result of Symbol			
35	36	v35_36	symbol19	STRUCTURAL	call result of Symbol			
35	37	v35_37	symbol20	STRUCTURAL	call result of Symbol			
35	38	v35_38	symbol21	STRUCTURAL	call result of Symbol			
35	39	v35_39	symbol22	STRUCTURAL	call result of Symbol			
35	40	v35_40	symbol23	STRUCTURAL	call result of Symbol			
35	41	v35_41	symbol24	STRUCTURAL	call result of Symbol			
35	42	v35_42	symbol25	STRUCTURAL	call result of Symbol			
35	43	v35_43	symbol26	STRUCTURAL	call result of Symbol			
35	44	v35_44	symbol27	STRUCTURAL	call result of Symbol			
35	45	v35_45	symbol28	STRUCTURAL	call result of Symbol			
35	46	v35_46	symbol29	STRUCTURAL	call result of Symbol			
35	47	v35_47	symbol30	STRUCTURAL	call result of Symbol			
35	48	v35_48	symbol31	STRUCTURAL	call result of Symbol			
35	49	v35_49	symbol32	STRUCTURAL	call result of Symbol			
35	52	v35_52	tagged	STRUCTURAL	call result of FindTagged			
35	55	v35_55	ipairs1	STRUCTURAL	call result of ipairs			
35	56	v35_56	ipairs2	STRUCTURAL	call result of ipairs			
35	57	v35_57	ipairs3	STRUCTURAL	call result of ipairs			
35	63	v35_63	sharedState	STRUCTURAL	exact engine global _T			
35	67	v35_67	setupMissionTransmissionSetValue	STRUCTURAL	field read SetupMissionTransmissionSet			
35	69	v35_69	value2	API_CONTRACT	semantic-sdk:lua:global_function:_GLOBAL:IsNull; confidence=STOCK_BYTECODE; status=CONFIRMED; evidence=WF-STOCK-BARD-BOXLOOP; argument 0 of IsNull			
35	71	v35_71	isNull2	API_CONTRACT	semantic-sdk:lua:global_function:_GLOBAL:IsNull; confidence=STOCK_BYTECODE; status=CONFIRMED; evidence=WF-STOCK-BARD-BOXLOOP; result of IsNull	boolean	API_CONTRACT	semantic-sdk:lua:global_function:_GLOBAL:IsNull; confidence=STOCK_BYTECODE; status=CONFIRMED; evidence=WF-STOCK-BARD-BOXLOOP; result of IsNull
35	72	v35_72	value3	API_CONTRACT	semantic-sdk:lua:global_function:_GLOBAL:IsNull; confidence=STOCK_BYTECODE; status=CONFIRMED; evidence=WF-STOCK-BARD-BOXLOOP; argument 0 of IsNull			
35	74	v35_74	isNull3	API_CONTRACT	semantic-sdk:lua:global_function:_GLOBAL:IsNull; confidence=STOCK_BYTECODE; status=CONFIRMED; evidence=WF-STOCK-BARD-BOXLOOP; result of IsNull	boolean	API_CONTRACT	semantic-sdk:lua:global_function:_GLOBAL:IsNull; confidence=STOCK_BYTECODE; status=CONFIRMED; evidence=WF-STOCK-BARD-BOXLOOP; result of IsNull
35	75	v35_75	levelOverrideValue	STRUCTURAL	field read levelOverride			
35	78	v35_78	fullName	STRUCTURAL	call result of GetFullName			
35	82	v35_82	tostring2	STRUCTURAL	call result of tostring			
35	84	v35_84	stringFind	STRUCTURAL	call result of string.find			
35	89	v35_89	mission2	STRUCTURAL	call result of GetMission			
35	90	v35_90	value4	API_CONTRACT	semantic-sdk:lua:global_function:_GLOBAL:IsNull; confidence=STOCK_BYTECODE; status=CONFIRMED; evidence=WF-STOCK-BARD-BOXLOOP; argument 0 of IsNull			
35	92	v35_92	isNull4	API_CONTRACT	semantic-sdk:lua:global_function:_GLOBAL:IsNull; confidence=STOCK_BYTECODE; status=CONFIRMED; evidence=WF-STOCK-BARD-BOXLOOP; result of IsNull	boolean	API_CONTRACT	semantic-sdk:lua:global_function:_GLOBAL:IsNull; confidence=STOCK_BYTECODE; status=CONFIRMED; evidence=WF-STOCK-BARD-BOXLOOP; result of IsNull
35	93	v35_93	goalTagValue	STRUCTURAL	field read goalTag			
35	95	v35_95	qUEST_GOAL_TAGValue	STRUCTURAL	field read QUEST_GOAL_TAG			
35	107	v35_107	agentOrEngineObject	CORPUS_CATALOG	semantic-sdk:lua:method:AgentOrEngineObject:GetAvatar; confidence=OBSERVED_STABLE_ARGS; status=CATALOG_ONLY; evidence=; receiver of GetAvatar	AgentOrEngineObject	CORPUS_CATALOG	semantic-sdk:lua:method:AgentOrEngineObject:GetAvatar; confidence=OBSERVED_STABLE_ARGS; status=CATALOG_ONLY; evidence=; receiver of GetAvatar
35	120	v35_120	symbol33	STRUCTURAL	call result of Symbol			
35	124	v35_124	region2	STRUCTURAL	exact engine global gRegion	Region	API_CONTRACT	semantic-sdk:lua:method:Region:GetLocalPlayerAvatar; confidence=LIVE_CONFIRMED; status=CONFIRMED; evidence=WF-LIVE-OCTAVIA-FLOAT-2026-08-27;WF-STOCK-GRAVITY-PAIR-CENSUS; receiver of GetLocalPlayerAvatar
35	127	v35_127	avatar	API_CONTRACT	semantic-sdk:lua:method:Avatar:GetPlayer; confidence=LIVE_CONFIRMED; status=CONFIRMED; evidence=WF-LIVE-MALLET-2026-08-23; receiver of GetPlayer			
35	128	v35_128	value5	API_CONTRACT	semantic-sdk:lua:global_function:_GLOBAL:IsNull; confidence=STOCK_BYTECODE; status=CONFIRMED; evidence=WF-STOCK-BARD-BOXLOOP; argument 0 of IsNull			
35	130	v35_130	isNull5	API_CONTRACT	semantic-sdk:lua:global_function:_GLOBAL:IsNull; confidence=STOCK_BYTECODE; status=CONFIRMED; evidence=WF-STOCK-BARD-BOXLOOP; result of IsNull	boolean	API_CONTRACT	semantic-sdk:lua:global_function:_GLOBAL:IsNull; confidence=STOCK_BYTECODE; status=CONFIRMED; evidence=WF-STOCK-BARD-BOXLOOP; result of IsNull
35	133	v35_133	playerHandle	API_CONTRACT	semantic-sdk:lua:method:Avatar:GetPlayer; confidence=LIVE_CONFIRMED; status=CONFIRMED; evidence=WF-LIVE-MALLET-2026-08-23; result of GetPlayer	PlayerHandle|unknown	API_CONTRACT	semantic-sdk:lua:method:Avatar:GetPlayer; confidence=LIVE_CONFIRMED; status=CONFIRMED; evidence=WF-LIVE-MALLET-2026-08-23; result of GetPlayer
35	141	v35_141	avatar2	CORPUS_CATALOG	semantic-sdk:lua:method:AgentOrEngineObject:GetAvatar; confidence=OBSERVED_STABLE_ARGS; status=CATALOG_ONLY; evidence=; result of GetAvatar	Avatar	CORPUS_CATALOG	semantic-sdk:lua:method:AgentOrEngineObject:GetAvatar; confidence=OBSERVED_STABLE_ARGS; status=CATALOG_ONLY; evidence=; result of GetAvatar
35	142	v35_142	avatarOrEntity	CORPUS_CATALOG	semantic-sdk:lua:method:AvatarOrEntity:DistanceToEntity; confidence=OBSERVED_STABLE_SHAPE; status=CATALOG_ONLY; evidence=; receiver of DistanceToEntity	AvatarOrEntity	CORPUS_CATALOG	semantic-sdk:lua:method:AvatarOrEntity:DistanceToEntity; confidence=OBSERVED_STABLE_SHAPE; status=CATALOG_ONLY; evidence=; receiver of DistanceToEntity
35	143	v35_143	value6	API_CONTRACT	semantic-sdk:lua:global_function:_GLOBAL:IsNull; confidence=STOCK_BYTECODE; status=CONFIRMED; evidence=WF-STOCK-BARD-BOXLOOP; argument 0 of IsNull			
35	145	v35_145	isNull6	API_CONTRACT	semantic-sdk:lua:global_function:_GLOBAL:IsNull; confidence=STOCK_BYTECODE; status=CONFIRMED; evidence=WF-STOCK-BARD-BOXLOOP; result of IsNull	boolean	API_CONTRACT	semantic-sdk:lua:global_function:_GLOBAL:IsNull; confidence=STOCK_BYTECODE; status=CONFIRMED; evidence=WF-STOCK-BARD-BOXLOOP; result of IsNull
35	149	v35_149	distanceToEntity	CORPUS_CATALOG	semantic-sdk:lua:method:AvatarOrEntity:DistanceToEntity; confidence=OBSERVED_STABLE_SHAPE; status=CATALOG_ONLY; evidence=; result of DistanceToEntity	number	CORPUS_CATALOG	semantic-sdk:lua:method:AvatarOrEntity:DistanceToEntity; confidence=OBSERVED_STABLE_SHAPE; status=CATALOG_ONLY; evidence=; result of DistanceToEntity
35	158	v35_158	mission3	STRUCTURAL	call result of GetMission			
35	159	v35_159	maxWaveNumValue	STRUCTURAL	field read maxWaveNum			
35	163	v35_163	mission4	STRUCTURAL	call result of GetMission			
35	164	v35_164	nightmareValue	STRUCTURAL	field read nightmare			
35	165	v35_165	alertIdValue	STRUCTURAL	field read alertId			
35	166	v35_166	invasionIdValue	STRUCTURAL	field read invasionId			
35	167	v35_167	syndicateTagValue	STRUCTURAL	field read syndicateTag			
35	170	v35_170	isValid	STRUCTURAL	call result of IsValid			
35	171	v35_171	goalIdValue	STRUCTURAL	field read goalId			
35	178	v35_178	netPersistentVar	STRUCTURAL	call result of GetNetPersistentVar			
35	183	v35_183	openVoidProjectionSelectionScreen	STRUCTURAL	call result of OpenVoidProjectionSelectionScreen			
35	184	v35_184	value7	API_CONTRACT	semantic-sdk:lua:global_function:_GLOBAL:IsNull; confidence=STOCK_BYTECODE; status=CONFIRMED; evidence=WF-STOCK-BARD-BOXLOOP; argument 0 of IsNull			
35	186	v35_186	isNull7	API_CONTRACT	semantic-sdk:lua:global_function:_GLOBAL:IsNull; confidence=STOCK_BYTECODE; status=CONFIRMED; evidence=WF-STOCK-BARD-BOXLOOP; result of IsNull	boolean	API_CONTRACT	semantic-sdk:lua:global_function:_GLOBAL:IsNull; confidence=STOCK_BYTECODE; status=CONFIRMED; evidence=WF-STOCK-BARD-BOXLOOP; result of IsNull
35	187	v35_187	value8	API_CONTRACT	semantic-sdk:lua:global_function:_GLOBAL:IsNull; confidence=STOCK_BYTECODE; status=CONFIRMED; evidence=WF-STOCK-BARD-BOXLOOP; argument 0 of IsNull			
35	189	v35_189	isNull8	API_CONTRACT	semantic-sdk:lua:global_function:_GLOBAL:IsNull; confidence=STOCK_BYTECODE; status=CONFIRMED; evidence=WF-STOCK-BARD-BOXLOOP; result of IsNull	boolean	API_CONTRACT	semantic-sdk:lua:global_function:_GLOBAL:IsNull; confidence=STOCK_BYTECODE; status=CONFIRMED; evidence=WF-STOCK-BARD-BOXLOOP; result of IsNull
35	212	v35_212	objectiveMarker	STRUCTURAL	call result of GetObjectiveMarker			
35	217	v35_217	tag	STRUCTURAL	call result of GetTag			
35	220	v35_220	symbol34	STRUCTURAL	call result of Symbol			
35	221	v35_221	value9	API_CONTRACT	semantic-sdk:lua:global_function:_GLOBAL:IsNull; confidence=STOCK_BYTECODE; status=CONFIRMED; evidence=WF-STOCK-BARD-BOXLOOP; argument 0 of IsNull			
35	223	v35_223	isNull9	API_CONTRACT	semantic-sdk:lua:global_function:_GLOBAL:IsNull; confidence=STOCK_BYTECODE; status=CONFIRMED; evidence=WF-STOCK-BARD-BOXLOOP; result of IsNull	boolean	API_CONTRACT	semantic-sdk:lua:global_function:_GLOBAL:IsNull; confidence=STOCK_BYTECODE; status=CONFIRMED; evidence=WF-STOCK-BARD-BOXLOOP; result of IsNull
35	242	v35_242	objectiveMarker2	STRUCTURAL	call result of GetObjectiveMarker	EngineObject	CORPUS_CATALOG	semantic-sdk:lua:method:EngineObject:IsEnabled; confidence=OBSERVED_STABLE_SHAPE; status=CATALOG_ONLY; evidence=; receiver of IsEnabled
35	245	v35_245	isEnabled	CORPUS_CATALOG	semantic-sdk:lua:method:EngineObject:IsEnabled; confidence=OBSERVED_STABLE_SHAPE; status=CATALOG_ONLY; evidence=; result of IsEnabled	boolean	CORPUS_CATALOG	semantic-sdk:lua:method:EngineObject:IsEnabled; confidence=OBSERVED_STABLE_SHAPE; status=CATALOG_ONLY; evidence=; result of IsEnabled
35	263	v35_263	ipairs12	STRUCTURAL	call result of ipairs			
35	264	v35_264	ipairs22	STRUCTURAL	call result of ipairs			
35	265	v35_265	ipairs32	STRUCTURAL	call result of ipairs			
35	268	v35_268	label	STRUCTURAL	call result of GetLabel			
35	274	v35_274	ipairs13	STRUCTURAL	call result of ipairs			
35	275	v35_275	ipairs23	STRUCTURAL	call result of ipairs			
35	276	v35_276	ipairs33	STRUCTURAL	call result of ipairs			
35	295	v35_295	state	STRUCTURAL	call result of GetState			
35	302	v35_302	state2	STRUCTURAL	call result of GetState			
35	314	v35_314	objectiveMarker3	STRUCTURAL	call result of GetObjectiveMarker			
35	336	v35_336	getInfoValue	STRUCTURAL	field read GetInfo			
35	337	v35_337	info	STRUCTURAL	call result of GetInfo			
35	341	v35_341	symbol35	STRUCTURAL	call result of Symbol			
35	350	v35_350	playGlobalTransmissionValue	STRUCTURAL	field read PlayGlobalTransmission			
35	354	v35_354	symbol36	STRUCTURAL	call result of Symbol			
35	355	v35_355	symbol37	STRUCTURAL	call result of Symbol			
35	356	v35_356	symbol38	STRUCTURAL	call result of Symbol			
35	357	v35_357	symbol39	STRUCTURAL	call result of Symbol			
35	358	v35_358	symbol40	STRUCTURAL	call result of Symbol			
35	359	v35_359	symbol41	STRUCTURAL	call result of Symbol			
35	360	v35_360	symbol42	STRUCTURAL	call result of Symbol			
35	361	v35_361	symbol43	STRUCTURAL	call result of Symbol			
35	362	v35_362	symbol44	STRUCTURAL	call result of Symbol			
35	363	v35_363	symbol45	STRUCTURAL	call result of Symbol			
35	364	v35_364	symbol46	STRUCTURAL	call result of Symbol			
35	365	v35_365	symbol47	STRUCTURAL	call result of Symbol			
35	366	v35_366	symbol48	STRUCTURAL	call result of Symbol			
35	367	v35_367	symbol49	STRUCTURAL	call result of Symbol			
35	368	v35_368	symbol50	STRUCTURAL	call result of Symbol			
35	369	v35_369	symbol51	STRUCTURAL	call result of Symbol			
35	370	v35_370	symbol52	STRUCTURAL	call result of Symbol			
35	371	v35_371	symbol53	STRUCTURAL	call result of Symbol			
35	372	v35_372	symbol54	STRUCTURAL	call result of Symbol			
35	373	v35_373	symbol55	STRUCTURAL	call result of Symbol			
35	374	v35_374	symbol56	STRUCTURAL	call result of Symbol			
35	375	v35_375	symbol57	STRUCTURAL	call result of Symbol			
35	376	v35_376	symbol58	STRUCTURAL	call result of Symbol			
35	377	v35_377	symbol59	STRUCTURAL	call result of Symbol			
35	378	v35_378	symbol60	STRUCTURAL	call result of Symbol			
35	379	v35_379	symbol61	STRUCTURAL	call result of Symbol			
35	380	v35_380	symbol62	STRUCTURAL	call result of Symbol			
35	383	v35_383	playGlobalTransmissionValue2	STRUCTURAL	field read PlayGlobalTransmission			
35	387	v35_387	symbol63	STRUCTURAL	call result of Symbol			
35	388	v35_388	symbol64	STRUCTURAL	call result of Symbol			
35	389	v35_389	symbol65	STRUCTURAL	call result of Symbol			
35	390	v35_390	symbol66	STRUCTURAL	call result of Symbol			
35	391	v35_391	symbol67	STRUCTURAL	call result of Symbol			
35	392	v35_392	symbol68	STRUCTURAL	call result of Symbol			
35	393	v35_393	symbol69	STRUCTURAL	call result of Symbol			
35	394	v35_394	symbol70	STRUCTURAL	call result of Symbol			
35	395	v35_395	symbol71	STRUCTURAL	call result of Symbol			
35	396	v35_396	symbol72	STRUCTURAL	call result of Symbol			
35	397	v35_397	symbol73	STRUCTURAL	call result of Symbol			
35	398	v35_398	symbol74	STRUCTURAL	call result of Symbol			
35	399	v35_399	symbol75	STRUCTURAL	call result of Symbol			
35	400	v35_400	symbol76	STRUCTURAL	call result of Symbol			
35	401	v35_401	symbol77	STRUCTURAL	call result of Symbol			
35	402	v35_402	symbol78	STRUCTURAL	call result of Symbol			
35	403	v35_403	symbol79	STRUCTURAL	call result of Symbol			
35	404	v35_404	symbol80	STRUCTURAL	call result of Symbol			
35	405	v35_405	symbol81	STRUCTURAL	call result of Symbol			
35	406	v35_406	symbol82	STRUCTURAL	call result of Symbol			
35	407	v35_407	symbol83	STRUCTURAL	call result of Symbol			
35	408	v35_408	symbol84	STRUCTURAL	call result of Symbol			
35	409	v35_409	symbol85	STRUCTURAL	call result of Symbol			
35	410	v35_410	symbol86	STRUCTURAL	call result of Symbol			
35	411	v35_411	symbol87	STRUCTURAL	call result of Symbol			
35	412	v35_412	symbol88	STRUCTURAL	call result of Symbol			
35	413	v35_413	symbol89	STRUCTURAL	call result of Symbol			
35	415	v35_415	playGlobalTransmissionValue3	STRUCTURAL	field read PlayGlobalTransmission			
35	419	v35_419	symbol90	STRUCTURAL	call result of Symbol			
35	420	v35_420	symbol91	STRUCTURAL	call result of Symbol			
35	421	v35_421	symbol92	STRUCTURAL	call result of Symbol			
35	422	v35_422	symbol93	STRUCTURAL	call result of Symbol			
35	423	v35_423	symbol94	STRUCTURAL	call result of Symbol			
35	424	v35_424	symbol95	STRUCTURAL	call result of Symbol			
35	425	v35_425	symbol96	STRUCTURAL	call result of Symbol			
35	426	v35_426	symbol97	STRUCTURAL	call result of Symbol			
35	427	v35_427	symbol98	STRUCTURAL	call result of Symbol			
35	428	v35_428	symbol99	STRUCTURAL	call result of Symbol			
35	429	v35_429	symbol100	STRUCTURAL	call result of Symbol			
35	430	v35_430	symbol101	STRUCTURAL	call result of Symbol			
35	431	v35_431	symbol102	STRUCTURAL	call result of Symbol			
35	432	v35_432	symbol103	STRUCTURAL	call result of Symbol			
35	433	v35_433	symbol104	STRUCTURAL	call result of Symbol			
35	434	v35_434	symbol105	STRUCTURAL	call result of Symbol			
35	435	v35_435	symbol106	STRUCTURAL	call result of Symbol			
35	436	v35_436	symbol107	STRUCTURAL	call result of Symbol			
35	437	v35_437	symbol108	STRUCTURAL	call result of Symbol			
35	438	v35_438	symbol109	STRUCTURAL	call result of Symbol			
35	439	v35_439	symbol110	STRUCTURAL	call result of Symbol			
35	440	v35_440	symbol111	STRUCTURAL	call result of Symbol			
35	441	v35_441	symbol112	STRUCTURAL	call result of Symbol			
35	442	v35_442	symbol113	STRUCTURAL	call result of Symbol			
35	443	v35_443	symbol114	STRUCTURAL	call result of Symbol			
35	444	v35_444	symbol115	STRUCTURAL	call result of Symbol			
35	445	v35_445	symbol116	STRUCTURAL	call result of Symbol			
35	451	v35_451	netPersistentVar2	STRUCTURAL	call result of GetNetPersistentVar			
35	468	v35_468	netPersistentVar3	STRUCTURAL	call result of GetNetPersistentVar			
35	484	v35_484	netPersistentVar4	STRUCTURAL	call result of GetNetPersistentVar			
35	490	v35_490	netPersistentVar5	STRUCTURAL	call result of GetNetPersistentVar			
35	496	v35_496	netPersistentVar6	STRUCTURAL	call result of GetNetPersistentVar			
35	505	v35_505	netPersistentVar7	STRUCTURAL	call result of GetNetPersistentVar			
35	519	v35_519	mission5	STRUCTURAL	call result of GetMission			
35	523	v35_523	difficultyValue	STRUCTURAL	field read difficulty			
35	524	v35_524	lerp	STRUCTURAL	call result of Lerp			
35	529	v35_529	mathPow	STRUCTURAL	call result of math.pow			
35	532	v35_532	mathCeil	STRUCTURAL	call result of math.ceil			
35	541	v35_541	mathFloor	STRUCTURAL	call result of math.floor			
35	544	v35_544	mathFloor2	STRUCTURAL	call result of math.floor			
35	548	v35_548	region3	STRUCTURAL	exact engine global gRegion	Region	API_CONTRACT	semantic-sdk:lua:method:Region:GetLocalPlayerAvatar; confidence=LIVE_CONFIRMED; status=CONFIRMED; evidence=WF-LIVE-OCTAVIA-FLOAT-2026-08-27;WF-STOCK-GRAVITY-PAIR-CENSUS; receiver of GetLocalPlayerAvatar
35	551	v35_551	avatar_ref_or_null_unresolved	API_CONTRACT	semantic-sdk:lua:method:Region:GetLocalPlayerAvatar; confidence=LIVE_CONFIRMED; status=CONFIRMED; evidence=WF-LIVE-OCTAVIA-FLOAT-2026-08-27;WF-STOCK-GRAVITY-PAIR-CENSUS; result of GetLocalPlayerAvatar	Avatar_ref_or_null_unresolved	API_CONTRACT	semantic-sdk:lua:method:Region:GetLocalPlayerAvatar; confidence=LIVE_CONFIRMED; status=CONFIRMED; evidence=WF-LIVE-OCTAVIA-FLOAT-2026-08-27;WF-STOCK-GRAVITY-PAIR-CENSUS; result of GetLocalPlayerAvatar
35	552	v35_552	value10	API_CONTRACT	semantic-sdk:lua:global_function:_GLOBAL:IsNull; confidence=STOCK_BYTECODE; status=CONFIRMED; evidence=WF-STOCK-BARD-BOXLOOP; argument 0 of IsNull			
35	554	v35_554	isNull10	API_CONTRACT	semantic-sdk:lua:global_function:_GLOBAL:IsNull; confidence=STOCK_BYTECODE; status=CONFIRMED; evidence=WF-STOCK-BARD-BOXLOOP; result of IsNull	boolean	API_CONTRACT	semantic-sdk:lua:global_function:_GLOBAL:IsNull; confidence=STOCK_BYTECODE; status=CONFIRMED; evidence=WF-STOCK-BARD-BOXLOOP; result of IsNull
35	559	v35_559	avatar3	CORPUS_CATALOG	semantic-sdk:lua:method:AgentOrEngineObject:GetAvatar; confidence=OBSERVED_STABLE_ARGS; status=CATALOG_ONLY; evidence=; result of GetAvatar	Avatar	CORPUS_CATALOG	semantic-sdk:lua:method:AgentOrEngineObject:GetAvatar; confidence=OBSERVED_STABLE_ARGS; status=CATALOG_ONLY; evidence=; result of GetAvatar
35	567	v35_567	value11	API_CONTRACT	semantic-sdk:lua:global_function:_GLOBAL:IsNull; confidence=STOCK_BYTECODE; status=CONFIRMED; evidence=WF-STOCK-BARD-BOXLOOP; argument 0 of IsNull			
35	569	v35_569	isNull11	API_CONTRACT	semantic-sdk:lua:global_function:_GLOBAL:IsNull; confidence=STOCK_BYTECODE; status=CONFIRMED; evidence=WF-STOCK-BARD-BOXLOOP; result of IsNull	boolean	API_CONTRACT	semantic-sdk:lua:global_function:_GLOBAL:IsNull; confidence=STOCK_BYTECODE; status=CONFIRMED; evidence=WF-STOCK-BARD-BOXLOOP; result of IsNull
35	574	v35_574	avatar4	CORPUS_CATALOG	semantic-sdk:lua:method:AgentOrEngineObject:GetAvatar; confidence=OBSERVED_STABLE_ARGS; status=CATALOG_ONLY; evidence=; result of GetAvatar	Avatar	CORPUS_CATALOG	semantic-sdk:lua:method:AgentOrEngineObject:GetAvatar; confidence=OBSERVED_STABLE_ARGS; status=CATALOG_ONLY; evidence=; result of GetAvatar
35	581	v35_581	ipairs14	STRUCTURAL	call result of ipairs			
35	582	v35_582	ipairs24	STRUCTURAL	call result of ipairs			
35	583	v35_583	ipairs34	STRUCTURAL	call result of ipairs			
35	587	v35_587	attachment	CORPUS_CATALOG	semantic-sdk:lua:method:AvatarOrEntity:GetAttachment; confidence=OBSERVED_VARIABLE_OR_OPEN; status=CATALOG_ONLY; evidence=; result of GetAttachment	AttachmentOrNil	CORPUS_CATALOG	semantic-sdk:lua:method:AvatarOrEntity:GetAttachment; confidence=OBSERVED_VARIABLE_OR_OPEN; status=CATALOG_ONLY; evidence=; result of GetAttachment
35	605	v35_605	objectiveMarker4	STRUCTURAL	call result of GetObjectiveMarker			
35	613	v35_613	deltaTime	STRUCTURAL	call result of DeltaTime			
35	619	v35_619	lerp2	STRUCTURAL	call result of Lerp			
35	620	v35_620	lerp3	STRUCTURAL	call result of Lerp			
35	621	v35_621	lerp4	STRUCTURAL	call result of Lerp			
35	622	v35_622	lerp5	STRUCTURAL	call result of Lerp			
35	623	v35_623	lerp6	STRUCTURAL	call result of Lerp			
35	624	v35_624	lerp7	STRUCTURAL	call result of Lerp			
35	625	v35_625	lerp8	STRUCTURAL	call result of Lerp			
35	626	v35_626	lerp9	STRUCTURAL	call result of Lerp			
35	627	v35_627	lerp10	STRUCTURAL	call result of Lerp			
35	628	v35_628	lerp11	STRUCTURAL	call result of Lerp			
35	629	v35_629	lerp12	STRUCTURAL	call result of Lerp			
35	630	v35_630	lerp13	STRUCTURAL	call result of Lerp			
35	631	v35_631	lerp14	STRUCTURAL	call result of Lerp			
35	632	v35_632	lerp15	STRUCTURAL	call result of Lerp			
35	633	v35_633	lerp16	STRUCTURAL	call result of Lerp			
35	637	v35_637	avatarOrEntity2	CORPUS_CATALOG	semantic-sdk:lua:method:AvatarOrEntity:GetAttachment; confidence=OBSERVED_VARIABLE_OR_OPEN; status=CATALOG_ONLY; evidence=; receiver of GetAttachment	AvatarOrEntity	CORPUS_CATALOG	semantic-sdk:lua:method:AvatarOrEntity:GetAttachment; confidence=OBSERVED_VARIABLE_OR_OPEN; status=CATALOG_ONLY; evidence=; receiver of GetAttachment
35	646	v35_646	sharedState2	STRUCTURAL	exact engine global _T			
35	651	v35_651	sharedState3	STRUCTURAL	exact engine global _T			
35	655	v35_655	ipairs15	STRUCTURAL	call result of ipairs			
35	656	v35_656	ipairs25	STRUCTURAL	call result of ipairs			
35	657	v35_657	ipairs35	STRUCTURAL	call result of ipairs			
35	671	v35_671	mathRandom	STRUCTURAL	call result of math.random			
35	681	v35_681	isPauseMenuShowing	STRUCTURAL	call result of IsPauseMenuShowing			
35	690	v35_690	value12	API_CONTRACT	semantic-sdk:lua:global_function:_GLOBAL:IsNull; confidence=STOCK_BYTECODE; status=CONFIRMED; evidence=WF-STOCK-BARD-BOXLOOP; argument 0 of IsNull			
35	692	v35_692	isNull12	API_CONTRACT	semantic-sdk:lua:global_function:_GLOBAL:IsNull; confidence=STOCK_BYTECODE; status=CONFIRMED; evidence=WF-STOCK-BARD-BOXLOOP; result of IsNull	boolean	API_CONTRACT	semantic-sdk:lua:global_function:_GLOBAL:IsNull; confidence=STOCK_BYTECODE; status=CONFIRMED; evidence=WF-STOCK-BARD-BOXLOOP; result of IsNull
35	696	v35_696	levelAlert	STRUCTURAL	call result of GetLevelAlert			
35	712	v35_712	netPersistentVar8	STRUCTURAL	call result of GetNetPersistentVar			
35	728	v35_728	updateValue	STRUCTURAL	field read Update			
35	734	v35_734	value13	API_CONTRACT	semantic-sdk:lua:global_function:_GLOBAL:IsNull; confidence=STOCK_BYTECODE; status=CONFIRMED; evidence=WF-STOCK-BARD-BOXLOOP; argument 0 of IsNull			
35	736	v35_736	isNull13	API_CONTRACT	semantic-sdk:lua:global_function:_GLOBAL:IsNull; confidence=STOCK_BYTECODE; status=CONFIRMED; evidence=WF-STOCK-BARD-BOXLOOP; result of IsNull	boolean	API_CONTRACT	semantic-sdk:lua:global_function:_GLOBAL:IsNull; confidence=STOCK_BYTECODE; status=CONFIRMED; evidence=WF-STOCK-BARD-BOXLOOP; result of IsNull
35	737	v35_737	value14	API_CONTRACT	semantic-sdk:lua:global_function:_GLOBAL:IsNull; confidence=STOCK_BYTECODE; status=CONFIRMED; evidence=WF-STOCK-BARD-BOXLOOP; argument 0 of IsNull			
35	739	v35_739	isNull14	API_CONTRACT	semantic-sdk:lua:global_function:_GLOBAL:IsNull; confidence=STOCK_BYTECODE; status=CONFIRMED; evidence=WF-STOCK-BARD-BOXLOOP; result of IsNull	boolean	API_CONTRACT	semantic-sdk:lua:global_function:_GLOBAL:IsNull; confidence=STOCK_BYTECODE; status=CONFIRMED; evidence=WF-STOCK-BARD-BOXLOOP; result of IsNull
35	740	v35_740	isObjectiveCompleteValue	STRUCTURAL	field read IsObjectiveComplete			
35	741	v35_741	nextPriorityObjectiveValue	STRUCTURAL	field read nextPriorityObjective			
35	742	v35_742	tableValue	STRUCTURAL	verified NEWTABLE value			
35	743	v35_743	isObjectiveComplete	STRUCTURAL	call result of IsObjectiveComplete			
35	745	v35_745	findObjectiveValue	STRUCTURAL	field read FindObjective			
35	750	v35_750	objective	STRUCTURAL	call result of FindObjective			
35	751	v35_751	value15	API_CONTRACT	semantic-sdk:lua:global_function:_GLOBAL:IsNull; confidence=STOCK_BYTECODE; status=CONFIRMED; evidence=WF-STOCK-BARD-BOXLOOP; argument 0 of IsNull			
35	753	v35_753	isNull15	API_CONTRACT	semantic-sdk:lua:global_function:_GLOBAL:IsNull; confidence=STOCK_BYTECODE; status=CONFIRMED; evidence=WF-STOCK-BARD-BOXLOOP; result of IsNull	boolean	API_CONTRACT	semantic-sdk:lua:global_function:_GLOBAL:IsNull; confidence=STOCK_BYTECODE; status=CONFIRMED; evidence=WF-STOCK-BARD-BOXLOOP; result of IsNull
35	758	v35_758	nextPriorityObjectiveValue2	STRUCTURAL	field read nextPriorityObjective			
35	762	v35_762	nextPriorityObjectiveValue3	STRUCTURAL	field read nextPriorityObjective			
35	765	v35_765	region4	STRUCTURAL	exact engine global gRegion	Region	EXACT_EXPORT	exact engine global gRegion
35	768	v35_768	numHumanPlayers	STRUCTURAL	call result of GetNumHumanPlayers			
35	772	v35_772	ipairs16	STRUCTURAL	call result of ipairs			
35	773	v35_773	ipairs26	STRUCTURAL	call result of ipairs			
35	774	v35_774	ipairs36	STRUCTURAL	call result of ipairs			
35	780	v35_780	mathMin	STRUCTURAL	call result of math.min			
35	819	v35_819	value16	API_CONTRACT	semantic-sdk:lua:global_function:_GLOBAL:IsNull; confidence=STOCK_BYTECODE; status=CONFIRMED; evidence=WF-STOCK-BARD-BOXLOOP; argument 0 of IsNull			
35	821	v35_821	isNull16	API_CONTRACT	semantic-sdk:lua:global_function:_GLOBAL:IsNull; confidence=STOCK_BYTECODE; status=CONFIRMED; evidence=WF-STOCK-BARD-BOXLOOP; result of IsNull	boolean	API_CONTRACT	semantic-sdk:lua:global_function:_GLOBAL:IsNull; confidence=STOCK_BYTECODE; status=CONFIRMED; evidence=WF-STOCK-BARD-BOXLOOP; result of IsNull
35	827	v35_827	value17	API_CONTRACT	semantic-sdk:lua:global_function:_GLOBAL:IsNull; confidence=STOCK_BYTECODE; status=CONFIRMED; evidence=WF-STOCK-BARD-BOXLOOP; argument 0 of IsNull			
35	829	v35_829	isNull17	API_CONTRACT	semantic-sdk:lua:global_function:_GLOBAL:IsNull; confidence=STOCK_BYTECODE; status=CONFIRMED; evidence=WF-STOCK-BARD-BOXLOOP; result of IsNull	boolean	API_CONTRACT	semantic-sdk:lua:global_function:_GLOBAL:IsNull; confidence=STOCK_BYTECODE; status=CONFIRMED; evidence=WF-STOCK-BARD-BOXLOOP; result of IsNull
35	831	v35_831	value18	API_CONTRACT	semantic-sdk:lua:global_function:_GLOBAL:IsNull; confidence=STOCK_BYTECODE; status=CONFIRMED; evidence=WF-STOCK-BARD-BOXLOOP; argument 0 of IsNull			
35	833	v35_833	isNull18	API_CONTRACT	semantic-sdk:lua:global_function:_GLOBAL:IsNull; confidence=STOCK_BYTECODE; status=CONFIRMED; evidence=WF-STOCK-BARD-BOXLOOP; result of IsNull	boolean	API_CONTRACT	semantic-sdk:lua:global_function:_GLOBAL:IsNull; confidence=STOCK_BYTECODE; status=CONFIRMED; evidence=WF-STOCK-BARD-BOXLOOP; result of IsNull
35	836	v35_836	avatar5	CORPUS_CATALOG	semantic-sdk:lua:method:AgentOrEngineObject:GetAvatar; confidence=OBSERVED_STABLE_ARGS; status=CATALOG_ONLY; evidence=; result of GetAvatar	Avatar	CORPUS_CATALOG	semantic-sdk:lua:method:AgentOrEngineObject:GetAvatar; confidence=OBSERVED_STABLE_ARGS; status=CATALOG_ONLY; evidence=; result of GetAvatar
35	837	v35_837	avatar6	CORPUS_CATALOG	semantic-sdk:lua:method:AgentOrEngineObject:GetAvatar; confidence=OBSERVED_STABLE_ARGS; status=CATALOG_ONLY; evidence=; result of GetAvatar	Avatar	CORPUS_CATALOG	semantic-sdk:lua:method:AgentOrEngineObject:GetAvatar; confidence=OBSERVED_STABLE_ARGS; status=CATALOG_ONLY; evidence=; result of GetAvatar
35	838	v35_838	avatar7	CORPUS_CATALOG	semantic-sdk:lua:method:AgentOrEngineObject:GetAvatar; confidence=OBSERVED_STABLE_ARGS; status=CATALOG_ONLY; evidence=; result of GetAvatar	Avatar	CORPUS_CATALOG	semantic-sdk:lua:method:AgentOrEngineObject:GetAvatar; confidence=OBSERVED_STABLE_ARGS; status=CATALOG_ONLY; evidence=; result of GetAvatar
35	839	v35_839	avatar8	CORPUS_CATALOG	semantic-sdk:lua:method:AgentOrEngineObject:GetAvatar; confidence=OBSERVED_STABLE_ARGS; status=CATALOG_ONLY; evidence=; result of GetAvatar	Avatar	CORPUS_CATALOG	semantic-sdk:lua:method:AgentOrEngineObject:GetAvatar; confidence=OBSERVED_STABLE_ARGS; status=CATALOG_ONLY; evidence=; result of GetAvatar
35	840	v35_840	avatar9	CORPUS_CATALOG	semantic-sdk:lua:method:AgentOrEngineObject:GetAvatar; confidence=OBSERVED_STABLE_ARGS; status=CATALOG_ONLY; evidence=; result of GetAvatar	Avatar	CORPUS_CATALOG	semantic-sdk:lua:method:AgentOrEngineObject:GetAvatar; confidence=OBSERVED_STABLE_ARGS; status=CATALOG_ONLY; evidence=; result of GetAvatar
35	841	v35_841	avatar10	CORPUS_CATALOG	semantic-sdk:lua:method:AgentOrEngineObject:GetAvatar; confidence=OBSERVED_STABLE_ARGS; status=CATALOG_ONLY; evidence=; result of GetAvatar	Avatar	CORPUS_CATALOG	semantic-sdk:lua:method:AgentOrEngineObject:GetAvatar; confidence=OBSERVED_STABLE_ARGS; status=CATALOG_ONLY; evidence=; result of GetAvatar
35	842	v35_842	avatar11	CORPUS_CATALOG	semantic-sdk:lua:method:AgentOrEngineObject:GetAvatar; confidence=OBSERVED_STABLE_ARGS; status=CATALOG_ONLY; evidence=; result of GetAvatar	Avatar	CORPUS_CATALOG	semantic-sdk:lua:method:AgentOrEngineObject:GetAvatar; confidence=OBSERVED_STABLE_ARGS; status=CATALOG_ONLY; evidence=; result of GetAvatar
35	843	v35_843	avatar12	CORPUS_CATALOG	semantic-sdk:lua:method:AgentOrEngineObject:GetAvatar; confidence=OBSERVED_STABLE_ARGS; status=CATALOG_ONLY; evidence=; result of GetAvatar	Avatar	CORPUS_CATALOG	semantic-sdk:lua:method:AgentOrEngineObject:GetAvatar; confidence=OBSERVED_STABLE_ARGS; status=CATALOG_ONLY; evidence=; result of GetAvatar
35	844	v35_844	avatar13	CORPUS_CATALOG	semantic-sdk:lua:method:AgentOrEngineObject:GetAvatar; confidence=OBSERVED_STABLE_ARGS; status=CATALOG_ONLY; evidence=; result of GetAvatar	Avatar	CORPUS_CATALOG	semantic-sdk:lua:method:AgentOrEngineObject:GetAvatar; confidence=OBSERVED_STABLE_ARGS; status=CATALOG_ONLY; evidence=; result of GetAvatar
35	845	v35_845	avatar14	CORPUS_CATALOG	semantic-sdk:lua:method:AgentOrEngineObject:GetAvatar; confidence=OBSERVED_STABLE_ARGS; status=CATALOG_ONLY; evidence=; result of GetAvatar	Avatar	CORPUS_CATALOG	semantic-sdk:lua:method:AgentOrEngineObject:GetAvatar; confidence=OBSERVED_STABLE_ARGS; status=CATALOG_ONLY; evidence=; result of GetAvatar
35	846	v35_846	avatar15	CORPUS_CATALOG	semantic-sdk:lua:method:AgentOrEngineObject:GetAvatar; confidence=OBSERVED_STABLE_ARGS; status=CATALOG_ONLY; evidence=; result of GetAvatar	Avatar	CORPUS_CATALOG	semantic-sdk:lua:method:AgentOrEngineObject:GetAvatar; confidence=OBSERVED_STABLE_ARGS; status=CATALOG_ONLY; evidence=; result of GetAvatar
35	847	v35_847	avatar16	CORPUS_CATALOG	semantic-sdk:lua:method:AgentOrEngineObject:GetAvatar; confidence=OBSERVED_STABLE_ARGS; status=CATALOG_ONLY; evidence=; result of GetAvatar	Avatar	CORPUS_CATALOG	semantic-sdk:lua:method:AgentOrEngineObject:GetAvatar; confidence=OBSERVED_STABLE_ARGS; status=CATALOG_ONLY; evidence=; result of GetAvatar
35	848	v35_848	avatar17	CORPUS_CATALOG	semantic-sdk:lua:method:AgentOrEngineObject:GetAvatar; confidence=OBSERVED_STABLE_ARGS; status=CATALOG_ONLY; evidence=; result of GetAvatar	Avatar	CORPUS_CATALOG	semantic-sdk:lua:method:AgentOrEngineObject:GetAvatar; confidence=OBSERVED_STABLE_ARGS; status=CATALOG_ONLY; evidence=; result of GetAvatar
35	849	v35_849	avatar18	CORPUS_CATALOG	semantic-sdk:lua:method:AgentOrEngineObject:GetAvatar; confidence=OBSERVED_STABLE_ARGS; status=CATALOG_ONLY; evidence=; result of GetAvatar	Avatar	CORPUS_CATALOG	semantic-sdk:lua:method:AgentOrEngineObject:GetAvatar; confidence=OBSERVED_STABLE_ARGS; status=CATALOG_ONLY; evidence=; result of GetAvatar
35	850	v35_850	avatar19	CORPUS_CATALOG	semantic-sdk:lua:method:AgentOrEngineObject:GetAvatar; confidence=OBSERVED_STABLE_ARGS; status=CATALOG_ONLY; evidence=; result of GetAvatar	Avatar	CORPUS_CATALOG	semantic-sdk:lua:method:AgentOrEngineObject:GetAvatar; confidence=OBSERVED_STABLE_ARGS; status=CATALOG_ONLY; evidence=; result of GetAvatar
35	852	v35_852	isNull19	API_CONTRACT	semantic-sdk:lua:global_function:_GLOBAL:IsNull; confidence=STOCK_BYTECODE; status=CONFIRMED; evidence=WF-STOCK-BARD-BOXLOOP; result of IsNull	boolean	API_CONTRACT	semantic-sdk:lua:global_function:_GLOBAL:IsNull; confidence=STOCK_BYTECODE; status=CONFIRMED; evidence=WF-STOCK-BARD-BOXLOOP; result of IsNull
35	857	v35_857	avatar20	CORPUS_CATALOG	semantic-sdk:lua:method:AgentOrEngineObject:GetAvatar; confidence=OBSERVED_STABLE_ARGS; status=CATALOG_ONLY; evidence=; result of GetAvatar	Avatar	CORPUS_CATALOG	semantic-sdk:lua:method:AgentOrEngineObject:GetAvatar; confidence=OBSERVED_STABLE_ARGS; status=CATALOG_ONLY; evidence=; result of GetAvatar
35	891	v35_891	missionTimeLeft	STRUCTURAL	call result of GetMissionTimeLeft			
35	904	v35_904	ipairs17	STRUCTURAL	call result of ipairs			
35	905	v35_905	ipairs27	STRUCTURAL	call result of ipairs			
35	906	v35_906	ipairs37	STRUCTURAL	call result of ipairs			
35	918	v35_918	value19	API_CONTRACT	semantic-sdk:lua:global_function:_GLOBAL:IsNull; confidence=STOCK_BYTECODE; status=CONFIRMED; evidence=WF-STOCK-BARD-BOXLOOP; argument 0 of IsNull			
35	920	v35_920	isNull20	API_CONTRACT	semantic-sdk:lua:global_function:_GLOBAL:IsNull; confidence=STOCK_BYTECODE; status=CONFIRMED; evidence=WF-STOCK-BARD-BOXLOOP; result of IsNull	boolean	API_CONTRACT	semantic-sdk:lua:global_function:_GLOBAL:IsNull; confidence=STOCK_BYTECODE; status=CONFIRMED; evidence=WF-STOCK-BARD-BOXLOOP; result of IsNull
35	921	v35_921	region5	STRUCTURAL	exact engine global gRegion	Region	EXACT_EXPORT	exact engine global gRegion
35	923	v35_923	zeroVector	STRUCTURAL	exact engine global ZERO_VECTOR			
35	935	v35_935	tostring3	STRUCTURAL	call result of tostring			
35	938	v35_938	playConditionalTransmissionValue	STRUCTURAL	field read PlayConditionalTransmission			
35	942	v35_942	symbol117	STRUCTURAL	call result of Symbol			
35	952	v35_952	findEnemyAvatarsValue	STRUCTURAL	field read FindEnemyAvatars			
35	954	v35_954	vector	STRUCTURAL	call result of Vector			
35	956	v35_956	enemyAvatars	STRUCTURAL	call result of FindEnemyAvatars			
35	957	v35_957	tableValue2	STRUCTURAL	verified NEWTABLE value			
35	961	v35_961	weakResource	STRUCTURAL	call result of WeakResource			
35	962	v35_962	region6	STRUCTURAL	exact engine global gRegion	Region	EXACT_EXPORT	exact engine global gRegion
35	966	v35_966	array	CORPUS_CATALOG	semantic-sdk:lua:method:Region:FindAll; confidence=OBSERVED_VARIABLE_OR_OPEN; status=CATALOG_ONLY; evidence=; result of FindAll	array<EngineObject>	CORPUS_CATALOG	semantic-sdk:lua:method:Region:FindAll; confidence=OBSERVED_VARIABLE_OR_OPEN; status=CATALOG_ONLY; evidence=; result of FindAll
35	967	v35_967	value20	API_CONTRACT	semantic-sdk:lua:global_function:_GLOBAL:IsNull; confidence=STOCK_BYTECODE; status=CONFIRMED; evidence=WF-STOCK-BARD-BOXLOOP; argument 0 of IsNull			
35	969	v35_969	isNull21	API_CONTRACT	semantic-sdk:lua:global_function:_GLOBAL:IsNull; confidence=STOCK_BYTECODE; status=CONFIRMED; evidence=WF-STOCK-BARD-BOXLOOP; result of IsNull	boolean	API_CONTRACT	semantic-sdk:lua:global_function:_GLOBAL:IsNull; confidence=STOCK_BYTECODE; status=CONFIRMED; evidence=WF-STOCK-BARD-BOXLOOP; result of IsNull
35	978	v35_978	playGlobalTransmissionValue4	STRUCTURAL	field read PlayGlobalTransmission			
35	982	v35_982	symbol118	STRUCTURAL	call result of Symbol			
35	983	v35_983	symbol119	STRUCTURAL	call result of Symbol			
35	984	v35_984	symbol120	STRUCTURAL	call result of Symbol			
35	985	v35_985	symbol121	STRUCTURAL	call result of Symbol			
35	986	v35_986	symbol122	STRUCTURAL	call result of Symbol			
35	987	v35_987	symbol123	STRUCTURAL	call result of Symbol			
35	988	v35_988	symbol124	STRUCTURAL	call result of Symbol			
35	989	v35_989	symbol125	STRUCTURAL	call result of Symbol			
35	990	v35_990	symbol126	STRUCTURAL	call result of Symbol			
35	991	v35_991	symbol127	STRUCTURAL	call result of Symbol			
35	992	v35_992	symbol128	STRUCTURAL	call result of Symbol			
35	993	v35_993	symbol129	STRUCTURAL	call result of Symbol			
35	994	v35_994	symbol130	STRUCTURAL	call result of Symbol			
35	995	v35_995	symbol131	STRUCTURAL	call result of Symbol			
35	996	v35_996	symbol132	STRUCTURAL	call result of Symbol			
35	998	v35_998	engineIsMobile	STRUCTURAL	call result of Engine.IsMobile			
35	1000	v35_1000	setPrimaryObjTextValue	STRUCTURAL	field read SetPrimaryObjText			
35	1003	v35_1003	setPrimaryObjText	STRUCTURAL	call result of SetPrimaryObjText			
35	1004	v35_1004	setOffsetValue	STRUCTURAL	field read SetOffset			
35	1009	v35_1009	setPrimaryObjTextValue2	STRUCTURAL	field read SetPrimaryObjText			
35	1014	v35_1014	ipairs18	STRUCTURAL	call result of ipairs			
35	1015	v35_1015	ipairs28	STRUCTURAL	call result of ipairs			
35	1016	v35_1016	ipairs38	STRUCTURAL	call result of ipairs			
35	1019	v35_1019	agent	CORPUS_CATALOG	semantic-sdk:lua:method:AgentOrEntity:GetAgent; confidence=OBSERVED_STABLE_ARGS; status=CATALOG_ONLY; evidence=; result of GetAgent	Agent	CORPUS_CATALOG	semantic-sdk:lua:method:AgentOrEntity:GetAgent; confidence=OBSERVED_STABLE_ARGS; status=CATALOG_ONLY; evidence=; result of GetAgent
35	1020	v35_1020	value21	API_CONTRACT	semantic-sdk:lua:global_function:_GLOBAL:IsNull; confidence=STOCK_BYTECODE; status=CONFIRMED; evidence=WF-STOCK-BARD-BOXLOOP; argument 0 of IsNull			
35	1022	v35_1022	isNull22	API_CONTRACT	semantic-sdk:lua:global_function:_GLOBAL:IsNull; confidence=STOCK_BYTECODE; status=CONFIRMED; evidence=WF-STOCK-BARD-BOXLOOP; result of IsNull	boolean	API_CONTRACT	semantic-sdk:lua:global_function:_GLOBAL:IsNull; confidence=STOCK_BYTECODE; status=CONFIRMED; evidence=WF-STOCK-BARD-BOXLOOP; result of IsNull
35	1026	v35_1026	hasAttachment	CORPUS_CATALOG	semantic-sdk:lua:method:EngineObject:HasAttachment; confidence=OBSERVED_STABLE_ARGS; status=CATALOG_ONLY; evidence=; result of HasAttachment	boolean	CORPUS_CATALOG	semantic-sdk:lua:method:EngineObject:HasAttachment; confidence=OBSERVED_STABLE_ARGS; status=CATALOG_ONLY; evidence=; result of HasAttachment
35	1033	v35_1033	vector2	STRUCTURAL	call result of Vector			
35	1034	v35_1034	vector3	STRUCTURAL	call result of Vector			
35	1035	v35_1035	vector4	STRUCTURAL	call result of Vector			
35	1036	v35_1036	vector5	STRUCTURAL	call result of Vector			
35	1037	v35_1037	vector6	STRUCTURAL	call result of Vector			
35	1038	v35_1038	vector7	STRUCTURAL	call result of Vector			
35	1039	v35_1039	vector8	STRUCTURAL	call result of Vector			
35	1042	v35_1042	attach	STRUCTURAL	call result of Attach			
35	1046	v35_1046	region7	STRUCTURAL	exact engine global gRegion	Region	EXACT_EXPORT	exact engine global gRegion
35	1050	v35_1050	vector32	CORPUS_CATALOG	semantic-sdk:lua:method:AvatarOrEntity:GetPosition; confidence=OBSERVED_STABLE_ARGS; status=CATALOG_ONLY; evidence=; result of GetPosition	Vector3	CORPUS_CATALOG	semantic-sdk:lua:method:AvatarOrEntity:GetPosition; confidence=OBSERVED_STABLE_ARGS; status=CATALOG_ONLY; evidence=; result of GetPosition
35	1051	v35_1051	vector33	CORPUS_CATALOG	semantic-sdk:lua:method:AvatarOrEntity:GetPosition; confidence=OBSERVED_STABLE_ARGS; status=CATALOG_ONLY; evidence=; result of GetPosition	Vector3	CORPUS_CATALOG	semantic-sdk:lua:method:AvatarOrEntity:GetPosition; confidence=OBSERVED_STABLE_ARGS; status=CATALOG_ONLY; evidence=; result of GetPosition
35	1052	v35_1052	vector34	CORPUS_CATALOG	semantic-sdk:lua:method:AvatarOrEntity:GetPosition; confidence=OBSERVED_STABLE_ARGS; status=CATALOG_ONLY; evidence=; result of GetPosition	Vector3	CORPUS_CATALOG	semantic-sdk:lua:method:AvatarOrEntity:GetPosition; confidence=OBSERVED_STABLE_ARGS; status=CATALOG_ONLY; evidence=; result of GetPosition
35	1053	v35_1053	vector35	CORPUS_CATALOG	semantic-sdk:lua:method:AvatarOrEntity:GetPosition; confidence=OBSERVED_STABLE_ARGS; status=CATALOG_ONLY; evidence=; result of GetPosition	Vector3	CORPUS_CATALOG	semantic-sdk:lua:method:AvatarOrEntity:GetPosition; confidence=OBSERVED_STABLE_ARGS; status=CATALOG_ONLY; evidence=; result of GetPosition
35	1054	v35_1054	vector36	CORPUS_CATALOG	semantic-sdk:lua:method:AvatarOrEntity:GetPosition; confidence=OBSERVED_STABLE_ARGS; status=CATALOG_ONLY; evidence=; result of GetPosition	Vector3	CORPUS_CATALOG	semantic-sdk:lua:method:AvatarOrEntity:GetPosition; confidence=OBSERVED_STABLE_ARGS; status=CATALOG_ONLY; evidence=; result of GetPosition
35	1055	v35_1055	vector37	CORPUS_CATALOG	semantic-sdk:lua:method:AvatarOrEntity:GetPosition; confidence=OBSERVED_STABLE_ARGS; status=CATALOG_ONLY; evidence=; result of GetPosition	Vector3	CORPUS_CATALOG	semantic-sdk:lua:method:AvatarOrEntity:GetPosition; confidence=OBSERVED_STABLE_ARGS; status=CATALOG_ONLY; evidence=; result of GetPosition
35	1056	v35_1056	vector38	CORPUS_CATALOG	semantic-sdk:lua:method:AvatarOrEntity:GetPosition; confidence=OBSERVED_STABLE_ARGS; status=CATALOG_ONLY; evidence=; result of GetPosition	Vector3	CORPUS_CATALOG	semantic-sdk:lua:method:AvatarOrEntity:GetPosition; confidence=OBSERVED_STABLE_ARGS; status=CATALOG_ONLY; evidence=; result of GetPosition
35	1059	v35_1059	nearest	STRUCTURAL	call result of FindNearest			
35	1074	v35_1074	getObjTimeValue	STRUCTURAL	field read GetObjTime			
35	1075	v35_1075	objTime	STRUCTURAL	call result of GetObjTime			
35	1080	v35_1080	value22	API_CONTRACT	semantic-sdk:lua:global_function:_GLOBAL:IsNull; confidence=STOCK_BYTECODE; status=CONFIRMED; evidence=WF-STOCK-BARD-BOXLOOP; argument 0 of IsNull			
35	1082	v35_1082	isNull23	API_CONTRACT	semantic-sdk:lua:global_function:_GLOBAL:IsNull; confidence=STOCK_BYTECODE; status=CONFIRMED; evidence=WF-STOCK-BARD-BOXLOOP; result of IsNull	boolean	API_CONTRACT	semantic-sdk:lua:global_function:_GLOBAL:IsNull; confidence=STOCK_BYTECODE; status=CONFIRMED; evidence=WF-STOCK-BARD-BOXLOOP; result of IsNull
35	1092	v35_1092	findEnemyAvatarsValue2	STRUCTURAL	field read FindEnemyAvatars			
35	1094	v35_1094	vector9	STRUCTURAL	call result of Vector			
35	1096	v35_1096	enemyAvatars2	STRUCTURAL	call result of FindEnemyAvatars			
35	1099	v35_1099	ipairs19	STRUCTURAL	call result of ipairs			
35	1100	v35_1100	ipairs29	STRUCTURAL	call result of ipairs			
35	1101	v35_1101	ipairs39	STRUCTURAL	call result of ipairs			
35	1104	v35_1104	agent2	CORPUS_CATALOG	semantic-sdk:lua:method:AgentOrEntity:GetAgent; confidence=OBSERVED_STABLE_ARGS; status=CATALOG_ONLY; evidence=; result of GetAgent	Agent	CORPUS_CATALOG	semantic-sdk:lua:method:AgentOrEntity:GetAgent; confidence=OBSERVED_STABLE_ARGS; status=CATALOG_ONLY; evidence=; result of GetAgent
35	1105	v35_1105	value23	API_CONTRACT	semantic-sdk:lua:global_function:_GLOBAL:IsNull; confidence=STOCK_BYTECODE; status=CONFIRMED; evidence=WF-STOCK-BARD-BOXLOOP; argument 0 of IsNull			
35	1107	v35_1107	isNull24	API_CONTRACT	semantic-sdk:lua:global_function:_GLOBAL:IsNull; confidence=STOCK_BYTECODE; status=CONFIRMED; evidence=WF-STOCK-BARD-BOXLOOP; result of IsNull	boolean	API_CONTRACT	semantic-sdk:lua:global_function:_GLOBAL:IsNull; confidence=STOCK_BYTECODE; status=CONFIRMED; evidence=WF-STOCK-BARD-BOXLOOP; result of IsNull
35	1111	v35_1111	hasAttachment2	CORPUS_CATALOG	semantic-sdk:lua:method:EngineObject:HasAttachment; confidence=OBSERVED_STABLE_ARGS; status=CATALOG_ONLY; evidence=; result of HasAttachment	boolean	CORPUS_CATALOG	semantic-sdk:lua:method:EngineObject:HasAttachment; confidence=OBSERVED_STABLE_ARGS; status=CATALOG_ONLY; evidence=; result of HasAttachment
35	1113	v35_1113	playGlobalTransmissionValue5	STRUCTURAL	field read PlayGlobalTransmission			
35	1117	v35_1117	symbol133	STRUCTURAL	call result of Symbol			
35	1118	v35_1118	symbol134	STRUCTURAL	call result of Symbol			
35	1119	v35_1119	symbol135	STRUCTURAL	call result of Symbol			
35	1120	v35_1120	symbol136	STRUCTURAL	call result of Symbol			
35	1121	v35_1121	symbol137	STRUCTURAL	call result of Symbol			
35	1122	v35_1122	symbol138	STRUCTURAL	call result of Symbol			
35	1124	v35_1124	engineIsMobile2	STRUCTURAL	call result of Engine.IsMobile			
35	1126	v35_1126	setPrimaryObjTextValue3	STRUCTURAL	field read SetPrimaryObjText			
35	1129	v35_1129	setPrimaryObjText2	STRUCTURAL	call result of SetPrimaryObjText			
35	1130	v35_1130	setOffsetValue2	STRUCTURAL	field read SetOffset			
35	1135	v35_1135	setPrimaryObjTextValue4	STRUCTURAL	field read SetPrimaryObjText			
35	1144	v35_1144	vector10	STRUCTURAL	call result of Vector			
35	1145	v35_1145	vector11	STRUCTURAL	call result of Vector			
35	1146	v35_1146	vector12	STRUCTURAL	call result of Vector			
35	1147	v35_1147	vector13	STRUCTURAL	call result of Vector			
35	1150	v35_1150	attach2	STRUCTURAL	call result of Attach			
35	1154	v35_1154	region8	STRUCTURAL	exact engine global gRegion	Region	EXACT_EXPORT	exact engine global gRegion
35	1158	v35_1158	vector39	CORPUS_CATALOG	semantic-sdk:lua:method:AvatarOrEntity:GetPosition; confidence=OBSERVED_STABLE_ARGS; status=CATALOG_ONLY; evidence=; result of GetPosition	Vector3	CORPUS_CATALOG	semantic-sdk:lua:method:AvatarOrEntity:GetPosition; confidence=OBSERVED_STABLE_ARGS; status=CATALOG_ONLY; evidence=; result of GetPosition
35	1159	v35_1159	vector310	CORPUS_CATALOG	semantic-sdk:lua:method:AvatarOrEntity:GetPosition; confidence=OBSERVED_STABLE_ARGS; status=CATALOG_ONLY; evidence=; result of GetPosition	Vector3	CORPUS_CATALOG	semantic-sdk:lua:method:AvatarOrEntity:GetPosition; confidence=OBSERVED_STABLE_ARGS; status=CATALOG_ONLY; evidence=; result of GetPosition
35	1160	v35_1160	vector311	CORPUS_CATALOG	semantic-sdk:lua:method:AvatarOrEntity:GetPosition; confidence=OBSERVED_STABLE_ARGS; status=CATALOG_ONLY; evidence=; result of GetPosition	Vector3	CORPUS_CATALOG	semantic-sdk:lua:method:AvatarOrEntity:GetPosition; confidence=OBSERVED_STABLE_ARGS; status=CATALOG_ONLY; evidence=; result of GetPosition
35	1161	v35_1161	vector312	CORPUS_CATALOG	semantic-sdk:lua:method:AvatarOrEntity:GetPosition; confidence=OBSERVED_STABLE_ARGS; status=CATALOG_ONLY; evidence=; result of GetPosition	Vector3	CORPUS_CATALOG	semantic-sdk:lua:method:AvatarOrEntity:GetPosition; confidence=OBSERVED_STABLE_ARGS; status=CATALOG_ONLY; evidence=; result of GetPosition
35	1164	v35_1164	nearest2	STRUCTURAL	call result of FindNearest			
35	1176	v35_1176	value24	API_CONTRACT	semantic-sdk:lua:global_function:_GLOBAL:IsNull; confidence=STOCK_BYTECODE; status=CONFIRMED; evidence=WF-STOCK-BARD-BOXLOOP; argument 0 of IsNull			
35	1178	v35_1178	isNull25	API_CONTRACT	semantic-sdk:lua:global_function:_GLOBAL:IsNull; confidence=STOCK_BYTECODE; status=CONFIRMED; evidence=WF-STOCK-BARD-BOXLOOP; result of IsNull	boolean	API_CONTRACT	semantic-sdk:lua:global_function:_GLOBAL:IsNull; confidence=STOCK_BYTECODE; status=CONFIRMED; evidence=WF-STOCK-BARD-BOXLOOP; result of IsNull
35	1184	v35_1184	entity	CORPUS_CATALOG	semantic-sdk:lua:method:AttachmentOrEntity:GetAttachParent; confidence=OBSERVED_STABLE_ARGS; status=CATALOG_ONLY; evidence=; result of GetAttachParent	Entity	CORPUS_CATALOG	semantic-sdk:lua:method:AttachmentOrEntity:GetAttachParent; confidence=OBSERVED_STABLE_ARGS; status=CATALOG_ONLY; evidence=; result of GetAttachParent
35	1185	v35_1185	value25	API_CONTRACT	semantic-sdk:lua:global_function:_GLOBAL:IsNull; confidence=STOCK_BYTECODE; status=CONFIRMED; evidence=WF-STOCK-BARD-BOXLOOP; argument 0 of IsNull			
35	1187	v35_1187	isNull26	API_CONTRACT	semantic-sdk:lua:global_function:_GLOBAL:IsNull; confidence=STOCK_BYTECODE; status=CONFIRMED; evidence=WF-STOCK-BARD-BOXLOOP; result of IsNull	boolean	API_CONTRACT	semantic-sdk:lua:global_function:_GLOBAL:IsNull; confidence=STOCK_BYTECODE; status=CONFIRMED; evidence=WF-STOCK-BARD-BOXLOOP; result of IsNull
35	1191	v35_1191	isA	CORPUS_CATALOG	semantic-sdk:lua:method:EngineObject:IsA; confidence=OBSERVED_VARIABLE_OR_OPEN; status=CATALOG_ONLY; evidence=; result of IsA	boolean	CORPUS_CATALOG	semantic-sdk:lua:method:EngineObject:IsA; confidence=OBSERVED_VARIABLE_OR_OPEN; status=CATALOG_ONLY; evidence=; result of IsA
35	1194	v35_1194	isKilled	CORPUS_CATALOG	semantic-sdk:lua:method:AvatarOrEntity:IsKilled; confidence=OBSERVED_STABLE_SHAPE; status=CATALOG_ONLY; evidence=; result of IsKilled	boolean	CORPUS_CATALOG	semantic-sdk:lua:method:AvatarOrEntity:IsKilled; confidence=OBSERVED_STABLE_SHAPE; status=CATALOG_ONLY; evidence=; result of IsKilled
35	1197	v35_1197	agent3	CORPUS_CATALOG	semantic-sdk:lua:method:AgentOrEntity:GetAgent; confidence=OBSERVED_STABLE_ARGS; status=CATALOG_ONLY; evidence=; result of GetAgent	Agent	CORPUS_CATALOG	semantic-sdk:lua:method:AgentOrEntity:GetAgent; confidence=OBSERVED_STABLE_ARGS; status=CATALOG_ONLY; evidence=; result of GetAgent
35	1198	v35_1198	agent4	CORPUS_CATALOG	semantic-sdk:lua:method:AgentOrEntity:GetAgent; confidence=OBSERVED_STABLE_ARGS; status=CATALOG_ONLY; evidence=; result of GetAgent	Agent	CORPUS_CATALOG	semantic-sdk:lua:method:AgentOrEntity:GetAgent; confidence=OBSERVED_STABLE_ARGS; status=CATALOG_ONLY; evidence=; result of GetAgent
35	1199	v35_1199	agent5	CORPUS_CATALOG	semantic-sdk:lua:method:AgentOrEntity:GetAgent; confidence=OBSERVED_STABLE_ARGS; status=CATALOG_ONLY; evidence=; result of GetAgent	Agent	CORPUS_CATALOG	semantic-sdk:lua:method:AgentOrEntity:GetAgent; confidence=OBSERVED_STABLE_ARGS; status=CATALOG_ONLY; evidence=; result of GetAgent
35	1200	v35_1200	agent6	CORPUS_CATALOG	semantic-sdk:lua:method:AgentOrEntity:GetAgent; confidence=OBSERVED_STABLE_ARGS; status=CATALOG_ONLY; evidence=; result of GetAgent	Agent	CORPUS_CATALOG	semantic-sdk:lua:method:AgentOrEntity:GetAgent; confidence=OBSERVED_STABLE_ARGS; status=CATALOG_ONLY; evidence=; result of GetAgent
35	1201	v35_1201	agent7	CORPUS_CATALOG	semantic-sdk:lua:method:AgentOrEntity:GetAgent; confidence=OBSERVED_STABLE_ARGS; status=CATALOG_ONLY; evidence=; result of GetAgent	Agent	CORPUS_CATALOG	semantic-sdk:lua:method:AgentOrEntity:GetAgent; confidence=OBSERVED_STABLE_ARGS; status=CATALOG_ONLY; evidence=; result of GetAgent
35	1202	v35_1202	agent8	CORPUS_CATALOG	semantic-sdk:lua:method:AgentOrEntity:GetAgent; confidence=OBSERVED_STABLE_ARGS; status=CATALOG_ONLY; evidence=; result of GetAgent	Agent	CORPUS_CATALOG	semantic-sdk:lua:method:AgentOrEntity:GetAgent; confidence=OBSERVED_STABLE_ARGS; status=CATALOG_ONLY; evidence=; result of GetAgent
35	1203	v35_1203	agent9	CORPUS_CATALOG	semantic-sdk:lua:method:AgentOrEntity:GetAgent; confidence=OBSERVED_STABLE_ARGS; status=CATALOG_ONLY; evidence=; result of GetAgent	Agent	CORPUS_CATALOG	semantic-sdk:lua:method:AgentOrEntity:GetAgent; confidence=OBSERVED_STABLE_ARGS; status=CATALOG_ONLY; evidence=; result of GetAgent
35	1204	v35_1204	agent10	CORPUS_CATALOG	semantic-sdk:lua:method:AgentOrEntity:GetAgent; confidence=OBSERVED_STABLE_ARGS; status=CATALOG_ONLY; evidence=; result of GetAgent	Agent	CORPUS_CATALOG	semantic-sdk:lua:method:AgentOrEntity:GetAgent; confidence=OBSERVED_STABLE_ARGS; status=CATALOG_ONLY; evidence=; result of GetAgent
35	1205	v35_1205	agent11	CORPUS_CATALOG	semantic-sdk:lua:method:AgentOrEntity:GetAgent; confidence=OBSERVED_STABLE_ARGS; status=CATALOG_ONLY; evidence=; result of GetAgent	Agent	CORPUS_CATALOG	semantic-sdk:lua:method:AgentOrEntity:GetAgent; confidence=OBSERVED_STABLE_ARGS; status=CATALOG_ONLY; evidence=; result of GetAgent
35	1207	v35_1207	isNull27	API_CONTRACT	semantic-sdk:lua:global_function:_GLOBAL:IsNull; confidence=STOCK_BYTECODE; status=CONFIRMED; evidence=WF-STOCK-BARD-BOXLOOP; result of IsNull	boolean	API_CONTRACT	semantic-sdk:lua:global_function:_GLOBAL:IsNull; confidence=STOCK_BYTECODE; status=CONFIRMED; evidence=WF-STOCK-BARD-BOXLOOP; result of IsNull
35	1220	v35_1220	setObjTimerValue	STRUCTURAL	field read SetObjTimer			
35	1230	v35_1230	missionTimeLeft2	STRUCTURAL	call result of GetMissionTimeLeft			
35	1237	v35_1237	engineIsMobile3	STRUCTURAL	call result of Engine.IsMobile			
35	1239	v35_1239	setPrimaryObjTextValue5	STRUCTURAL	field read SetPrimaryObjText			
35	1242	v35_1242	setPrimaryObjText3	STRUCTURAL	call result of SetPrimaryObjText			
35	1243	v35_1243	setOffsetValue3	STRUCTURAL	field read SetOffset			
35	1248	v35_1248	setPrimaryObjTextValue6	STRUCTURAL	field read SetPrimaryObjText			
35	1256	v35_1256	sharedState4	STRUCTURAL	exact engine global _T			
35	1258	v35_1258	sharedState5	STRUCTURAL	exact engine global _T			
35	1269	v35_1269	mission6	STRUCTURAL	call result of GetMission			
35	1273	v35_1273	difficultyValue2	STRUCTURAL	field read difficulty			
35	1274	v35_1274	lerp17	STRUCTURAL	call result of Lerp			
35	1279	v35_1279	mathPow2	STRUCTURAL	call result of math.pow			
35	1282	v35_1282	mathCeil2	STRUCTURAL	call result of math.ceil			
35	1291	v35_1291	mathFloor3	STRUCTURAL	call result of math.floor			
35	1294	v35_1294	mathFloor4	STRUCTURAL	call result of math.floor			
35	1305	v35_1305	mission7	STRUCTURAL	call result of GetMission			
35	1306	v35_1306	maxWaveNumValue2	STRUCTURAL	field read maxWaveNum			
35	1310	v35_1310	mission8	STRUCTURAL	call result of GetMission			
35	1311	v35_1311	nightmareValue2	STRUCTURAL	field read nightmare			
35	1312	v35_1312	alertIdValue2	STRUCTURAL	field read alertId			
35	1313	v35_1313	invasionIdValue2	STRUCTURAL	field read invasionId			
35	1314	v35_1314	syndicateTagValue2	STRUCTURAL	field read syndicateTag			
35	1317	v35_1317	isValid2	STRUCTURAL	call result of IsValid			
35	1318	v35_1318	goalIdValue2	STRUCTURAL	field read goalId			
35	1322	v35_1322	value26	API_CONTRACT	semantic-sdk:lua:global_function:_GLOBAL:IsNull; confidence=STOCK_BYTECODE; status=CONFIRMED; evidence=WF-STOCK-BARD-BOXLOOP; argument 0 of IsNull			
35	1324	v35_1324	isNull28	API_CONTRACT	semantic-sdk:lua:global_function:_GLOBAL:IsNull; confidence=STOCK_BYTECODE; status=CONFIRMED; evidence=WF-STOCK-BARD-BOXLOOP; result of IsNull	boolean	API_CONTRACT	semantic-sdk:lua:global_function:_GLOBAL:IsNull; confidence=STOCK_BYTECODE; status=CONFIRMED; evidence=WF-STOCK-BARD-BOXLOOP; result of IsNull
35	1325	v35_1325	value27	API_CONTRACT	semantic-sdk:lua:global_function:_GLOBAL:IsNull; confidence=STOCK_BYTECODE; status=CONFIRMED; evidence=WF-STOCK-BARD-BOXLOOP; argument 0 of IsNull			
35	1327	v35_1327	isNull29	API_CONTRACT	semantic-sdk:lua:global_function:_GLOBAL:IsNull; confidence=STOCK_BYTECODE; status=CONFIRMED; evidence=WF-STOCK-BARD-BOXLOOP; result of IsNull	boolean	API_CONTRACT	semantic-sdk:lua:global_function:_GLOBAL:IsNull; confidence=STOCK_BYTECODE; status=CONFIRMED; evidence=WF-STOCK-BARD-BOXLOOP; result of IsNull
35	1330	v35_1330	sharedState6	STRUCTURAL	exact engine global _T			
35	1338	v35_1338	playGlobalTransmissionValue6	STRUCTURAL	field read PlayGlobalTransmission			
35	1342	v35_1342	symbol139	STRUCTURAL	call result of Symbol			
35	1343	v35_1343	symbol140	STRUCTURAL	call result of Symbol			
35	1344	v35_1344	symbol141	STRUCTURAL	call result of Symbol			
35	1345	v35_1345	symbol142	STRUCTURAL	call result of Symbol			
35	1346	v35_1346	symbol143	STRUCTURAL	call result of Symbol			
35	1347	v35_1347	symbol144	STRUCTURAL	call result of Symbol			
35	1348	v35_1348	symbol145	STRUCTURAL	call result of Symbol			
35	1349	v35_1349	symbol146	STRUCTURAL	call result of Symbol			
35	1350	v35_1350	symbol147	STRUCTURAL	call result of Symbol			
35	1351	v35_1351	symbol148	STRUCTURAL	call result of Symbol			
35	1352	v35_1352	symbol149	STRUCTURAL	call result of Symbol			
35	1358	v35_1358	value28	API_CONTRACT	semantic-sdk:lua:global_function:_GLOBAL:IsNull; confidence=STOCK_BYTECODE; status=CONFIRMED; evidence=WF-STOCK-BARD-BOXLOOP; argument 0 of IsNull			
35	1360	v35_1360	isNull30	API_CONTRACT	semantic-sdk:lua:global_function:_GLOBAL:IsNull; confidence=STOCK_BYTECODE; status=CONFIRMED; evidence=WF-STOCK-BARD-BOXLOOP; result of IsNull	boolean	API_CONTRACT	semantic-sdk:lua:global_function:_GLOBAL:IsNull; confidence=STOCK_BYTECODE; status=CONFIRMED; evidence=WF-STOCK-BARD-BOXLOOP; result of IsNull
35	1369	v35_1369	mission9	STRUCTURAL	call result of GetMission			
35	1370	v35_1370	activeMissionTagValue	STRUCTURAL	field read activeMissionTag			
35	1372	v35_1372	tostring4	STRUCTURAL	call result of tostring			
35	1374	v35_1374	stringFind2	STRUCTURAL	call result of string.find			
35	1377	v35_1377	isTransmissionPlayingValue	STRUCTURAL	field read IsTransmissionPlaying			
35	1378	v35_1378	isTransmissionPlaying	STRUCTURAL	call result of IsTransmissionPlaying			
35	1380	v35_1380	deltaTime2	STRUCTURAL	call result of DeltaTime			
35	1390	v35_1390	openVoidProjectionRewardScreen	STRUCTURAL	call result of OpenVoidProjectionRewardScreen			
35	1391	v35_1391	value29	API_CONTRACT	semantic-sdk:lua:global_function:_GLOBAL:IsNull; confidence=STOCK_BYTECODE; status=CONFIRMED; evidence=WF-STOCK-BARD-BOXLOOP; argument 0 of IsNull			
35	1393	v35_1393	isNull31	API_CONTRACT	semantic-sdk:lua:global_function:_GLOBAL:IsNull; confidence=STOCK_BYTECODE; status=CONFIRMED; evidence=WF-STOCK-BARD-BOXLOOP; result of IsNull	boolean	API_CONTRACT	semantic-sdk:lua:global_function:_GLOBAL:IsNull; confidence=STOCK_BYTECODE; status=CONFIRMED; evidence=WF-STOCK-BARD-BOXLOOP; result of IsNull
35	1394	v35_1394	value30	API_CONTRACT	semantic-sdk:lua:global_function:_GLOBAL:IsNull; confidence=STOCK_BYTECODE; status=CONFIRMED; evidence=WF-STOCK-BARD-BOXLOOP; argument 0 of IsNull			
35	1396	v35_1396	isNull32	API_CONTRACT	semantic-sdk:lua:global_function:_GLOBAL:IsNull; confidence=STOCK_BYTECODE; status=CONFIRMED; evidence=WF-STOCK-BARD-BOXLOOP; result of IsNull	boolean	API_CONTRACT	semantic-sdk:lua:global_function:_GLOBAL:IsNull; confidence=STOCK_BYTECODE; status=CONFIRMED; evidence=WF-STOCK-BARD-BOXLOOP; result of IsNull
35	1403	v35_1403	playGlobalTransmissionValue7	STRUCTURAL	field read PlayGlobalTransmission			
35	1407	v35_1407	symbol150	STRUCTURAL	call result of Symbol			
35	1408	v35_1408	symbol151	STRUCTURAL	call result of Symbol			
35	1409	v35_1409	symbol152	STRUCTURAL	call result of Symbol			
35	1410	v35_1410	symbol153	STRUCTURAL	call result of Symbol			
35	1411	v35_1411	symbol154	STRUCTURAL	call result of Symbol			
35	1412	v35_1412	symbol155	STRUCTURAL	call result of Symbol			
35	1413	v35_1413	symbol156	STRUCTURAL	call result of Symbol			
35	1414	v35_1414	symbol157	STRUCTURAL	call result of Symbol			
35	1415	v35_1415	symbol158	STRUCTURAL	call result of Symbol			
35	1416	v35_1416	symbol159	STRUCTURAL	call result of Symbol			
35	1422	v35_1422	playGlobalTransmissionValue8	STRUCTURAL	field read PlayGlobalTransmission			
35	1426	v35_1426	symbol160	STRUCTURAL	call result of Symbol			
35	1427	v35_1427	symbol161	STRUCTURAL	call result of Symbol			
35	1428	v35_1428	symbol162	STRUCTURAL	call result of Symbol			
35	1429	v35_1429	symbol163	STRUCTURAL	call result of Symbol			
35	1430	v35_1430	symbol164	STRUCTURAL	call result of Symbol			
35	1431	v35_1431	symbol165	STRUCTURAL	call result of Symbol			
35	1432	v35_1432	symbol166	STRUCTURAL	call result of Symbol			
35	1433	v35_1433	symbol167	STRUCTURAL	call result of Symbol			
35	1434	v35_1434	symbol168	STRUCTURAL	call result of Symbol			
35	1435	v35_1435	symbol169	STRUCTURAL	call result of Symbol			
35	1468	v35_1468	openVoidProjectionSelectionScreen2	STRUCTURAL	call result of OpenVoidProjectionSelectionScreen			
35	1469	v35_1469	value31	API_CONTRACT	semantic-sdk:lua:global_function:_GLOBAL:IsNull; confidence=STOCK_BYTECODE; status=CONFIRMED; evidence=WF-STOCK-BARD-BOXLOOP; argument 0 of IsNull			
35	1471	v35_1471	isNull33	API_CONTRACT	semantic-sdk:lua:global_function:_GLOBAL:IsNull; confidence=STOCK_BYTECODE; status=CONFIRMED; evidence=WF-STOCK-BARD-BOXLOOP; result of IsNull	boolean	API_CONTRACT	semantic-sdk:lua:global_function:_GLOBAL:IsNull; confidence=STOCK_BYTECODE; status=CONFIRMED; evidence=WF-STOCK-BARD-BOXLOOP; result of IsNull
35	1472	v35_1472	value32	API_CONTRACT	semantic-sdk:lua:global_function:_GLOBAL:IsNull; confidence=STOCK_BYTECODE; status=CONFIRMED; evidence=WF-STOCK-BARD-BOXLOOP; argument 0 of IsNull			
35	1474	v35_1474	isNull34	API_CONTRACT	semantic-sdk:lua:global_function:_GLOBAL:IsNull; confidence=STOCK_BYTECODE; status=CONFIRMED; evidence=WF-STOCK-BARD-BOXLOOP; result of IsNull	boolean	API_CONTRACT	semantic-sdk:lua:global_function:_GLOBAL:IsNull; confidence=STOCK_BYTECODE; status=CONFIRMED; evidence=WF-STOCK-BARD-BOXLOOP; result of IsNull
35	1489	v35_1489	mission10	STRUCTURAL	call result of GetMission			
35	1490	v35_1490	maxWaveNumValue3	STRUCTURAL	field read maxWaveNum			
35	1494	v35_1494	mission11	STRUCTURAL	call result of GetMission			
35	1495	v35_1495	nightmareValue3	STRUCTURAL	field read nightmare			
35	1496	v35_1496	alertIdValue3	STRUCTURAL	field read alertId			
35	1497	v35_1497	invasionIdValue3	STRUCTURAL	field read invasionId			
35	1498	v35_1498	syndicateTagValue3	STRUCTURAL	field read syndicateTag			
35	1501	v35_1501	isValid3	STRUCTURAL	call result of IsValid			
35	1502	v35_1502	goalIdValue3	STRUCTURAL	field read goalId			
35	1509	v35_1509	playGlobalTransmissionValue9	STRUCTURAL	field read PlayGlobalTransmission			
35	1513	v35_1513	symbol170	STRUCTURAL	call result of Symbol			
35	1514	v35_1514	symbol171	STRUCTURAL	call result of Symbol			
35	1515	v35_1515	symbol172	STRUCTURAL	call result of Symbol			
35	1516	v35_1516	symbol173	STRUCTURAL	call result of Symbol			
35	1517	v35_1517	symbol174	STRUCTURAL	call result of Symbol			
35	1518	v35_1518	symbol175	STRUCTURAL	call result of Symbol			
35	1519	v35_1519	symbol176	STRUCTURAL	call result of Symbol			
35	1520	v35_1520	symbol177	STRUCTURAL	call result of Symbol			
35	1521	v35_1521	symbol178	STRUCTURAL	call result of Symbol			
35	1522	v35_1522	symbol179	STRUCTURAL	call result of Symbol			
35	1523	v35_1523	symbol180	STRUCTURAL	call result of Symbol			
35	1524	v35_1524	symbol181	STRUCTURAL	call result of Symbol			
35	1528	v35_1528	waitForTransmissionsToCompleteValue	STRUCTURAL	field read WaitForTransmissionsToComplete			
35	1530	v35_1530	playConditionalTransmissionValue2	STRUCTURAL	field read PlayConditionalTransmission			
35	1534	v35_1534	symbol182	STRUCTURAL	call result of Symbol			
35	1539	v35_1539	mission12	STRUCTURAL	call result of GetMission			
35	1540	v35_1540	factionValue	STRUCTURAL	field read faction			
35	1543	v35_1543	playGlobalTransmissionValue10	STRUCTURAL	field read PlayGlobalTransmission			
35	1547	v35_1547	symbol183	STRUCTURAL	call result of Symbol			
35	1548	v35_1548	symbol184	STRUCTURAL	call result of Symbol			
35	1549	v35_1549	symbol185	STRUCTURAL	call result of Symbol			
35	1550	v35_1550	symbol186	STRUCTURAL	call result of Symbol			
35	1551	v35_1551	symbol187	STRUCTURAL	call result of Symbol			
35	1552	v35_1552	symbol188	STRUCTURAL	call result of Symbol			
35	1553	v35_1553	symbol189	STRUCTURAL	call result of Symbol			
35	1554	v35_1554	symbol190	STRUCTURAL	call result of Symbol			
35	1555	v35_1555	symbol191	STRUCTURAL	call result of Symbol			
35	1556	v35_1556	symbol192	STRUCTURAL	call result of Symbol			
35	1557	v35_1557	symbol193	STRUCTURAL	call result of Symbol			
35	1558	v35_1558	symbol194	STRUCTURAL	call result of Symbol			
35	1560	v35_1560	playGlobalTransmissionValue11	STRUCTURAL	field read PlayGlobalTransmission			
35	1564	v35_1564	symbol195	STRUCTURAL	call result of Symbol			
35	1565	v35_1565	symbol196	STRUCTURAL	call result of Symbol			
35	1566	v35_1566	symbol197	STRUCTURAL	call result of Symbol			
35	1567	v35_1567	symbol198	STRUCTURAL	call result of Symbol			
35	1568	v35_1568	symbol199	STRUCTURAL	call result of Symbol			
35	1569	v35_1569	symbol200	STRUCTURAL	call result of Symbol			
35	1570	v35_1570	symbol201	STRUCTURAL	call result of Symbol			
35	1571	v35_1571	symbol202	STRUCTURAL	call result of Symbol			
35	1572	v35_1572	symbol203	STRUCTURAL	call result of Symbol			
35	1573	v35_1573	symbol204	STRUCTURAL	call result of Symbol			
35	1574	v35_1574	symbol205	STRUCTURAL	call result of Symbol			
35	1575	v35_1575	symbol206	STRUCTURAL	call result of Symbol			
35	1577	v35_1577	waitForTransmissionsToCompleteValue2	STRUCTURAL	field read WaitForTransmissionsToComplete			
35	1592	v35_1592	playGlobalTransmissionValue12	STRUCTURAL	field read PlayGlobalTransmission			
35	1596	v35_1596	symbol207	STRUCTURAL	call result of Symbol			
35	1597	v35_1597	symbol208	STRUCTURAL	call result of Symbol			
35	1598	v35_1598	symbol209	STRUCTURAL	call result of Symbol			
35	1599	v35_1599	symbol210	STRUCTURAL	call result of Symbol			
35	1600	v35_1600	symbol211	STRUCTURAL	call result of Symbol			
35	1601	v35_1601	symbol212	STRUCTURAL	call result of Symbol			
35	1602	v35_1602	symbol213	STRUCTURAL	call result of Symbol			
35	1603	v35_1603	symbol214	STRUCTURAL	call result of Symbol			
35	1604	v35_1604	symbol215	STRUCTURAL	call result of Symbol			
35	1605	v35_1605	symbol216	STRUCTURAL	call result of Symbol			
35	1606	v35_1606	symbol217	STRUCTURAL	call result of Symbol			
35	1607	v35_1607	symbol218	STRUCTURAL	call result of Symbol			
35	1628	v35_1628	missionCompleted	STRUCTURAL	call result of MissionCompleted			
35	1634	v35_1634	region9	STRUCTURAL	exact engine global gRegion	Region	API_CONTRACT	semantic-sdk:lua:method:Region:GetLocalPlayerAvatar; confidence=LIVE_CONFIRMED; status=CONFIRMED; evidence=WF-LIVE-OCTAVIA-FLOAT-2026-08-27;WF-STOCK-GRAVITY-PAIR-CENSUS; receiver of GetLocalPlayerAvatar
35	1637	v35_1637	avatar_ref_or_null_unresolved2	API_CONTRACT	semantic-sdk:lua:method:Region:GetLocalPlayerAvatar; confidence=LIVE_CONFIRMED; status=CONFIRMED; evidence=WF-LIVE-OCTAVIA-FLOAT-2026-08-27;WF-STOCK-GRAVITY-PAIR-CENSUS; result of GetLocalPlayerAvatar	Avatar_ref_or_null_unresolved	API_CONTRACT	semantic-sdk:lua:method:Region:GetLocalPlayerAvatar; confidence=LIVE_CONFIRMED; status=CONFIRMED; evidence=WF-LIVE-OCTAVIA-FLOAT-2026-08-27;WF-STOCK-GRAVITY-PAIR-CENSUS; result of GetLocalPlayerAvatar
35	1638	v35_1638	value33	API_CONTRACT	semantic-sdk:lua:global_function:_GLOBAL:IsNull; confidence=STOCK_BYTECODE; status=CONFIRMED; evidence=WF-STOCK-BARD-BOXLOOP; argument 0 of IsNull			
35	1640	v35_1640	isNull35	API_CONTRACT	semantic-sdk:lua:global_function:_GLOBAL:IsNull; confidence=STOCK_BYTECODE; status=CONFIRMED; evidence=WF-STOCK-BARD-BOXLOOP; result of IsNull	boolean	API_CONTRACT	semantic-sdk:lua:global_function:_GLOBAL:IsNull; confidence=STOCK_BYTECODE; status=CONFIRMED; evidence=WF-STOCK-BARD-BOXLOOP; result of IsNull
35	1647	v35_1647	value34	API_CONTRACT	semantic-sdk:lua:global_function:_GLOBAL:IsNull; confidence=STOCK_BYTECODE; status=CONFIRMED; evidence=WF-STOCK-BARD-BOXLOOP; argument 0 of IsNull			
35	1649	v35_1649	isNull36	API_CONTRACT	semantic-sdk:lua:global_function:_GLOBAL:IsNull; confidence=STOCK_BYTECODE; status=CONFIRMED; evidence=WF-STOCK-BARD-BOXLOOP; result of IsNull	boolean	API_CONTRACT	semantic-sdk:lua:global_function:_GLOBAL:IsNull; confidence=STOCK_BYTECODE; status=CONFIRMED; evidence=WF-STOCK-BARD-BOXLOOP; result of IsNull
35	1650	v35_1650	region10	STRUCTURAL	exact engine global gRegion	Region	EXACT_EXPORT	exact engine global gRegion
35	1652	v35_1652	zeroVector2	STRUCTURAL	exact engine global ZERO_VECTOR			
35	1662	v35_1662	playGlobalTransmissionValue13	STRUCTURAL	field read PlayGlobalTransmission			
35	1666	v35_1666	symbol219	STRUCTURAL	call result of Symbol			
35	1667	v35_1667	symbol220	STRUCTURAL	call result of Symbol			
35	1668	v35_1668	symbol221	STRUCTURAL	call result of Symbol			
35	1669	v35_1669	symbol222	STRUCTURAL	call result of Symbol			
35	1670	v35_1670	symbol223	STRUCTURAL	call result of Symbol			
35	1671	v35_1671	symbol224	STRUCTURAL	call result of Symbol			
35	1672	v35_1672	symbol225	STRUCTURAL	call result of Symbol			
35	1673	v35_1673	symbol226	STRUCTURAL	call result of Symbol			
35	1674	v35_1674	symbol227	STRUCTURAL	call result of Symbol			
35	1675	v35_1675	symbol228	STRUCTURAL	call result of Symbol			
35	1676	v35_1676	symbol229	STRUCTURAL	call result of Symbol			
35	1677	v35_1677	symbol230	STRUCTURAL	call result of Symbol			
35	1678	v35_1678	symbol231	STRUCTURAL	call result of Symbol			
35	1679	v35_1679	symbol232	STRUCTURAL	call result of Symbol			
35	1680	v35_1680	symbol233	STRUCTURAL	call result of Symbol			
35	1681	v35_1681	symbol234	STRUCTURAL	call result of Symbol			
35	1682	v35_1682	symbol235	STRUCTURAL	call result of Symbol			
35	1683	v35_1683	symbol236	STRUCTURAL	call result of Symbol			
36	2	v36_2	searchValue	STRUCTURAL	field read Search			
36	5	v36_5	search	STRUCTURAL	call result of Search			
36	10	v36_10	removeByElementValue	STRUCTURAL	field read RemoveByElement			
36	14	v36_14	removeByElementValue2	STRUCTURAL	field read RemoveByElement			
36	17	v36_17	region	STRUCTURAL	exact engine global gRegion	Region	EXACT_EXPORT	exact engine global gRegion
36	20	v36_20	humanPlayerAvatars	STRUCTURAL	call result of GetHumanPlayerAvatars			
36	23	v36_23	ipairs1	STRUCTURAL	call result of ipairs			
36	24	v36_24	ipairs2	STRUCTURAL	call result of ipairs			
36	25	v36_25	ipairs3	STRUCTURAL	call result of ipairs			
36	29	v36_29	isTouching	STRUCTURAL	call result of IsTouching			
36	35	v36_35	playLocalTransmissionValue	STRUCTURAL	field read PlayLocalTransmission			
36	39	v36_39	symbol	STRUCTURAL	call result of Symbol			
36	43	v36_43	inventoryControl	CORPUS_CATALOG	semantic-sdk:lua:method:Avatar:InventoryControl; confidence=OBSERVED_STABLE_ARGS; status=CATALOG_ONLY; evidence=; result of InventoryControl	InventoryControl	CORPUS_CATALOG	semantic-sdk:lua:method:Avatar:InventoryControl; confidence=OBSERVED_STABLE_ARGS; status=CATALOG_ONLY; evidence=; result of InventoryControl
36	55	v36_55	inventoryControl2	CORPUS_CATALOG	semantic-sdk:lua:method:Avatar:InventoryControl; confidence=OBSERVED_STABLE_ARGS; status=CATALOG_ONLY; evidence=; result of InventoryControl	InventoryControl	CORPUS_CATALOG	semantic-sdk:lua:method:Avatar:InventoryControl; confidence=OBSERVED_STABLE_ARGS; status=CATALOG_ONLY; evidence=; result of InventoryControl
36	62	v36_62	avatar	CORPUS_CATALOG	semantic-sdk:lua:method:Avatar:InventoryControl; confidence=OBSERVED_STABLE_ARGS; status=CATALOG_ONLY; evidence=; receiver of InventoryControl	Avatar	CORPUS_CATALOG	semantic-sdk:lua:method:Avatar:InventoryControl; confidence=OBSERVED_STABLE_ARGS; status=CATALOG_ONLY; evidence=; receiver of InventoryControl
36	68	v36_68	playGlobalTransmissionValue	STRUCTURAL	field read PlayGlobalTransmission			
36	72	v36_72	symbol2	STRUCTURAL	call result of Symbol			
36	73	v36_73	symbol3	STRUCTURAL	call result of Symbol			
36	74	v36_74	symbol4	STRUCTURAL	call result of Symbol			
36	75	v36_75	symbol5	STRUCTURAL	call result of Symbol			
36	76	v36_76	symbol6	STRUCTURAL	call result of Symbol			
36	77	v36_77	symbol7	STRUCTURAL	call result of Symbol			
36	78	v36_78	symbol8	STRUCTURAL	call result of Symbol			
36	79	v36_79	symbol9	STRUCTURAL	call result of Symbol			
37	2	v37_2	searchValue	STRUCTURAL	field read Search			
37	5	v37_5	search	STRUCTURAL	call result of Search			
37	10	v37_10	removeByElementValue	STRUCTURAL	field read RemoveByElement			
37	14	v37_14	removeByElementValue2	STRUCTURAL	field read RemoveByElement			
37	24	v37_24	playGlobalTransmissionValue	STRUCTURAL	field read PlayGlobalTransmission			
37	28	v37_28	symbol	STRUCTURAL	call result of Symbol			
37	29	v37_29	symbol2	STRUCTURAL	call result of Symbol			
37	30	v37_30	symbol3	STRUCTURAL	call result of Symbol			
37	31	v37_31	symbol4	STRUCTURAL	call result of Symbol			
37	37	v37_37	playGlobalTransmissionValue2	STRUCTURAL	field read PlayGlobalTransmission			
37	41	v37_41	symbol5	STRUCTURAL	call result of Symbol			
37	42	v37_42	symbol6	STRUCTURAL	call result of Symbol			
37	43	v37_43	symbol7	STRUCTURAL	call result of Symbol			
37	44	v37_44	symbol8	STRUCTURAL	call result of Symbol			
38	2	v38_2	removeByElementValue	STRUCTURAL	field read RemoveByElement			
38	6	v38_6	removeByElementValue2	STRUCTURAL	field read RemoveByElement			
38	10	v38_10	searchValue	STRUCTURAL	field read Search			
38	13	v38_13	search	STRUCTURAL	call result of Search			
38	17	v38_17	region	STRUCTURAL	exact engine global gRegion	Region	EXACT_EXPORT	exact engine global gRegion
38	20	v38_20	humanPlayerAvatars	STRUCTURAL	call result of GetHumanPlayerAvatars			
38	23	v38_23	ipairs1	STRUCTURAL	call result of ipairs			
38	24	v38_24	ipairs2	STRUCTURAL	call result of ipairs			
38	25	v38_25	ipairs3	STRUCTURAL	call result of ipairs			
38	29	v38_29	isTouching	STRUCTURAL	call result of IsTouching			
38	32	v38_32	inventoryControl	CORPUS_CATALOG	semantic-sdk:lua:method:Avatar:InventoryControl; confidence=OBSERVED_STABLE_ARGS; status=CATALOG_ONLY; evidence=; result of InventoryControl	InventoryControl	CORPUS_CATALOG	semantic-sdk:lua:method:Avatar:InventoryControl; confidence=OBSERVED_STABLE_ARGS; status=CATALOG_ONLY; evidence=; result of InventoryControl
38	39	v38_39	avatar	CORPUS_CATALOG	semantic-sdk:lua:method:Avatar:InventoryControl; confidence=OBSERVED_STABLE_ARGS; status=CATALOG_ONLY; evidence=; receiver of InventoryControl	Avatar	CORPUS_CATALOG	semantic-sdk:lua:method:Avatar:InventoryControl; confidence=OBSERVED_STABLE_ARGS; status=CATALOG_ONLY; evidence=; receiver of InventoryControl
39	2	v39_2	reachedObjectiveValue	STRUCTURAL	field read ReachedObjective			
40	3	v40_3	entity	CORPUS_CATALOG	semantic-sdk:lua:method:AttachmentOrEntity:GetAttachParent; confidence=OBSERVED_STABLE_ARGS; status=CATALOG_ONLY; evidence=; result of GetAttachParent	Entity	CORPUS_CATALOG	semantic-sdk:lua:method:AttachmentOrEntity:GetAttachParent; confidence=OBSERVED_STABLE_ARGS; status=CATALOG_ONLY; evidence=; result of GetAttachParent
40	4	v40_4	value	API_CONTRACT	semantic-sdk:lua:global_function:_GLOBAL:IsNull; confidence=STOCK_BYTECODE; status=CONFIRMED; evidence=WF-STOCK-BARD-BOXLOOP; argument 0 of IsNull			
40	6	v40_6	isNull	API_CONTRACT	semantic-sdk:lua:global_function:_GLOBAL:IsNull; confidence=STOCK_BYTECODE; status=CONFIRMED; evidence=WF-STOCK-BARD-BOXLOOP; result of IsNull	boolean	API_CONTRACT	semantic-sdk:lua:global_function:_GLOBAL:IsNull; confidence=STOCK_BYTECODE; status=CONFIRMED; evidence=WF-STOCK-BARD-BOXLOOP; result of IsNull
40	9	v40_9	entity2	CORPUS_CATALOG	semantic-sdk:lua:method:AttachmentOrEntity:GetAttachParent; confidence=OBSERVED_STABLE_ARGS; status=CATALOG_ONLY; evidence=; result of GetAttachParent	Entity	CORPUS_CATALOG	semantic-sdk:lua:method:AttachmentOrEntity:GetAttachParent; confidence=OBSERVED_STABLE_ARGS; status=CATALOG_ONLY; evidence=; result of GetAttachParent
40	12	v40_12	value2	API_CONTRACT	semantic-sdk:lua:global_function:_GLOBAL:IsNull; confidence=STOCK_BYTECODE; status=CONFIRMED; evidence=WF-STOCK-BARD-BOXLOOP; argument 0 of IsNull			
40	14	v40_14	isNull2	API_CONTRACT	semantic-sdk:lua:global_function:_GLOBAL:IsNull; confidence=STOCK_BYTECODE; status=CONFIRMED; evidence=WF-STOCK-BARD-BOXLOOP; result of IsNull	boolean	API_CONTRACT	semantic-sdk:lua:global_function:_GLOBAL:IsNull; confidence=STOCK_BYTECODE; status=CONFIRMED; evidence=WF-STOCK-BARD-BOXLOOP; result of IsNull
40	21	v40_21	missionType	STRUCTURAL	call result of GetMissionType			
40	25	v40_25	mission	STRUCTURAL	call result of GetMission			
40	32	v40_32	deltaTime	STRUCTURAL	call result of DeltaTime			
40	33	v40_33	value3	API_CONTRACT	semantic-sdk:lua:global_function:_GLOBAL:IsNull; confidence=STOCK_BYTECODE; status=CONFIRMED; evidence=WF-STOCK-BARD-BOXLOOP; argument 0 of IsNull			
40	35	v40_35	isNull3	API_CONTRACT	semantic-sdk:lua:global_function:_GLOBAL:IsNull; confidence=STOCK_BYTECODE; status=CONFIRMED; evidence=WF-STOCK-BARD-BOXLOOP; result of IsNull	boolean	API_CONTRACT	semantic-sdk:lua:global_function:_GLOBAL:IsNull; confidence=STOCK_BYTECODE; status=CONFIRMED; evidence=WF-STOCK-BARD-BOXLOOP; result of IsNull
40	37	v40_37	value4	API_CONTRACT	semantic-sdk:lua:global_function:_GLOBAL:IsNull; confidence=STOCK_BYTECODE; status=CONFIRMED; evidence=WF-STOCK-BARD-BOXLOOP; argument 0 of IsNull			
40	39	v40_39	isNull4	API_CONTRACT	semantic-sdk:lua:global_function:_GLOBAL:IsNull; confidence=STOCK_BYTECODE; status=CONFIRMED; evidence=WF-STOCK-BARD-BOXLOOP; result of IsNull	boolean	API_CONTRACT	semantic-sdk:lua:global_function:_GLOBAL:IsNull; confidence=STOCK_BYTECODE; status=CONFIRMED; evidence=WF-STOCK-BARD-BOXLOOP; result of IsNull
40	43	v40_43	missionType2	STRUCTURAL	call result of GetMissionType			
40	47	v40_47	mission2	STRUCTURAL	call result of GetMission			
40	53	v40_53	zeroVector	STRUCTURAL	exact engine global ZERO_VECTOR			
40	56	v40_56	rotation	CORPUS_CATALOG	semantic-sdk:lua:method:AvatarOrEntity:GetRotation; confidence=OBSERVED_STABLE_ARGS; status=CATALOG_ONLY; evidence=; result of GetRotation	Rotation	CORPUS_CATALOG	semantic-sdk:lua:method:AvatarOrEntity:GetRotation; confidence=OBSERVED_STABLE_ARGS; status=CATALOG_ONLY; evidence=; result of GetRotation
40	57	v40_57	rotation2	CORPUS_CATALOG	semantic-sdk:lua:method:AvatarOrEntity:GetRotation; confidence=OBSERVED_STABLE_ARGS; status=CATALOG_ONLY; evidence=; result of GetRotation	Rotation	CORPUS_CATALOG	semantic-sdk:lua:method:AvatarOrEntity:GetRotation; confidence=OBSERVED_STABLE_ARGS; status=CATALOG_ONLY; evidence=; result of GetRotation
40	58	v40_58	rotation3	CORPUS_CATALOG	semantic-sdk:lua:method:AvatarOrEntity:GetRotation; confidence=OBSERVED_STABLE_ARGS; status=CATALOG_ONLY; evidence=; result of GetRotation	Rotation	CORPUS_CATALOG	semantic-sdk:lua:method:AvatarOrEntity:GetRotation; confidence=OBSERVED_STABLE_ARGS; status=CATALOG_ONLY; evidence=; result of GetRotation
40	59	v40_59	rotation4	CORPUS_CATALOG	semantic-sdk:lua:method:AvatarOrEntity:GetRotation; confidence=OBSERVED_STABLE_ARGS; status=CATALOG_ONLY; evidence=; result of GetRotation	Rotation	CORPUS_CATALOG	semantic-sdk:lua:method:AvatarOrEntity:GetRotation; confidence=OBSERVED_STABLE_ARGS; status=CATALOG_ONLY; evidence=; result of GetRotation
40	60	v40_60	rotation5	CORPUS_CATALOG	semantic-sdk:lua:method:AvatarOrEntity:GetRotation; confidence=OBSERVED_STABLE_ARGS; status=CATALOG_ONLY; evidence=; result of GetRotation	Rotation	CORPUS_CATALOG	semantic-sdk:lua:method:AvatarOrEntity:GetRotation; confidence=OBSERVED_STABLE_ARGS; status=CATALOG_ONLY; evidence=; result of GetRotation
40	61	v40_61	rotation6	CORPUS_CATALOG	semantic-sdk:lua:method:AvatarOrEntity:GetRotation; confidence=OBSERVED_STABLE_ARGS; status=CATALOG_ONLY; evidence=; result of GetRotation	Rotation	CORPUS_CATALOG	semantic-sdk:lua:method:AvatarOrEntity:GetRotation; confidence=OBSERVED_STABLE_ARGS; status=CATALOG_ONLY; evidence=; result of GetRotation
40	62	v40_62	rotation7	CORPUS_CATALOG	semantic-sdk:lua:method:AvatarOrEntity:GetRotation; confidence=OBSERVED_STABLE_ARGS; status=CATALOG_ONLY; evidence=; result of GetRotation	Rotation	CORPUS_CATALOG	semantic-sdk:lua:method:AvatarOrEntity:GetRotation; confidence=OBSERVED_STABLE_ARGS; status=CATALOG_ONLY; evidence=; result of GetRotation
40	63	v40_63	rotation8	CORPUS_CATALOG	semantic-sdk:lua:method:AvatarOrEntity:GetRotation; confidence=OBSERVED_STABLE_ARGS; status=CATALOG_ONLY; evidence=; result of GetRotation	Rotation	CORPUS_CATALOG	semantic-sdk:lua:method:AvatarOrEntity:GetRotation; confidence=OBSERVED_STABLE_ARGS; status=CATALOG_ONLY; evidence=; result of GetRotation
40	64	v40_64	rotation9	CORPUS_CATALOG	semantic-sdk:lua:method:AvatarOrEntity:GetRotation; confidence=OBSERVED_STABLE_ARGS; status=CATALOG_ONLY; evidence=; result of GetRotation	Rotation	CORPUS_CATALOG	semantic-sdk:lua:method:AvatarOrEntity:GetRotation; confidence=OBSERVED_STABLE_ARGS; status=CATALOG_ONLY; evidence=; result of GetRotation
40	65	v40_65	rotation10	CORPUS_CATALOG	semantic-sdk:lua:method:AvatarOrEntity:GetRotation; confidence=OBSERVED_STABLE_ARGS; status=CATALOG_ONLY; evidence=; result of GetRotation	Rotation	CORPUS_CATALOG	semantic-sdk:lua:method:AvatarOrEntity:GetRotation; confidence=OBSERVED_STABLE_ARGS; status=CATALOG_ONLY; evidence=; result of GetRotation
40	66	v40_66	rotation11	CORPUS_CATALOG	semantic-sdk:lua:method:AvatarOrEntity:GetRotation; confidence=OBSERVED_STABLE_ARGS; status=CATALOG_ONLY; evidence=; result of GetRotation	Rotation	CORPUS_CATALOG	semantic-sdk:lua:method:AvatarOrEntity:GetRotation; confidence=OBSERVED_STABLE_ARGS; status=CATALOG_ONLY; evidence=; result of GetRotation
40	67	v40_67	rotation12	CORPUS_CATALOG	semantic-sdk:lua:method:AvatarOrEntity:GetRotation; confidence=OBSERVED_STABLE_ARGS; status=CATALOG_ONLY; evidence=; result of GetRotation	Rotation	CORPUS_CATALOG	semantic-sdk:lua:method:AvatarOrEntity:GetRotation; confidence=OBSERVED_STABLE_ARGS; status=CATALOG_ONLY; evidence=; result of GetRotation
40	68	v40_68	rotation13	CORPUS_CATALOG	semantic-sdk:lua:method:AvatarOrEntity:GetRotation; confidence=OBSERVED_STABLE_ARGS; status=CATALOG_ONLY; evidence=; result of GetRotation	Rotation	CORPUS_CATALOG	semantic-sdk:lua:method:AvatarOrEntity:GetRotation; confidence=OBSERVED_STABLE_ARGS; status=CATALOG_ONLY; evidence=; result of GetRotation
40	69	v40_69	rotation14	CORPUS_CATALOG	semantic-sdk:lua:method:AvatarOrEntity:GetRotation; confidence=OBSERVED_STABLE_ARGS; status=CATALOG_ONLY; evidence=; result of GetRotation	Rotation	CORPUS_CATALOG	semantic-sdk:lua:method:AvatarOrEntity:GetRotation; confidence=OBSERVED_STABLE_ARGS; status=CATALOG_ONLY; evidence=; result of GetRotation
40	70	v40_70	rotation15	CORPUS_CATALOG	semantic-sdk:lua:method:AvatarOrEntity:GetRotation; confidence=OBSERVED_STABLE_ARGS; status=CATALOG_ONLY; evidence=; result of GetRotation	Rotation	CORPUS_CATALOG	semantic-sdk:lua:method:AvatarOrEntity:GetRotation; confidence=OBSERVED_STABLE_ARGS; status=CATALOG_ONLY; evidence=; result of GetRotation
40	71	v40_71	rotation16	CORPUS_CATALOG	semantic-sdk:lua:method:AvatarOrEntity:GetRotation; confidence=OBSERVED_STABLE_ARGS; status=CATALOG_ONLY; evidence=; result of GetRotation	Rotation	CORPUS_CATALOG	semantic-sdk:lua:method:AvatarOrEntity:GetRotation; confidence=OBSERVED_STABLE_ARGS; status=CATALOG_ONLY; evidence=; result of GetRotation
40	72	v40_72	rotation17	CORPUS_CATALOG	semantic-sdk:lua:method:AvatarOrEntity:GetRotation; confidence=OBSERVED_STABLE_ARGS; status=CATALOG_ONLY; evidence=; result of GetRotation	Rotation	CORPUS_CATALOG	semantic-sdk:lua:method:AvatarOrEntity:GetRotation; confidence=OBSERVED_STABLE_ARGS; status=CATALOG_ONLY; evidence=; result of GetRotation
40	75	v40_75	attach	STRUCTURAL	call result of Attach	EntityOrMaterial	CORPUS_CATALOG	semantic-sdk:lua:method:EntityOrMaterial:SetMaterialParam; confidence=OBSERVED_VARIABLE_OR_OPEN; status=CATALOG_ONLY; evidence=; receiver of SetMaterialParam
40	79	v40_79	attachment	CORPUS_CATALOG	semantic-sdk:lua:method:AvatarOrEntity:GetAttachment; confidence=OBSERVED_VARIABLE_OR_OPEN; status=CATALOG_ONLY; evidence=; result of GetAttachment	AttachmentOrNil	CORPUS_CATALOG	semantic-sdk:lua:method:AvatarOrEntity:GetAttachment; confidence=OBSERVED_VARIABLE_OR_OPEN; status=CATALOG_ONLY; evidence=; result of GetAttachment
40	80	v40_80	tableValue	STRUCTURAL	verified NEWTABLE value			
40	82	v40_82	isValid	STRUCTURAL	call result of IsValid			
40	83	v40_83	alertIdValue	STRUCTURAL	field read alertId			
40	84	v40_84	invasionIdValue	STRUCTURAL	field read invasionId			
40	85	v40_85	syndicateTagValue	STRUCTURAL	field read syndicateTag			
40	88	v40_88	goalIdValue	STRUCTURAL	field read goalId			
40	93	v40_93	mission3	STRUCTURAL	call result of GetMission			
40	94	v40_94	periodicMissionTagValue	STRUCTURAL	field read periodicMissionTag			
40	96	v40_96	eLITE_ALERT_PERIODIC_MISSION_TAGValue	STRUCTURAL	field read ELITE_ALERT_PERIODIC_MISSION_TAG			
40	100	v40_100	mission4	STRUCTURAL	call result of GetMission			
40	101	v40_101	periodicMissionTagValue2	STRUCTURAL	field read periodicMissionTag			
40	103	v40_103	eLITE_ALERT_PERIODIC_MISSION_TAG_ALTValue	STRUCTURAL	field read ELITE_ALERT_PERIODIC_MISSION_TAG_ALT			
40	107	v40_107	factionTag	STRUCTURAL	call result of GetFactionTag			
40	110	v40_110	symbol	STRUCTURAL	call result of Symbol			
40	111	v40_111	region	STRUCTURAL	exact engine global gRegion	Region	EXACT_EXPORT	exact engine global gRegion
40	114	v40_114	symbol2	STRUCTURAL	call result of Symbol			
40	115	v40_115	symbol3	STRUCTURAL	call result of Symbol			
40	116	v40_116	symbol4	STRUCTURAL	call result of Symbol			
40	117	v40_117	symbol5	STRUCTURAL	call result of Symbol			
40	118	v40_118	symbol6	STRUCTURAL	call result of Symbol			
40	119	v40_119	symbol7	STRUCTURAL	call result of Symbol			
40	120	v40_120	symbol8	STRUCTURAL	call result of Symbol			
40	121	v40_121	symbol9	STRUCTURAL	call result of Symbol			
40	122	v40_122	symbol10	STRUCTURAL	call result of Symbol			
40	123	v40_123	symbol11	STRUCTURAL	call result of Symbol			
40	124	v40_124	symbol12	STRUCTURAL	call result of Symbol			
40	125	v40_125	symbol13	STRUCTURAL	call result of Symbol			
40	126	v40_126	symbol14	STRUCTURAL	call result of Symbol			
40	129	v40_129	tagged	STRUCTURAL	call result of FindTagged			
40	131	v40_131	tableValue2	STRUCTURAL	verified NEWTABLE value			
40	134	v40_134	ipairs1	STRUCTURAL	call result of ipairs			
40	135	v40_135	ipairs2	STRUCTURAL	call result of ipairs			
40	136	v40_136	ipairs3	STRUCTURAL	call result of ipairs			
40	137	v40_137	region2	STRUCTURAL	exact engine global gRegion	Region	EXACT_EXPORT	exact engine global gRegion
40	140	v40_140	resourceType	CORPUS_CATALOG	semantic-sdk:lua:method:EngineObject:GetType; confidence=OBSERVED_STABLE_ARGS; status=CATALOG_ONLY; evidence=; result of GetType	ResourceType	CORPUS_CATALOG	semantic-sdk:lua:method:EngineObject:GetType; confidence=OBSERVED_STABLE_ARGS; status=CATALOG_ONLY; evidence=; result of GetType
40	143	v40_143	vector3	CORPUS_CATALOG	semantic-sdk:lua:method:AvatarOrEntity:GetSimPosition; confidence=OBSERVED_STABLE_ARGS; status=CATALOG_ONLY; evidence=; result of GetSimPosition	Vector3	CORPUS_CATALOG	semantic-sdk:lua:method:AvatarOrEntity:GetSimPosition; confidence=OBSERVED_STABLE_ARGS; status=CATALOG_ONLY; evidence=; result of GetSimPosition
40	144	v40_144	vector32	CORPUS_CATALOG	semantic-sdk:lua:method:AvatarOrEntity:GetSimPosition; confidence=OBSERVED_STABLE_ARGS; status=CATALOG_ONLY; evidence=; result of GetSimPosition	Vector3	CORPUS_CATALOG	semantic-sdk:lua:method:AvatarOrEntity:GetSimPosition; confidence=OBSERVED_STABLE_ARGS; status=CATALOG_ONLY; evidence=; result of GetSimPosition
40	145	v40_145	vector33	CORPUS_CATALOG	semantic-sdk:lua:method:AvatarOrEntity:GetSimPosition; confidence=OBSERVED_STABLE_ARGS; status=CATALOG_ONLY; evidence=; result of GetSimPosition	Vector3	CORPUS_CATALOG	semantic-sdk:lua:method:AvatarOrEntity:GetSimPosition; confidence=OBSERVED_STABLE_ARGS; status=CATALOG_ONLY; evidence=; result of GetSimPosition
40	146	v40_146	vector34	CORPUS_CATALOG	semantic-sdk:lua:method:AvatarOrEntity:GetSimPosition; confidence=OBSERVED_STABLE_ARGS; status=CATALOG_ONLY; evidence=; result of GetSimPosition	Vector3	CORPUS_CATALOG	semantic-sdk:lua:method:AvatarOrEntity:GetSimPosition; confidence=OBSERVED_STABLE_ARGS; status=CATALOG_ONLY; evidence=; result of GetSimPosition
40	147	v40_147	vector35	CORPUS_CATALOG	semantic-sdk:lua:method:AvatarOrEntity:GetSimPosition; confidence=OBSERVED_STABLE_ARGS; status=CATALOG_ONLY; evidence=; result of GetSimPosition	Vector3	CORPUS_CATALOG	semantic-sdk:lua:method:AvatarOrEntity:GetSimPosition; confidence=OBSERVED_STABLE_ARGS; status=CATALOG_ONLY; evidence=; result of GetSimPosition
40	148	v40_148	vector36	CORPUS_CATALOG	semantic-sdk:lua:method:AvatarOrEntity:GetSimPosition; confidence=OBSERVED_STABLE_ARGS; status=CATALOG_ONLY; evidence=; result of GetSimPosition	Vector3	CORPUS_CATALOG	semantic-sdk:lua:method:AvatarOrEntity:GetSimPosition; confidence=OBSERVED_STABLE_ARGS; status=CATALOG_ONLY; evidence=; result of GetSimPosition
40	151	v40_151	nearest	STRUCTURAL	call result of FindNearest			
40	156	v40_156	avatarOrEntity	CORPUS_CATALOG	semantic-sdk:lua:method:AvatarOrEntity:GetSimPosition; confidence=OBSERVED_STABLE_ARGS; status=CATALOG_ONLY; evidence=; receiver of GetSimPosition	AvatarOrEntity	CORPUS_CATALOG	semantic-sdk:lua:method:AvatarOrEntity:GetSimPosition; confidence=OBSERVED_STABLE_ARGS; status=CATALOG_ONLY; evidence=; receiver of GetSimPosition
40	160	v40_160	smoothFloat	STRUCTURAL	call result of SmoothFloat			
40	162	v40_162	color	STRUCTURAL	call result of Color			
40	163	v40_163	value5	API_CONTRACT	semantic-sdk:lua:global_function:_GLOBAL:IsNull; confidence=STOCK_BYTECODE; status=CONFIRMED; evidence=WF-STOCK-BARD-BOXLOOP; argument 0 of IsNull			
40	165	v40_165	isNull5	API_CONTRACT	semantic-sdk:lua:global_function:_GLOBAL:IsNull; confidence=STOCK_BYTECODE; status=CONFIRMED; evidence=WF-STOCK-BARD-BOXLOOP; result of IsNull	boolean	API_CONTRACT	semantic-sdk:lua:global_function:_GLOBAL:IsNull; confidence=STOCK_BYTECODE; status=CONFIRMED; evidence=WF-STOCK-BARD-BOXLOOP; result of IsNull
40	172	v40_172	isEnabled	CORPUS_CATALOG	semantic-sdk:lua:method:EngineObject:IsEnabled; confidence=OBSERVED_STABLE_SHAPE; status=CATALOG_ONLY; evidence=; result of IsEnabled	boolean	CORPUS_CATALOG	semantic-sdk:lua:method:EngineObject:IsEnabled; confidence=OBSERVED_STABLE_SHAPE; status=CATALOG_ONLY; evidence=; result of IsEnabled
40	182	v40_182	isEnabled2	CORPUS_CATALOG	semantic-sdk:lua:method:EngineObject:IsEnabled; confidence=OBSERVED_STABLE_SHAPE; status=CATALOG_ONLY; evidence=; result of IsEnabled	boolean	CORPUS_CATALOG	semantic-sdk:lua:method:EngineObject:IsEnabled; confidence=OBSERVED_STABLE_SHAPE; status=CATALOG_ONLY; evidence=; result of IsEnabled
40	186	v40_186	captureProgress	STRUCTURAL	call result of GetCaptureProgress			
40	195	v40_195	alphaValue	STRUCTURAL	field read alpha			
40	198	v40_198	lerp	STRUCTURAL	call result of Lerp			
40	202	v40_202	alphaValue2	STRUCTURAL	field read alpha			
40	205	v40_205	lerp2	STRUCTURAL	call result of Lerp			
40	211	v40_211	alphaValue3	STRUCTURAL	field read alpha			
40	214	v40_214	mathAbs	STRUCTURAL	call result of math.abs			
40	215	v40_215	lerp3	STRUCTURAL	call result of Lerp			
40	218	v40_218	redValue	STRUCTURAL	field read red			
40	221	v40_221	mathAbs2	STRUCTURAL	call result of math.abs			
40	222	v40_222	lerp4	STRUCTURAL	call result of Lerp			
40	225	v40_225	greenValue	STRUCTURAL	field read green			
40	228	v40_228	mathAbs3	STRUCTURAL	call result of math.abs			
40	229	v40_229	lerp5	STRUCTURAL	call result of Lerp			
40	232	v40_232	blueValue	STRUCTURAL	field read blue			
40	235	v40_235	mathAbs4	STRUCTURAL	call result of math.abs			
40	236	v40_236	lerp6	STRUCTURAL	call result of Lerp			
40	239	v40_239	mathAbs5	STRUCTURAL	call result of math.abs			
40	246	v40_246	realDeltaTime	STRUCTURAL	call result of RealDeltaTime			
40	247	v40_247	realDeltaTime2	STRUCTURAL	call result of RealDeltaTime			
40	248	v40_248	realDeltaTime3	STRUCTURAL	call result of RealDeltaTime			
40	249	v40_249	realDeltaTime4	STRUCTURAL	call result of RealDeltaTime			
40	250	v40_250	realDeltaTime5	STRUCTURAL	call result of RealDeltaTime			
40	251	v40_251	realDeltaTime6	STRUCTURAL	call result of RealDeltaTime			
40	252	v40_252	realDeltaTime7	STRUCTURAL	call result of RealDeltaTime			
40	253	v40_253	realDeltaTime8	STRUCTURAL	call result of RealDeltaTime			
40	254	v40_254	realDeltaTime9	STRUCTURAL	call result of RealDeltaTime			
40	255	v40_255	realDeltaTime10	STRUCTURAL	call result of RealDeltaTime			
40	260	v40_260	val	STRUCTURAL	call result of GetVal			
40	261	v40_261	val2	STRUCTURAL	call result of GetVal			
40	262	v40_262	val3	STRUCTURAL	call result of GetVal			
40	263	v40_263	val4	STRUCTURAL	call result of GetVal			
40	264	v40_264	val5	STRUCTURAL	call result of GetVal			
40	265	v40_265	val6	STRUCTURAL	call result of GetVal			
40	266	v40_266	val7	STRUCTURAL	call result of GetVal			
40	267	v40_267	val8	STRUCTURAL	call result of GetVal			
40	268	v40_268	val9	STRUCTURAL	call result of GetVal			
40	269	v40_269	val10	STRUCTURAL	call result of GetVal			
40	273	v40_273	alphaValue4	STRUCTURAL	field read alpha			
40	278	v40_278	redValue2	STRUCTURAL	field read red			
40	280	v40_280	greenValue2	STRUCTURAL	field read green			
40	282	v40_282	blueValue2	STRUCTURAL	field read blue			
40	284	v40_284	alphaValue5	STRUCTURAL	field read alpha			
40	288	v40_288	value6	API_CONTRACT	semantic-sdk:lua:global_function:_GLOBAL:IsNull; confidence=STOCK_BYTECODE; status=CONFIRMED; evidence=WF-STOCK-BARD-BOXLOOP; argument 0 of IsNull			
40	290	v40_290	isNull6	API_CONTRACT	semantic-sdk:lua:global_function:_GLOBAL:IsNull; confidence=STOCK_BYTECODE; status=CONFIRMED; evidence=WF-STOCK-BARD-BOXLOOP; result of IsNull	boolean	API_CONTRACT	semantic-sdk:lua:global_function:_GLOBAL:IsNull; confidence=STOCK_BYTECODE; status=CONFIRMED; evidence=WF-STOCK-BARD-BOXLOOP; result of IsNull
40	292	v40_292	alphaValue6	STRUCTURAL	field read alpha			
40	297	v40_297	redValue3	STRUCTURAL	field read red			
40	299	v40_299	greenValue3	STRUCTURAL	field read green			
40	301	v40_301	blueValue3	STRUCTURAL	field read blue			
40	303	v40_303	alphaValue7	STRUCTURAL	field read alpha			
40	307	v40_307	value7	API_CONTRACT	semantic-sdk:lua:global_function:_GLOBAL:IsNull; confidence=STOCK_BYTECODE; status=CONFIRMED; evidence=WF-STOCK-BARD-BOXLOOP; argument 0 of IsNull			
40	309	v40_309	isNull7	API_CONTRACT	semantic-sdk:lua:global_function:_GLOBAL:IsNull; confidence=STOCK_BYTECODE; status=CONFIRMED; evidence=WF-STOCK-BARD-BOXLOOP; result of IsNull	boolean	API_CONTRACT	semantic-sdk:lua:global_function:_GLOBAL:IsNull; confidence=STOCK_BYTECODE; status=CONFIRMED; evidence=WF-STOCK-BARD-BOXLOOP; result of IsNull
40	311	v40_311	alphaValue8	STRUCTURAL	field read alpha			
40	316	v40_316	redValue4	STRUCTURAL	field read red			
40	318	v40_318	greenValue4	STRUCTURAL	field read green			
40	320	v40_320	blueValue4	STRUCTURAL	field read blue			
40	322	v40_322	alphaValue9	STRUCTURAL	field read alpha			
40	329	v40_329	mathAbs6	STRUCTURAL	call result of math.abs			
40	331	v40_331	deltaTime2	STRUCTURAL	call result of DeltaTime			
40	335	v40_335	mathMin	STRUCTURAL	call result of math.min			
40	338	v40_338	ipairs12	STRUCTURAL	call result of ipairs			
40	339	v40_339	ipairs22	STRUCTURAL	call result of ipairs			
40	340	v40_340	ipairs32	STRUCTURAL	call result of ipairs			
40	341	v40_341	value8	API_CONTRACT	semantic-sdk:lua:global_function:_GLOBAL:IsNull; confidence=STOCK_BYTECODE; status=CONFIRMED; evidence=WF-STOCK-BARD-BOXLOOP; argument 0 of IsNull			
40	343	v40_343	isNull8	API_CONTRACT	semantic-sdk:lua:global_function:_GLOBAL:IsNull; confidence=STOCK_BYTECODE; status=CONFIRMED; evidence=WF-STOCK-BARD-BOXLOOP; result of IsNull	boolean	API_CONTRACT	semantic-sdk:lua:global_function:_GLOBAL:IsNull; confidence=STOCK_BYTECODE; status=CONFIRMED; evidence=WF-STOCK-BARD-BOXLOOP; result of IsNull
40	349	v40_349	mathMin2	STRUCTURAL	call result of math.min			
40	356	v40_356	mathMin3	STRUCTURAL	call result of math.min			
41	1	v41_1	value	API_CONTRACT	semantic-sdk:lua:global_function:_GLOBAL:IsNull; confidence=STOCK_BYTECODE; status=CONFIRMED; evidence=WF-STOCK-BARD-BOXLOOP; argument 0 of IsNull			
41	3	v41_3	isNull	API_CONTRACT	semantic-sdk:lua:global_function:_GLOBAL:IsNull; confidence=STOCK_BYTECODE; status=CONFIRMED; evidence=WF-STOCK-BARD-BOXLOOP; result of IsNull	boolean	API_CONTRACT	semantic-sdk:lua:global_function:_GLOBAL:IsNull; confidence=STOCK_BYTECODE; status=CONFIRMED; evidence=WF-STOCK-BARD-BOXLOOP; result of IsNull
41	6	v41_6	agent	CORPUS_CATALOG	semantic-sdk:lua:method:AgentOrEntity:GetAgent; confidence=OBSERVED_STABLE_ARGS; status=CATALOG_ONLY; evidence=; result of GetAgent	Agent	CORPUS_CATALOG	semantic-sdk:lua:method:AgentOrEntity:GetAgent; confidence=OBSERVED_STABLE_ARGS; status=CATALOG_ONLY; evidence=; result of GetAgent
41	7	v41_7	value2	API_CONTRACT	semantic-sdk:lua:global_function:_GLOBAL:IsNull; confidence=STOCK_BYTECODE; status=CONFIRMED; evidence=WF-STOCK-BARD-BOXLOOP; argument 0 of IsNull			
41	9	v41_9	isNull2	API_CONTRACT	semantic-sdk:lua:global_function:_GLOBAL:IsNull; confidence=STOCK_BYTECODE; status=CONFIRMED; evidence=WF-STOCK-BARD-BOXLOOP; result of IsNull	boolean	API_CONTRACT	semantic-sdk:lua:global_function:_GLOBAL:IsNull; confidence=STOCK_BYTECODE; status=CONFIRMED; evidence=WF-STOCK-BARD-BOXLOOP; result of IsNull
41	10	v41_10	value3	API_CONTRACT	semantic-sdk:lua:global_function:_GLOBAL:IsNull; confidence=STOCK_BYTECODE; status=CONFIRMED; evidence=WF-STOCK-BARD-BOXLOOP; argument 0 of IsNull			
41	12	v41_12	isNull3	API_CONTRACT	semantic-sdk:lua:global_function:_GLOBAL:IsNull; confidence=STOCK_BYTECODE; status=CONFIRMED; evidence=WF-STOCK-BARD-BOXLOOP; result of IsNull	boolean	API_CONTRACT	semantic-sdk:lua:global_function:_GLOBAL:IsNull; confidence=STOCK_BYTECODE; status=CONFIRMED; evidence=WF-STOCK-BARD-BOXLOOP; result of IsNull
41	18	v41_18	isInRift	STRUCTURAL	call result of IsInRift			
41	22	v41_22	hasPostureModifier	CORPUS_CATALOG	semantic-sdk:lua:method:AvatarOrEntity:HasPostureModifier; confidence=OBSERVED_STABLE_SHAPE; status=CATALOG_ONLY; evidence=; result of HasPostureModifier	boolean	CORPUS_CATALOG	semantic-sdk:lua:method:AvatarOrEntity:HasPostureModifier; confidence=OBSERVED_STABLE_SHAPE; status=CATALOG_ONLY; evidence=; result of HasPostureModifier
42	2	v42_2	region	STRUCTURAL	exact engine global gRegion	Region	EXACT_EXPORT	exact engine global gRegion
42	5	v42_5	isMaster	CORPUS_CATALOG	semantic-sdk:lua:method:RegionOrEngineObject:IsMaster; confidence=OBSERVED_STABLE_SHAPE; status=CATALOG_ONLY; evidence=; result of IsMaster	boolean	CORPUS_CATALOG	semantic-sdk:lua:method:RegionOrEngineObject:IsMaster; confidence=OBSERVED_STABLE_SHAPE; status=CATALOG_ONLY; evidence=; result of IsMaster
42	6	v42_6	value	API_CONTRACT	semantic-sdk:lua:global_function:_GLOBAL:IsNull; confidence=STOCK_BYTECODE; status=CONFIRMED; evidence=WF-STOCK-BARD-BOXLOOP; argument 0 of IsNull			
42	8	v42_8	isNull	API_CONTRACT	semantic-sdk:lua:global_function:_GLOBAL:IsNull; confidence=STOCK_BYTECODE; status=CONFIRMED; evidence=WF-STOCK-BARD-BOXLOOP; result of IsNull	boolean	API_CONTRACT	semantic-sdk:lua:global_function:_GLOBAL:IsNull; confidence=STOCK_BYTECODE; status=CONFIRMED; evidence=WF-STOCK-BARD-BOXLOOP; result of IsNull
42	11	v42_11	isKilled	CORPUS_CATALOG	semantic-sdk:lua:method:AvatarOrEntity:IsKilled; confidence=OBSERVED_STABLE_SHAPE; status=CATALOG_ONLY; evidence=; result of IsKilled	boolean	CORPUS_CATALOG	semantic-sdk:lua:method:AvatarOrEntity:IsKilled; confidence=OBSERVED_STABLE_SHAPE; status=CATALOG_ONLY; evidence=; result of IsKilled
42	14	v42_14	agent	CORPUS_CATALOG	semantic-sdk:lua:method:AgentOrEntity:GetAgent; confidence=OBSERVED_STABLE_ARGS; status=CATALOG_ONLY; evidence=; result of GetAgent	Agent	CORPUS_CATALOG	semantic-sdk:lua:method:AgentOrEntity:GetAgent; confidence=OBSERVED_STABLE_ARGS; status=CATALOG_ONLY; evidence=; result of GetAgent
42	20	v42_20	faction	CORPUS_CATALOG	semantic-sdk:lua:method:AvatarOrEntity:GetFaction; confidence=OBSERVED_STABLE_ARGS; status=CATALOG_ONLY; evidence=; result of GetFaction	Faction	CORPUS_CATALOG	semantic-sdk:lua:method:AvatarOrEntity:GetFaction; confidence=OBSERVED_STABLE_ARGS; status=CATALOG_ONLY; evidence=; result of GetFaction
43	5	v43_5	avatarOrEntity	CORPUS_CATALOG	semantic-sdk:lua:method:AvatarOrEntity:IsKilled; confidence=OBSERVED_STABLE_SHAPE; status=CATALOG_ONLY; evidence=; receiver of IsKilled	AvatarOrEntity	CORPUS_CATALOG	semantic-sdk:lua:method:AvatarOrEntity:IsKilled; confidence=OBSERVED_STABLE_SHAPE; status=CATALOG_ONLY; evidence=; receiver of IsKilled
43	6	v43_6	engineObject	CORPUS_CATALOG	semantic-sdk:lua:method:EngineObject:Destroy; confidence=OBSERVED_STABLE_SHAPE; status=CATALOG_ONLY; evidence=; receiver of Destroy	EngineObject	CORPUS_CATALOG	semantic-sdk:lua:method:EngineObject:Destroy; confidence=OBSERVED_STABLE_SHAPE; status=CATALOG_ONLY; evidence=; receiver of Destroy
43	9	v43_9	ipairs1	STRUCTURAL	call result of ipairs			
43	10	v43_10	ipairs2	STRUCTURAL	call result of ipairs			
43	11	v43_11	ipairs3	STRUCTURAL	call result of ipairs			
43	15	v43_15	attachment	CORPUS_CATALOG	semantic-sdk:lua:method:AvatarOrEntity:GetAttachment; confidence=OBSERVED_VARIABLE_OR_OPEN; status=CATALOG_ONLY; evidence=; result of GetAttachment	AttachmentOrNil	CORPUS_CATALOG	semantic-sdk:lua:method:AvatarOrEntity:GetAttachment; confidence=OBSERVED_VARIABLE_OR_OPEN; status=CATALOG_ONLY; evidence=; result of GetAttachment
43	16	v43_16	value	API_CONTRACT	semantic-sdk:lua:global_function:_GLOBAL:IsNull; confidence=STOCK_BYTECODE; status=CONFIRMED; evidence=WF-STOCK-BARD-BOXLOOP; argument 0 of IsNull			
43	18	v43_18	isNull	API_CONTRACT	semantic-sdk:lua:global_function:_GLOBAL:IsNull; confidence=STOCK_BYTECODE; status=CONFIRMED; evidence=WF-STOCK-BARD-BOXLOOP; result of IsNull	boolean	API_CONTRACT	semantic-sdk:lua:global_function:_GLOBAL:IsNull; confidence=STOCK_BYTECODE; status=CONFIRMED; evidence=WF-STOCK-BARD-BOXLOOP; result of IsNull
43	20	v43_20	avatarOrEntity2	CORPUS_CATALOG	semantic-sdk:lua:method:AvatarOrEntity:GetAttachment; confidence=OBSERVED_VARIABLE_OR_OPEN; status=CATALOG_ONLY; evidence=; receiver of GetAttachment	AvatarOrEntity	CORPUS_CATALOG	semantic-sdk:lua:method:AvatarOrEntity:GetAttachment; confidence=OBSERVED_VARIABLE_OR_OPEN; status=CATALOG_ONLY; evidence=; receiver of GetAttachment
43	21	v43_21	value2	API_CONTRACT	semantic-sdk:lua:global_function:_GLOBAL:IsNull; confidence=STOCK_BYTECODE; status=CONFIRMED; evidence=WF-STOCK-BARD-BOXLOOP; argument 0 of IsNull			
43	23	v43_23	isNull2	API_CONTRACT	semantic-sdk:lua:global_function:_GLOBAL:IsNull; confidence=STOCK_BYTECODE; status=CONFIRMED; evidence=WF-STOCK-BARD-BOXLOOP; result of IsNull	boolean	API_CONTRACT	semantic-sdk:lua:global_function:_GLOBAL:IsNull; confidence=STOCK_BYTECODE; status=CONFIRMED; evidence=WF-STOCK-BARD-BOXLOOP; result of IsNull
43	29	v43_29	attach	STRUCTURAL	call result of Attach	EngineObject	CORPUS_CATALOG	semantic-sdk:lua:method:EngineObject:Destroy; confidence=OBSERVED_STABLE_SHAPE; status=CATALOG_ONLY; evidence=; receiver of Destroy
43	34	v43_34	attach2	STRUCTURAL	call result of Attach	EngineObject	CORPUS_CATALOG	semantic-sdk:lua:method:EngineObject:Destroy; confidence=OBSERVED_STABLE_SHAPE; status=CATALOG_ONLY; evidence=; receiver of Destroy
43	49	v43_49	value3	API_CONTRACT	semantic-sdk:lua:global_function:_GLOBAL:IsNull; confidence=STOCK_BYTECODE; status=CONFIRMED; evidence=WF-STOCK-BARD-BOXLOOP; argument 0 of IsNull			
43	51	v43_51	isNull3	API_CONTRACT	semantic-sdk:lua:global_function:_GLOBAL:IsNull; confidence=STOCK_BYTECODE; status=CONFIRMED; evidence=WF-STOCK-BARD-BOXLOOP; result of IsNull	boolean	API_CONTRACT	semantic-sdk:lua:global_function:_GLOBAL:IsNull; confidence=STOCK_BYTECODE; status=CONFIRMED; evidence=WF-STOCK-BARD-BOXLOOP; result of IsNull
43	54	v43_54	isKilled	CORPUS_CATALOG	semantic-sdk:lua:method:AvatarOrEntity:IsKilled; confidence=OBSERVED_STABLE_SHAPE; status=CATALOG_ONLY; evidence=; result of IsKilled	boolean	CORPUS_CATALOG	semantic-sdk:lua:method:AvatarOrEntity:IsKilled; confidence=OBSERVED_STABLE_SHAPE; status=CATALOG_ONLY; evidence=; result of IsKilled
43	68	v43_68	value4	API_CONTRACT	semantic-sdk:lua:global_function:_GLOBAL:IsNull; confidence=STOCK_BYTECODE; status=CONFIRMED; evidence=WF-STOCK-BARD-BOXLOOP; argument 0 of IsNull			
43	70	v43_70	isNull4	API_CONTRACT	semantic-sdk:lua:global_function:_GLOBAL:IsNull; confidence=STOCK_BYTECODE; status=CONFIRMED; evidence=WF-STOCK-BARD-BOXLOOP; result of IsNull	boolean	API_CONTRACT	semantic-sdk:lua:global_function:_GLOBAL:IsNull; confidence=STOCK_BYTECODE; status=CONFIRMED; evidence=WF-STOCK-BARD-BOXLOOP; result of IsNull
43	73	v43_73	value5	API_CONTRACT	semantic-sdk:lua:global_function:_GLOBAL:IsNull; confidence=STOCK_BYTECODE; status=CONFIRMED; evidence=WF-STOCK-BARD-BOXLOOP; argument 0 of IsNull			
43	75	v43_75	isNull5	API_CONTRACT	semantic-sdk:lua:global_function:_GLOBAL:IsNull; confidence=STOCK_BYTECODE; status=CONFIRMED; evidence=WF-STOCK-BARD-BOXLOOP; result of IsNull	boolean	API_CONTRACT	semantic-sdk:lua:global_function:_GLOBAL:IsNull; confidence=STOCK_BYTECODE; status=CONFIRMED; evidence=WF-STOCK-BARD-BOXLOOP; result of IsNull
43	78	v43_78	value6	API_CONTRACT	semantic-sdk:lua:global_function:_GLOBAL:IsNull; confidence=STOCK_BYTECODE; status=CONFIRMED; evidence=WF-STOCK-BARD-BOXLOOP; argument 0 of IsNull			
43	80	v43_80	isNull6	API_CONTRACT	semantic-sdk:lua:global_function:_GLOBAL:IsNull; confidence=STOCK_BYTECODE; status=CONFIRMED; evidence=WF-STOCK-BARD-BOXLOOP; result of IsNull	boolean	API_CONTRACT	semantic-sdk:lua:global_function:_GLOBAL:IsNull; confidence=STOCK_BYTECODE; status=CONFIRMED; evidence=WF-STOCK-BARD-BOXLOOP; result of IsNull
44	2	v44_2	ipairs1	STRUCTURAL	call result of ipairs			
44	3	v44_3	ipairs2	STRUCTURAL	call result of ipairs			
44	4	v44_4	ipairs3	STRUCTURAL	call result of ipairs			
44	10	v44_10	engineObject	CORPUS_CATALOG	semantic-sdk:lua:method:EngineObject:SetVisibility; confidence=OBSERVED_VARIABLE_OR_OPEN; status=CATALOG_ONLY; evidence=; receiver of SetVisibility	EngineObject	CORPUS_CATALOG	semantic-sdk:lua:method:EngineObject:SetVisibility; confidence=OBSERVED_VARIABLE_OR_OPEN; status=CATALOG_ONLY; evidence=; receiver of SetVisibility
44	13	v44_13	ipairs12	STRUCTURAL	call result of ipairs			
44	14	v44_14	ipairs22	STRUCTURAL	call result of ipairs			
44	15	v44_15	ipairs32	STRUCTURAL	call result of ipairs			
44	21	v44_21	attachments	STRUCTURAL	call result of GetAttachments			
44	24	v44_24	ipairs13	STRUCTURAL	call result of ipairs			
44	25	v44_25	ipairs23	STRUCTURAL	call result of ipairs			
44	26	v44_26	ipairs33	STRUCTURAL	call result of ipairs			
44	30	v44_30	isA	CORPUS_CATALOG	semantic-sdk:lua:method:EngineObject:IsA; confidence=OBSERVED_VARIABLE_OR_OPEN; status=CATALOG_ONLY; evidence=; result of IsA	boolean	CORPUS_CATALOG	semantic-sdk:lua:method:EngineObject:IsA; confidence=OBSERVED_VARIABLE_OR_OPEN; status=CATALOG_ONLY; evidence=; result of IsA
44	36	v44_36	engineObject2	CORPUS_CATALOG	semantic-sdk:lua:method:EngineObject:IsA; confidence=OBSERVED_VARIABLE_OR_OPEN; status=CATALOG_ONLY; evidence=; receiver of IsA	EngineObject	CORPUS_CATALOG	semantic-sdk:lua:method:EngineObject:IsA; confidence=OBSERVED_VARIABLE_OR_OPEN; status=CATALOG_ONLY; evidence=; receiver of IsA
45	0	v45_0	region	STRUCTURAL	exact engine global gRegion	Region	API_CONTRACT	semantic-sdk:lua:method:Region:GetLocalPlayerAvatar; confidence=LIVE_CONFIRMED; status=CONFIRMED; evidence=WF-LIVE-OCTAVIA-FLOAT-2026-08-27;WF-STOCK-GRAVITY-PAIR-CENSUS; receiver of GetLocalPlayerAvatar
45	3	v45_3	avatar_ref_or_null_unresolved	API_CONTRACT	semantic-sdk:lua:method:Region:GetLocalPlayerAvatar; confidence=LIVE_CONFIRMED; status=CONFIRMED; evidence=WF-LIVE-OCTAVIA-FLOAT-2026-08-27;WF-STOCK-GRAVITY-PAIR-CENSUS; result of GetLocalPlayerAvatar	Avatar_ref_or_null_unresolved	API_CONTRACT	semantic-sdk:lua:method:Region:GetLocalPlayerAvatar; confidence=LIVE_CONFIRMED; status=CONFIRMED; evidence=WF-LIVE-OCTAVIA-FLOAT-2026-08-27;WF-STOCK-GRAVITY-PAIR-CENSUS; result of GetLocalPlayerAvatar
45	4	v45_4	value	API_CONTRACT	semantic-sdk:lua:global_function:_GLOBAL:IsNull; confidence=STOCK_BYTECODE; status=CONFIRMED; evidence=WF-STOCK-BARD-BOXLOOP; argument 0 of IsNull			
45	6	v45_6	isNull	API_CONTRACT	semantic-sdk:lua:global_function:_GLOBAL:IsNull; confidence=STOCK_BYTECODE; status=CONFIRMED; evidence=WF-STOCK-BARD-BOXLOOP; result of IsNull	boolean	API_CONTRACT	semantic-sdk:lua:global_function:_GLOBAL:IsNull; confidence=STOCK_BYTECODE; status=CONFIRMED; evidence=WF-STOCK-BARD-BOXLOOP; result of IsNull
45	9	v45_9	inventoryControl	CORPUS_CATALOG	semantic-sdk:lua:method:Avatar:InventoryControl; confidence=OBSERVED_STABLE_ARGS; status=CATALOG_ONLY; evidence=; result of InventoryControl	InventoryControl	CORPUS_CATALOG	semantic-sdk:lua:method:Avatar:InventoryControl; confidence=OBSERVED_STABLE_ARGS; status=CATALOG_ONLY; evidence=; result of InventoryControl
45	30	v45_30	inventoryControl2	CORPUS_CATALOG	semantic-sdk:lua:method:Avatar:InventoryControl; confidence=OBSERVED_STABLE_ARGS; status=CATALOG_ONLY; evidence=; result of InventoryControl	InventoryControl	CORPUS_CATALOG	semantic-sdk:lua:method:Avatar:InventoryControl; confidence=OBSERVED_STABLE_ARGS; status=CATALOG_ONLY; evidence=; result of InventoryControl
45	34	v45_34	sharedState	STRUCTURAL	exact engine global _T			
46	0	v46_0	region	STRUCTURAL	exact engine global gRegion	Region	EXACT_EXPORT	exact engine global gRegion
46	3	v46_3	symbol	STRUCTURAL	call result of Symbol			
46	4	v46_4	symbol2	STRUCTURAL	call result of Symbol			
46	5	v46_5	symbol3	STRUCTURAL	call result of Symbol			
46	6	v46_6	symbol4	STRUCTURAL	call result of Symbol			
46	7	v46_7	symbol5	STRUCTURAL	call result of Symbol			
46	8	v46_8	symbol6	STRUCTURAL	call result of Symbol			
46	9	v46_9	symbol7	STRUCTURAL	call result of Symbol			
46	10	v46_10	symbol8	STRUCTURAL	call result of Symbol			
46	11	v46_11	symbol9	STRUCTURAL	call result of Symbol			
46	12	v46_12	symbol10	STRUCTURAL	call result of Symbol			
46	15	v46_15	tagged	STRUCTURAL	call result of FindTagged			
46	20	v46_20	region2	STRUCTURAL	exact engine global gRegion	Region	API_CONTRACT	semantic-sdk:lua:method:Region:GetLocalPlayerAvatar; confidence=LIVE_CONFIRMED; status=CONFIRMED; evidence=WF-LIVE-OCTAVIA-FLOAT-2026-08-27;WF-STOCK-GRAVITY-PAIR-CENSUS; receiver of GetLocalPlayerAvatar
46	23	v46_23	avatar	API_CONTRACT	semantic-sdk:lua:method:Avatar:GetPlayer; confidence=LIVE_CONFIRMED; status=CONFIRMED; evidence=WF-LIVE-MALLET-2026-08-23; receiver of GetPlayer			
46	24	v46_24	agentOrEngineObject	CORPUS_CATALOG	semantic-sdk:lua:method:AgentOrEngineObject:GetAvatar; confidence=OBSERVED_STABLE_ARGS; status=CATALOG_ONLY; evidence=; receiver of GetAvatar	AgentOrEngineObject	CORPUS_CATALOG	semantic-sdk:lua:method:AgentOrEngineObject:GetAvatar; confidence=OBSERVED_STABLE_ARGS; status=CATALOG_ONLY; evidence=; receiver of GetAvatar
46	25	v46_25	value	API_CONTRACT	semantic-sdk:lua:global_function:_GLOBAL:IsNull; confidence=STOCK_BYTECODE; status=CONFIRMED; evidence=WF-STOCK-BARD-BOXLOOP; argument 0 of IsNull			
46	27	v46_27	isNull	API_CONTRACT	semantic-sdk:lua:global_function:_GLOBAL:IsNull; confidence=STOCK_BYTECODE; status=CONFIRMED; evidence=WF-STOCK-BARD-BOXLOOP; result of IsNull	boolean	API_CONTRACT	semantic-sdk:lua:global_function:_GLOBAL:IsNull; confidence=STOCK_BYTECODE; status=CONFIRMED; evidence=WF-STOCK-BARD-BOXLOOP; result of IsNull
46	30	v46_30	playerHandle	API_CONTRACT	semantic-sdk:lua:method:Avatar:GetPlayer; confidence=LIVE_CONFIRMED; status=CONFIRMED; evidence=WF-LIVE-MALLET-2026-08-23; result of GetPlayer	PlayerHandle|unknown	API_CONTRACT	semantic-sdk:lua:method:Avatar:GetPlayer; confidence=LIVE_CONFIRMED; status=CONFIRMED; evidence=WF-LIVE-MALLET-2026-08-23; result of GetPlayer
46	33	v46_33	inventoryControl	CORPUS_CATALOG	semantic-sdk:lua:method:Avatar:InventoryControl; confidence=OBSERVED_STABLE_ARGS; status=CATALOG_ONLY; evidence=; result of InventoryControl	InventoryControl	CORPUS_CATALOG	semantic-sdk:lua:method:Avatar:InventoryControl; confidence=OBSERVED_STABLE_ARGS; status=CATALOG_ONLY; evidence=; result of InventoryControl
46	54	v46_54	inventoryControl2	CORPUS_CATALOG	semantic-sdk:lua:method:Avatar:InventoryControl; confidence=OBSERVED_STABLE_ARGS; status=CATALOG_ONLY; evidence=; result of InventoryControl	InventoryControl	CORPUS_CATALOG	semantic-sdk:lua:method:Avatar:InventoryControl; confidence=OBSERVED_STABLE_ARGS; status=CATALOG_ONLY; evidence=; result of InventoryControl
46	62	v46_62	region3	STRUCTURAL	exact engine global gRegion	Region	EXACT_EXPORT	exact engine global gRegion
46	65	v46_65	vector	STRUCTURAL	call result of Vector			
46	66	v46_66	vector2	STRUCTURAL	call result of Vector			
46	67	v46_67	vector3	STRUCTURAL	call result of Vector			
46	68	v46_68	vector4	STRUCTURAL	call result of Vector			
46	69	v46_69	vector5	STRUCTURAL	call result of Vector			
46	70	v46_70	vector6	STRUCTURAL	call result of Vector			
46	73	v46_73	nearest	STRUCTURAL	call result of FindNearest			
46	94	v46_94	sharedState	STRUCTURAL	exact engine global _T			
46	99	v46_99	value2	API_CONTRACT	semantic-sdk:lua:global_function:_GLOBAL:IsNull; confidence=STOCK_BYTECODE; status=CONFIRMED; evidence=WF-STOCK-BARD-BOXLOOP; argument 0 of IsNull			
46	101	v46_101	isNull2	API_CONTRACT	semantic-sdk:lua:global_function:_GLOBAL:IsNull; confidence=STOCK_BYTECODE; status=CONFIRMED; evidence=WF-STOCK-BARD-BOXLOOP; result of IsNull	boolean	API_CONTRACT	semantic-sdk:lua:global_function:_GLOBAL:IsNull; confidence=STOCK_BYTECODE; status=CONFIRMED; evidence=WF-STOCK-BARD-BOXLOOP; result of IsNull
46	106	v46_106	region4	STRUCTURAL	exact engine global gRegion	Region	EXACT_EXPORT	exact engine global gRegion
46	109	v46_109	symbol11	STRUCTURAL	call result of Symbol			
46	110	v46_110	symbol12	STRUCTURAL	call result of Symbol			
46	111	v46_111	symbol13	STRUCTURAL	call result of Symbol			
46	112	v46_112	symbol14	STRUCTURAL	call result of Symbol			
46	113	v46_113	symbol15	STRUCTURAL	call result of Symbol			
46	114	v46_114	symbol16	STRUCTURAL	call result of Symbol			
46	117	v46_117	tagged2	STRUCTURAL	call result of FindTagged			
46	118	v46_118	value3	API_CONTRACT	semantic-sdk:lua:global_function:_GLOBAL:IsNull; confidence=STOCK_BYTECODE; status=CONFIRMED; evidence=WF-STOCK-BARD-BOXLOOP; argument 0 of IsNull			
46	120	v46_120	isNull3	API_CONTRACT	semantic-sdk:lua:global_function:_GLOBAL:IsNull; confidence=STOCK_BYTECODE; status=CONFIRMED; evidence=WF-STOCK-BARD-BOXLOOP; result of IsNull	boolean	API_CONTRACT	semantic-sdk:lua:global_function:_GLOBAL:IsNull; confidence=STOCK_BYTECODE; status=CONFIRMED; evidence=WF-STOCK-BARD-BOXLOOP; result of IsNull
46	123	v46_123	miniMap	STRUCTURAL	call result of GetMiniMap			
46	129	v46_129	avatar2	CORPUS_CATALOG	semantic-sdk:lua:method:AgentOrEngineObject:GetAvatar; confidence=OBSERVED_STABLE_ARGS; status=CATALOG_ONLY; evidence=; result of GetAvatar	Avatar	CORPUS_CATALOG	semantic-sdk:lua:method:AgentOrEngineObject:GetAvatar; confidence=OBSERVED_STABLE_ARGS; status=CATALOG_ONLY; evidence=; result of GetAvatar
46	131	v46_131	value4	API_CONTRACT	semantic-sdk:lua:global_function:_GLOBAL:IsNull; confidence=STOCK_BYTECODE; status=CONFIRMED; evidence=WF-STOCK-BARD-BOXLOOP; argument 0 of IsNull			
46	133	v46_133	isNull4	API_CONTRACT	semantic-sdk:lua:global_function:_GLOBAL:IsNull; confidence=STOCK_BYTECODE; status=CONFIRMED; evidence=WF-STOCK-BARD-BOXLOOP; result of IsNull	boolean	API_CONTRACT	semantic-sdk:lua:global_function:_GLOBAL:IsNull; confidence=STOCK_BYTECODE; status=CONFIRMED; evidence=WF-STOCK-BARD-BOXLOOP; result of IsNull
46	136	v46_136	zone	STRUCTURAL	call result of GetZone			
46	137	v46_137	zone2	STRUCTURAL	call result of GetZone			
46	138	v46_138	zone3	STRUCTURAL	call result of GetZone			
46	139	v46_139	zone4	STRUCTURAL	call result of GetZone			
46	140	v46_140	zone5	STRUCTURAL	call result of GetZone			
46	141	v46_141	zone6	STRUCTURAL	call result of GetZone			
46	143	v46_143	isNull5	API_CONTRACT	semantic-sdk:lua:global_function:_GLOBAL:IsNull; confidence=STOCK_BYTECODE; status=CONFIRMED; evidence=WF-STOCK-BARD-BOXLOOP; result of IsNull	boolean	API_CONTRACT	semantic-sdk:lua:global_function:_GLOBAL:IsNull; confidence=STOCK_BYTECODE; status=CONFIRMED; evidence=WF-STOCK-BARD-BOXLOOP; result of IsNull
46	146	v46_146	zone7	STRUCTURAL	call result of GetZone			
46	149	v46_149	scope	STRUCTURAL	call result of GetScope			
46	153	v46_153	zone8	STRUCTURAL	call result of GetZone			
46	156	v46_156	scope2	STRUCTURAL	call result of GetScope			
46	161	v46_161	ipairs1	STRUCTURAL	call result of ipairs			
46	162	v46_162	ipairs2	STRUCTURAL	call result of ipairs			
46	163	v46_163	ipairs3	STRUCTURAL	call result of ipairs			
47	1	v47_1	avatarOrEntity	CORPUS_CATALOG	semantic-sdk:lua:method:AvatarOrEntity:GetSimPosition; confidence=OBSERVED_STABLE_ARGS; status=CATALOG_ONLY; evidence=; receiver of GetSimPosition	AvatarOrEntity	CORPUS_CATALOG	semantic-sdk:lua:method:AvatarOrEntity:GetSimPosition; confidence=OBSERVED_STABLE_ARGS; status=CATALOG_ONLY; evidence=; receiver of GetSimPosition
47	2	v47_2	value	API_CONTRACT	semantic-sdk:lua:global_function:_GLOBAL:IsNull; confidence=STOCK_BYTECODE; status=CONFIRMED; evidence=WF-STOCK-BARD-BOXLOOP; argument 0 of IsNull			
47	4	v47_4	isNull	API_CONTRACT	semantic-sdk:lua:global_function:_GLOBAL:IsNull; confidence=STOCK_BYTECODE; status=CONFIRMED; evidence=WF-STOCK-BARD-BOXLOOP; result of IsNull	boolean	API_CONTRACT	semantic-sdk:lua:global_function:_GLOBAL:IsNull; confidence=STOCK_BYTECODE; status=CONFIRMED; evidence=WF-STOCK-BARD-BOXLOOP; result of IsNull
47	5	v47_5	value2	API_CONTRACT	semantic-sdk:lua:global_function:_GLOBAL:IsNull; confidence=STOCK_BYTECODE; status=CONFIRMED; evidence=WF-STOCK-BARD-BOXLOOP; argument 0 of IsNull			
47	7	v47_7	isNull2	API_CONTRACT	semantic-sdk:lua:global_function:_GLOBAL:IsNull; confidence=STOCK_BYTECODE; status=CONFIRMED; evidence=WF-STOCK-BARD-BOXLOOP; result of IsNull	boolean	API_CONTRACT	semantic-sdk:lua:global_function:_GLOBAL:IsNull; confidence=STOCK_BYTECODE; status=CONFIRMED; evidence=WF-STOCK-BARD-BOXLOOP; result of IsNull
47	10	v47_10	entity	CORPUS_CATALOG	semantic-sdk:lua:method:AttachmentOrEntity:GetAttachParent; confidence=OBSERVED_STABLE_ARGS; status=CATALOG_ONLY; evidence=; result of GetAttachParent	Entity	CORPUS_CATALOG	semantic-sdk:lua:method:AttachmentOrEntity:GetAttachParent; confidence=OBSERVED_STABLE_ARGS; status=CATALOG_ONLY; evidence=; result of GetAttachParent
47	13	v47_13	value3	API_CONTRACT	semantic-sdk:lua:global_function:_GLOBAL:IsNull; confidence=STOCK_BYTECODE; status=CONFIRMED; evidence=WF-STOCK-BARD-BOXLOOP; argument 0 of IsNull			
47	15	v47_15	isNull3	API_CONTRACT	semantic-sdk:lua:global_function:_GLOBAL:IsNull; confidence=STOCK_BYTECODE; status=CONFIRMED; evidence=WF-STOCK-BARD-BOXLOOP; result of IsNull	boolean	API_CONTRACT	semantic-sdk:lua:global_function:_GLOBAL:IsNull; confidence=STOCK_BYTECODE; status=CONFIRMED; evidence=WF-STOCK-BARD-BOXLOOP; result of IsNull
47	16	v47_16	region	STRUCTURAL	exact engine global gRegion	Region	EXACT_EXPORT	exact engine global gRegion
47	20	v47_20	vector3	CORPUS_CATALOG	semantic-sdk:lua:method:AvatarOrEntity:GetSimPosition; confidence=OBSERVED_STABLE_ARGS; status=CATALOG_ONLY; evidence=; result of GetSimPosition	Vector3	CORPUS_CATALOG	semantic-sdk:lua:method:AvatarOrEntity:GetSimPosition; confidence=OBSERVED_STABLE_ARGS; status=CATALOG_ONLY; evidence=; result of GetSimPosition
47	21	v47_21	vector32	CORPUS_CATALOG	semantic-sdk:lua:method:AvatarOrEntity:GetSimPosition; confidence=OBSERVED_STABLE_ARGS; status=CATALOG_ONLY; evidence=; result of GetSimPosition	Vector3	CORPUS_CATALOG	semantic-sdk:lua:method:AvatarOrEntity:GetSimPosition; confidence=OBSERVED_STABLE_ARGS; status=CATALOG_ONLY; evidence=; result of GetSimPosition
47	24	v47_24	nearestTagged	STRUCTURAL	call result of FindNearestTagged			
47	25	v47_25	value4	API_CONTRACT	semantic-sdk:lua:global_function:_GLOBAL:IsNull; confidence=STOCK_BYTECODE; status=CONFIRMED; evidence=WF-STOCK-BARD-BOXLOOP; argument 0 of IsNull			
47	27	v47_27	isNull4	API_CONTRACT	semantic-sdk:lua:global_function:_GLOBAL:IsNull; confidence=STOCK_BYTECODE; status=CONFIRMED; evidence=WF-STOCK-BARD-BOXLOOP; result of IsNull	boolean	API_CONTRACT	semantic-sdk:lua:global_function:_GLOBAL:IsNull; confidence=STOCK_BYTECODE; status=CONFIRMED; evidence=WF-STOCK-BARD-BOXLOOP; result of IsNull
47	32	v47_32	symbol	STRUCTURAL	call result of Symbol			
48	3	v48_3	symbol	STRUCTURAL	call result of Symbol			
48	6	v48_6	symbol2	STRUCTURAL	call result of Symbol			
48	9	v48_9	symbol3	STRUCTURAL	call result of Symbol			
48	12	v48_12	symbol4	STRUCTURAL	call result of Symbol			
48	15	v48_15	symbol5	STRUCTURAL	call result of Symbol			
48	18	v48_18	symbol6	STRUCTURAL	call result of Symbol			
48	21	v48_21	symbol7	STRUCTURAL	call result of Symbol			
48	24	v48_24	symbol8	STRUCTURAL	call result of Symbol			
48	27	v48_27	symbol9	STRUCTURAL	call result of Symbol			
48	30	v48_30	symbol10	STRUCTURAL	call result of Symbol			
48	33	v48_33	symbol11	STRUCTURAL	call result of Symbol			
48	36	v48_36	symbol12	STRUCTURAL	call result of Symbol			
48	39	v48_39	symbol13	STRUCTURAL	call result of Symbol			
48	42	v48_42	symbol14	STRUCTURAL	call result of Symbol			
48	45	v48_45	symbol15	STRUCTURAL	call result of Symbol			
48	48	v48_48	symbol16	STRUCTURAL	call result of Symbol			
48	51	v48_51	symbol17	STRUCTURAL	call result of Symbol			
48	54	v48_54	symbol18	STRUCTURAL	call result of Symbol			
48	57	v48_57	require2	STRUCTURAL	call result of require			
48	60	v48_60	require3	STRUCTURAL	call result of require			
48	63	v48_63	require4	STRUCTURAL	call result of require			
48	66	v48_66	require5	STRUCTURAL	call result of require			
48	69	v48_69	require6	STRUCTURAL	call result of require			
48	72	v48_72	require7	STRUCTURAL	call result of require			
48	75	v48_75	require8	STRUCTURAL	call result of require			
48	77	v48_77	region	STRUCTURAL	exact engine global gRegion	Region	EXACT_EXPORT	exact engine global gRegion
48	80	v48_80	npcManager	CORPUS_CATALOG	semantic-sdk:lua:method:Region:GetNpcMgr; confidence=OBSERVED_STABLE_SHAPE; status=CATALOG_ONLY; evidence=; result of GetNpcMgr	NpcManager	CORPUS_CATALOG	semantic-sdk:lua:method:Region:GetNpcMgr; confidence=OBSERVED_STABLE_SHAPE; status=CATALOG_ONLY; evidence=; result of GetNpcMgr
48	83	v48_83	aiDirector	CORPUS_CATALOG	semantic-sdk:lua:method:Region:GetAiDirector; confidence=OBSERVED_STABLE_SHAPE; status=CATALOG_ONLY; evidence=; result of GetAiDirector	AiDirector	CORPUS_CATALOG	semantic-sdk:lua:method:Region:GetAiDirector; confidence=OBSERVED_STABLE_SHAPE; status=CATALOG_ONLY; evidence=; result of GetAiDirector
48	90	v48_90	tableValue	STRUCTURAL	verified NEWTABLE value			
48	91	v48_91	tableValue2	STRUCTURAL	verified NEWTABLE value			
48	92	v48_92	tableValue3	STRUCTURAL	verified NEWTABLE value			
48	138	v48_138	territoryHUDFunction	EXACT_EXPORT	global store TerritoryHUD			
48	142	v48_142	territoryFunction	EXACT_EXPORT	global store Territory			
48	143	v48_143	onPlayerCapturedFunction	EXACT_EXPORT	global store OnPlayerCaptured			
48	144	v48_144	onEnemyCapturedFunction	EXACT_EXPORT	global store OnEnemyCaptured			
48	145	v48_145	onNeutralizedFunction	EXACT_EXPORT	global store OnNeutralized			
48	146	v48_146	onTouchedFunction	EXACT_EXPORT	global store OnTouched			
48	147	v48_147	territoryDecorationFunction	EXACT_EXPORT	global store TerritoryDecoration			
48	148	v48_148	monitorHackingFunction	EXACT_EXPORT	global store MonitorHacking			
48	149	v48_149	territoryHackActionFunction	EXACT_EXPORT	global store TerritoryHackAction			
48	150	v48_150	territorySpaceHackFunction	EXACT_EXPORT	global store TerritorySpaceHack			
48	151	v48_151	enablePointFunction	EXACT_EXPORT	global store EnablePoint			
48	152	v48_152	activateTerritoryModeFunction	EXACT_EXPORT	global store ActivateTerritoryMode			
48	153	v48_153	territoryGrabModuleFunction	EXACT_EXPORT	global store TerritoryGrabModule			
48	154	v48_154	beamInitFunction	EXACT_EXPORT	global store BeamInit			
